Protocolo,Total_Tx,Throughput_Med,Throughput_Norm,Fluxo_ID,Fluxos
Vegas++MLP23,125.645809173584,0.0698032273186578,0.0073195087681834,Fluxo1,5
Vegas++MLP23,122.5061378479,0.0680589654710558,0.00713660691137887,Fluxo2,5
Vegas++MLP23,120.198787689209,0.0667771042717828,0.00700219200467491,Fluxo3,5
Vegas++MLP23,132.819595336914,0.0737886640760634,0.00773741837510888,Fluxo4,5
Vegas++MLP23,134.471694946289,0.0747064971923828,0.00783366159767452,Fluxo5,5
Vegas++CNN123,30.5429496765137,0.0169683053758409,0.0017792824880818,Fluxo6,5
Vegas++CNN123,26.3119354248047,0.0146177419026693,0.00153280434354689,Fluxo7,5
Vegas++CNN123,26.1647682189941,0.0145359823438856,0.00152423110373567,Fluxo8,5
Vegas++CNN123,30.6297607421875,0.0170165337456597,0.0017843396751106,Fluxo9,5
Vegas++CNN123,28.4314041137695,0.0157952245076497,0.00165627419705658,Fluxo10,5
Vegas++CNN13,91.4203071594238,0.0507890595330132,0.00532569883742772,Fluxo11,5
Vegas++CNN13,85.3839988708496,0.0474355549282498,0.00497405311413395,Fluxo12,5
Vegas++CNN13,87.5979461669922,0.048665525648329,0.00510302682804448,Fluxo13,5
Vegas++CNN13,86.9131507873535,0.048285083770752,0.00506313400695761,Fluxo14,5
Vegas++CNN13,90.0778884887695,0.0500432713826497,0.00524749610790531,Fluxo15,5
Vegas,10.1110954284668,0.00561727523803711,0.000589022842316665,Fluxo16,5
Vegas,10.3749732971191,0.00576387405395508,0.000604395073082134,Fluxo17,5
Vegas,9.82270431518555,0.00545705795288086,0.000572222590113967,Fluxo18,5
Vegas,10.423999786377,0.00579111099243164,0.000607251115956593,Fluxo19,5
Vegas,10.1803092956543,0.00565572738647461,0.000593054902845313,Fluxo20,5
NewReno,10.860912322998,0.00603384017944336,0.00063270349804368,Fluxo21,5
NewReno,10.5018653869629,0.00583436965942383,0.000611787184051321,Fluxo22,5
NewReno,10.3807411193848,0.0057670783996582,0.000604731078126188,Fluxo23,5
NewReno,9.94094467163086,0.00552274703979492,0.000579110693517073,Fluxo24,5
NewReno,9.94671249389648,0.00552595138549805,0.000579446698561127,Fluxo25,5
Cubic,27.4784126281738,0.0152657847934299,0.00160075758587231,Fluxo26,5
Cubic,24.2527770996094,0.0134737650553385,0.00141284787611293,Fluxo27,5
Cubic,19.1167907714844,0.0106204393174913,0.00111365049572084,Fluxo28,5
Cubic,19.3000602722168,0.0107222557067871,0.0011243268782152,Fluxo29,5
Cubic,21.5273361206055,0.0119596311781141,0.00125407704822622,Fluxo30,5
Bbr,3.250244140625,0.00180569118923611,0.000189343286835571,Fluxo31,5
Bbr,3.13141250610352,0.00173967361450195,0.000182420738470939,Fluxo32,5
Bbr,1.51848220825195,0.000843601226806641,8.84593279372775E-05,Fluxo33,5
Bbr,2.78884506225586,0.00154935836791992,0.000162464438890162,Fluxo34,5
Bbr,1.39447402954102,0.000774707794189453,8.12352194901174E-05,Fluxo35,5
Vegas++MLP23,104.019451141357,0.0577885839674208,0.00605966318891647,Fluxo36,10
Vegas++MLP23,110.387413024902,0.0613263405693902,0.00643062942446891,Fluxo37,10
Vegas++MLP23,103.714336395264,0.0576190757751465,0.00604188869986646,Fluxo38,10
Vegas++MLP23,104.64164352417,0.0581342464023166,0.00609590906636712,Fluxo39,10
Vegas++MLP23,104.411354064941,0.0580063078138563,0.00608249353164192,Fluxo40,10
Vegas++MLP23,117.125499725342,0.0650697220696343,0.00682315731703483,Fluxo41,10
Vegas++MLP23,104.387672424316,0.0579931513468425,0.00608111395537639,Fluxo42,10
Vegas++MLP23,90.3614730834961,0.0502008183797201,0.00526401635590463,Fluxo43,10
Vegas++MLP23,96.4937934875488,0.0536076630486382,0.00562125527427367,Fluxo44,10
Vegas++MLP23,103.162754058838,0.0573126411437988,0.00600975621749878,Fluxo45,10
Vegas++CNN123,25.2435417175293,0.0140241898430718,0.00147056496477485,Fluxo46,10
Vegas++CNN123,26.7428016662598,0.014857112036811,0.00155790449812417,Fluxo47,10
Vegas++CNN123,28.4271621704102,0.0157928678724501,0.00165602708223582,Fluxo48,10
Vegas++CNN123,25.2543640136719,0.0140302022298177,0.00147119541868357,Fluxo49,10
Vegas++CNN123,24.2636070251465,0.0134797816806369,0.00141347877447276,Fluxo50,10
Vegas++CNN123,26.2809677124023,0.0146005376180013,0.00153100031646512,Fluxo51,10
Vegas++CNN123,26.3953514099121,0.0146640841166178,0.00153766374982885,Fluxo52,10
Vegas++CNN123,24.714527130127,0.0137302928500705,0.00143974716880969,Fluxo53,10
Vegas++CNN123,28.8558464050293,0.0160310257805718,0.00168100012379379,Fluxo54,10
Vegas++CNN123,30.9076042175293,0.0171708912319607,0.00180052547364477,Fluxo55,10
Vegas++CNN13,90.408576965332,0.0502269872029622,0.00526676039709773,Fluxo56,10
Vegas++CNN13,83.3392715454102,0.0462995953030056,0.00485493732598679,Fluxo57,10
Vegas++CNN13,91.8059501647949,0.0510033056471083,0.00534816450801211,Fluxo58,10
Vegas++CNN13,86.0631904602051,0.0478128835890028,0.00501361948587577,Fluxo59,10
Vegas++CNN13,83.563663482666,0.04642425749037,0.00486800929999895,Fluxo60,10
Vegas++CNN13,84.0578155517578,0.0466987864176432,0.00489679617658738,Fluxo61,10
Vegas++CNN13,87.6400108337402,0.0486888949076335,0.00510547730927516,Fluxo62,10
Vegas++CNN13,81.715404510498,0.0453974469502767,0.00476033879477767,Fluxo63,10
Vegas++CNN13,84.5701065063477,0.0469833925035265,0.00492663973570523,Fluxo64,10
Vegas++CNN13,82.5035171508789,0.0458352873060438,0.00480625037288382,Fluxo65,10
Vegas,10.0332298278809,0.00557401657104492,0.000584486774221937,Fluxo66,10
Vegas,10.1384925842285,0.00563249588012695,0.000590618866275922,Fluxo67,10
Vegas,10.1327247619629,0.00562929153442383,0.000590282861231868,Fluxo68,10
Vegas,10.2221260070801,0.00567895889282227,0.000595490939414704,Fluxo69,10
Vegas,10.1875190734863,0.00565973281860352,0.00059347490915038,Fluxo70,10
Vegas,9.28773880004883,0.00515985488891602,0.000541058122277962,Fluxo71,10
Vegas,9.58478164672852,0.00532487869262695,0.000558362382046741,Fluxo72,10
Vegas,10.1875190734863,0.00565973281860352,0.00059347490915038,Fluxo73,10
Vegas,9.66985702514648,0.00537214279174805,0.000563318456446537,Fluxo74,10
Vegas,9.91354751586914,0.00550752639770508,0.000577514669557817,Fluxo75,10
NewReno,10.4903297424316,0.00582796096801758,0.000611115173963213,Fluxo76,10
NewReno,10.6258735656738,0.00590326309204102,0.000619011292498481,Fluxo77,10
NewReno,10.5191688537598,0.0058439826965332,0.000612795199183483,Fluxo78,10
NewReno,9.73618698120117,0.00540899276733398,0.000567182514453158,Fluxo79,10
NewReno,10.062068939209,0.00559003829956055,0.000586166799442206,Fluxo80,10
NewReno,10.2769203186035,0.00570940017700195,0.000598682987333217,Fluxo81,10
NewReno,9.8111686706543,0.00545064926147461,0.000571550580025859,Fluxo82,10
NewReno,9.74916458129883,0.00541620254516602,0.000567938525802279,Fluxo83,10
NewReno,9.79963302612305,0.00544424057006836,0.000570878569937751,Fluxo84,10
NewReno,9.70302200317383,0.00539056777954102,0.000565250485449848,Fluxo85,10
Cubic,25.0410194396973,0.0139116774664985,0.00145876700988806,Fluxo86,10
Cubic,23.9412612915039,0.0133007007175022,0.0013947004925762,Fluxo87,10
Cubic,26.3273735046387,0.0146263186136882,0.00153370369038107,Fluxo88,10
Cubic,20.485424041748,0.0113807911343045,0.00119338035927946,Fluxo89,10
Cubic,20.1752624511719,0.0112084791395399,0.0011753118658159,Fluxo90,10
Cubic,24.8725700378418,0.0138180944654677,0.00144895397368744,Fluxo91,10
Cubic,19.0874252319336,0.010604125128852,0.00111193980337353,Fluxo92,10
Cubic,20.9505615234375,0.0116392008463542,0.00122047698827194,Fluxo93,10
Cubic,20.6615142822266,0.0114786190456814,0.00120363851327322,Fluxo94,10
Cubic,19.0834350585937,0.0106019083658854,0.00111170735543961,Fluxo95,10
Bbr,4.08408737182617,0.00226893742879232,0.000237918904933867,Fluxo96,10
Bbr,1.48325729370117,0.000824031829833984,8.64072971325194E-05,Fluxo97,10
Bbr,1.61685943603516,0.000898255242241753,9.4190302858645E-05,Fluxo98,10
Bbr,1.38005447387695,0.000766696929931641,8.03952068799824E-05,Fluxo99,10
Bbr,1.58065032958984,0.000878139071994358,9.20809378598617E-05,Fluxo100,10
Bbr,1.66518020629883,0.00092510011461046,9.70052340048298E-05,Fluxo101,10
Bbr,1.49582290649414,0.000831012725830078,8.71393081213512E-05,Fluxo102,10
Bbr,1.64957046508789,0.000916428036159939,9.60958870205251E-05,Fluxo103,10
Bbr,3.10607528686523,0.0017255973815918,0.00018094471631313,Fluxo104,10
Bbr,1.42475509643555,0.000791530609130859,8.29992459714006E-05,Fluxo105,10
Vegas++MLP23,83.693920135498,0.0464966222974989,0.0048755974139105,Fluxo106,20
Vegas++MLP23,85.096752166748,0.0472759734259711,0.00495731952959872,Fluxo107,20
Vegas++MLP23,74.3638648986816,0.0413132582770454,0.00433207414351502,Fluxo108,20
Vegas++MLP23,77.1736831665039,0.0428742684258355,0.00449576037852437,Fluxo109,20
Vegas++MLP23,72.0548286437988,0.040030460357666,0.00419756101311432,Fluxo110,20
Vegas++MLP23,77.3361701965332,0.042964538998074,0.00450522607617746,Fluxo111,20
Vegas++MLP23,76.9631500244141,0.0427573055691189,0.00448349574996528,Fluxo112,20
Vegas++MLP23,67.0898399353027,0.0372721332973904,0.00390832511559575,Fluxo113,20
Vegas++MLP23,68.1907157897949,0.0378837309943305,0.00397245674499617,Fluxo114,20
Vegas++MLP23,69.6026268005371,0.0386681260002984,0.00405470775751299,Fluxo115,20
Vegas++MLP23,74.2433319091797,0.0412462955050998,0.00432505248255142,Fluxo116,20
Vegas++MLP23,67.8401298522949,0.0376889610290527,0.00395203332729198,Fluxo117,20
Vegas++MLP23,78.2937812805176,0.0434965451558431,0.00456101180251275,Fluxo118,20
Vegas++MLP23,68.2785606384277,0.0379325336880154,0.00397757415515125,Fluxo119,20
Vegas++MLP23,72.7085342407227,0.0403936301337348,0.00423564269590156,Fluxo120,20
Vegas++MLP23,73.2305030822754,0.0406836128234863,0.00426605004126065,Fluxo121,20
Vegas++MLP23,70.7844161987305,0.0393246756659614,0.00412355301322918,Fluxo122,20
Vegas++MLP23,74.7626762390137,0.0415348201327854,0.00435530693672644,Fluxo123,20
Vegas++MLP23,76.6704940795898,0.0425947189331055,0.00446644704958848,Fluxo124,20
Vegas++MLP23,70.6351013183594,0.0392417229546441,0.00411485466042867,Fluxo125,20
Vegas++CNN123,25.1793327331543,0.0139885181850857,0.00146682446417861,Fluxo126,20
Vegas++CNN123,29.0690040588379,0.0161494466993544,0.00169341764353694,Fluxo127,20
Vegas++CNN123,26.0541648864746,0.0144745360480415,0.00151778789590016,Fluxo128,20
Vegas++CNN123,21.8492622375488,0.0121384790208605,0.00127283088531138,Fluxo129,20
Vegas++CNN123,26.9915962219238,0.0149953312344021,0.00157239804903237,Fluxo130,20
Vegas++CNN123,31.0932731628418,0.0172740406460232,0.00181134163601527,Fluxo131,20
Vegas++CNN123,29.3586196899414,0.0163103442721897,0.00171028923014383,Fluxo132,20
Vegas++CNN123,24.6651725769043,0.0137028736538357,0.00143687201453723,Fluxo133,20
Vegas++CNN123,27.790397644043,0.0154391098022461,0.00161893230315271,Fluxo134,20
Vegas++CNN123,30.5440216064453,0.0169689008924696,0.00177934493346367,Fluxo135,20
Vegas++CNN123,31.1223106384277,0.0172901725769043,0.00181303321696457,Fluxo136,20
Vegas++CNN123,23.3654632568359,0.0129808129204644,0.00136115732236483,Fluxo137,20
Vegas++CNN123,29.9570693969727,0.0166428163316515,0.00174515197572001,Fluxo138,20
Vegas++CNN123,29.7507820129395,0.0165282122294108,0.00173313468420724,Fluxo139,20
Vegas++CNN123,28.5796852111816,0.0158776028951009,0.0016649123267308,Fluxo140,20
Vegas++CNN123,29.7277183532715,0.0165153990851508,0.00173179110848214,Fluxo141,20
Vegas++CNN123,25.0027732849121,0.0138904296027289,0.00145653897644118,Fluxo142,20
Vegas++CNN123,25.5341300964355,0.0141856278313531,0.00148749321889909,Fluxo143,20
Vegas++CNN123,18.9187850952148,0.0105104361640082,0.001102115655895,Fluxo144,20
Vegas++CNN123,26.130744934082,0.0145170805189345,0.00152224907398176,Fluxo145,20
Vegas++CNN13,84.0554428100586,0.0466974682278103,0.00489665795229016,Fluxo146,20
Vegas++CNN13,76.1161613464356,0.0422867563035753,0.0044341543425933,Fluxo147,20
Vegas++CNN13,75.9752807617187,0.042208489312066,0.00442594733050206,Fluxo148,20
Vegas++CNN13,87.4681663513184,0.0485934257507324,0.00509546649232771,Fluxo149,20
Vegas++CNN13,78.2789573669434,0.0434883096483019,0.00456014823399344,Fluxo150,20
Vegas++CNN13,77.4152412414551,0.0430084673563639,0.00450983236754859,Fluxo151,20
Vegas++CNN13,74.389045715332,0.0413272476196289,0.00433354105442494,Fluxo152,20
Vegas++CNN13,78.3692474365234,0.0435384707980686,0.00456540809073135,Fluxo153,20
Vegas++CNN13,79.9878196716309,0.0444376775953505,0.00465969817286564,Fluxo154,20
Vegas++CNN13,74.9092750549316,0.0416162639194065,0.00436384706492948,Fluxo155,20
Vegas++CNN13,76.9385948181152,0.0427436637878418,0.00448206528404691,Fluxo156,20
Vegas++CNN13,79.4873313903809,0.0441596285502116,0.00463054217962498,Fluxo157,20
Vegas++CNN13,76.9545211791992,0.0427525117662218,0.00448299307575255,Fluxo158,20
Vegas++CNN13,77.7414970397949,0.0431897205776639,0.00452883843064235,Fluxo159,20
Vegas++CNN13,75.3254928588867,0.0418474960327148,0.00438809387336313,Fluxo160,20
Vegas++CNN13,74.6152496337891,0.0414529164632161,0.00434671858557727,Fluxo161,20
Vegas++CNN13,71.2143669128418,0.039563537173801,0.00414859983367248,Fluxo162,20
Vegas++CNN13,71.1570358276367,0.0395316865709093,0.00414526000575774,Fluxo163,20
Vegas++CNN13,78.436466217041,0.0435758145650228,0.00456932392729304,Fluxo164,20
Vegas++CNN13,75.9484710693359,0.04219359503852,0.00442438552927877,Fluxo165,20
Vegas,9.9034538269043,0.00550191879272461,0.000576926660730723,Fluxo166,20
Vegas,9.9957389831543,0.00555318832397461,0.000582302741435586,Fluxo167,20
Vegas,9.73618698120117,0.00540899276733398,0.000567182514453158,Fluxo168,20
Vegas,9.92364120483398,0.00551313400268555,0.000578102678384911,Fluxo169,20
Vegas,10.2062644958496,0.00567014694213867,0.000594566925543556,Fluxo170,20
Vegas,9.79242324829102,0.00544023513793945,0.000570458563632684,Fluxo171,20
Vegas,9.74772262573242,0.00541540145874023,0.000567854524541266,Fluxo172,20
Vegas,9.82703018188477,0.0054594612121582,0.000572474593897008,Fluxo173,20
Vegas,9.88903427124023,0.0054939079284668,0.000576086648120588,Fluxo174,20
Vegas,9.49970626831055,0.00527761459350586,0.000553406307646945,Fluxo175,20
Vegas,9.86163711547852,0.00547868728637695,0.000574490624161331,Fluxo176,20
Vegas,9.79674911499023,0.0054426383972168,0.000570710567415724,Fluxo177,20
Vegas,9.50259017944336,0.00527921676635742,0.000553574310168972,Fluxo178,20
Vegas,9.55594253540039,0.00530885696411133,0.000556682356826471,Fluxo179,20
Vegas,9.19689559936523,0.0051093864440918,0.000535766042834112,Fluxo180,20
Vegas,9.67850875854492,0.00537694931030273,0.000563822464012618,Fluxo181,20
Vegas,9.12335586547852,0.00506853103637695,0.000531481978522424,Fluxo182,20
Vegas,9.24303817749023,0.0051350212097168,0.000538454083186544,Fluxo183,20
Vegas,9.17815017700195,0.00509897232055664,0.000534674026440937,Fluxo184,20
Vegas,9.15652084350586,0.00508695602416992,0.000533414007525735,Fluxo185,20
NewReno,10.4557228088379,0.00580873489379883,0.000609099143698889,Fluxo186,20
NewReno,10.1067695617676,0.00561487197875977,0.000588770838533625,Fluxo187,20
NewReno,9.95680618286133,0.00553155899047852,0.000580034707388222,Fluxo188,20
NewReno,10.3374824523926,0.00574304580688477,0.000602211040295783,Fluxo189,20
NewReno,9.7419548034668,0.00541219711303711,0.000567518519497212,Fluxo190,20
NewReno,10.3677635192871,0.00575986862182617,0.000603975066777066,Fluxo191,20
NewReno,10.4023704528809,0.00577909469604492,0.00060599109704139,Fluxo192,20
NewReno,10.0591850280762,0.00558843612670898,0.000585998796920179,Fluxo193,20
NewReno,9.74628067016602,0.00541460037231445,0.000567770523280252,Fluxo194,20
NewReno,10.1990547180176,0.00566614151000977,0.000594146919238488,Fluxo195,20
NewReno,9.73762893676758,0.00540979385375977,0.000567266515714171,Fluxo196,20
NewReno,9.91498947143555,0.00550832748413086,0.000577598670818831,Fluxo197,20
NewReno,10.2495231628418,0.00569417953491211,0.00059708696337396,Fluxo198,20
NewReno,9.40453720092773,0.0052247428894043,0.000547862224420055,Fluxo199,20
NewReno,9.1651725769043,0.00509176254272461,0.000533918015091816,Fluxo200,20
NewReno,9.46077346801758,0.00525598526000977,0.000551138273599581,Fluxo201,20
NewReno,9.08153915405273,0.0050452995300293,0.000529045941953033,Fluxo202,20
NewReno,9.81837844848633,0.00545465469360352,0.000571970586330927,Fluxo203,20
NewReno,9.15796279907227,0.0050877571105957,0.000533498008786748,Fluxo204,20
NewReno,9.11470413208008,0.00506372451782227,0.000530977970956343,Fluxo205,20
Cubic,27.0013732910156,0.0150007629394531,0.00157296761313813,Fluxo206,20
Cubic,20.474853515625,0.0113749186197917,0.00119276457225758,Fluxo207,20
Cubic,26.3276100158691,0.0146264500088162,0.00153371746836568,Fluxo208,20
Cubic,25.2398681640625,0.0140221489800347,0.00147035096156227,Fluxo209,20
Cubic,20.9868659973145,0.011659369998508,0.00122259190890968,Fluxo210,20
Cubic,27.3085517883301,0.0151714176601834,0.00159086232621515,Fluxo211,20
Cubic,24.2343101501465,0.0134635056389703,0.0014117720821855,Fluxo212,20
Cubic,24.8747138977051,0.013819285498725,0.00144907886445117,Fluxo213,20
Cubic,21.2898368835449,0.011827687157525,0.00124024150719596,Fluxo214,20
Cubic,25.6732597351074,0.0142629220750597,0.0014955982294591,Fluxo215,20
Cubic,22.8790855407715,0.0127106030782064,0.00133282334146408,Fluxo216,20
Cubic,21.609935760498,0.0120055198669434,0.00125888889823872,Fluxo217,20
Cubic,26.7817420959473,0.0148787456088596,0.00156017297662265,Fluxo218,20
Cubic,21.9517822265625,0.0121954345703125,0.00127880319718899,Fluxo219,20
Cubic,24.2154769897461,0.0134530427720812,0.00141067495460449,Fluxo220,20
Cubic,20.5194511413574,0.0113996950785319,0.00119536261125893,Fluxo221,20
Cubic,19.5331535339355,0.0108517519632975,0.0011379057487257,Fluxo222,20
Cubic,27.426441192627,0.0152369117736816,0.0015977299848669,Fluxo223,20
Cubic,27.1209411621094,0.0150671895345052,0.00157993305103551,Fluxo224,20
Cubic,27.0626525878906,0.0150348069932726,0.00157653744450565,Fluxo225,20
Bbr,6.91283798217773,0.0038404655456543,0.000402708045388744,Fluxo226,20
Bbr,3.34543991088867,0.00185857772827148,0.00019488892564137,Fluxo227,20
Bbr,1.77856063842773,0.000988089243570964,0.000103610222046742,Fluxo228,20
Bbr,2.1697883605957,0.00120543797810872,0.000126401230848387,Fluxo229,20
Bbr,4.24409484863281,0.00235783047146267,0.000247240155974107,Fluxo230,20
Bbr,5.50403213500977,0.00305779563056098,0.000320637924476331,Fluxo231,20
Bbr,3.15320205688477,0.00175177892049154,0.000183690090859587,Fluxo232,20
Bbr,4.54658889770508,0.00252588272094727,0.000264861976065607,Fluxo233,20
Bbr,1.51437759399414,0.0008413208855523,8.82202132366148E-05,Fluxo234,20
Bbr,1.77803421020508,0.000987796783447266,0.000103579554919706,Fluxo235,20
Bbr,12.3937110900879,0.00688539505004883,0.00072199683850102,Fluxo236,20
Bbr,1.79805374145508,0.000998918745252821,0.000104745794649332,Fluxo237,20
Bbr,7.21420669555664,0.00400789260864258,0.000420264308940564,Fluxo238,20
Bbr,2.51300430297852,0.00139611350165473,0.000146395308774063,Fluxo239,20
Bbr,1.45157241821289,0.000806429121229384,8.4561491645805E-05,Fluxo240,20
Bbr,1.46368789672852,0.000813159942626953,8.52672800187649E-05,Fluxo241,20
Bbr,1.58192825317383,0.000878849029541016,9.21553834218711E-05,Fluxo242,20
Bbr,7.84478759765625,0.00435821533203125,0.000456998860393772,Fluxo243,20
Bbr,1.6531867980957,0.000918437110053168,9.63065568497335E-05,Fluxo244,20
Bbr,4.03036880493164,0.00223909378051758,0.000234789524622777,Fluxo245,20
Vegas++MLP23,55.8130950927734,0.0310072750515408,0.0032513972538998,Fluxo246,40
Vegas++MLP23,47.2271537780762,0.0262373076544868,0.00275122241202176,Fluxo247,40
Vegas++MLP23,58.1815299987793,0.0323230722215441,0.0033893706584678,Fluxo248,40
Vegas++MLP23,54.3936004638672,0.0302186669243707,0.0031687044569732,Fluxo249,40
Vegas++MLP23,60.6542053222656,0.033696780734592,0.00353341659864019,Fluxo250,40
Vegas++MLP23,46.2201805114746,0.0256778780619303,0.00269256108696289,Fluxo251,40
Vegas++MLP23,56.688835144043,0.0314937973022461,0.00330241357530421,Fluxo252,40
Vegas++MLP23,58.4003143310547,0.0324446190728082,0.00340211596090935,Fluxo253,40
Vegas++MLP23,54.8474273681641,0.0304707929823134,0.00319514218718551,Fluxo254,40
Vegas++MLP23,54.904426574707,0.0305024592081706,0.00319846268147669,Fluxo255,40
Vegas++MLP23,49.5325813293457,0.0275181007385254,0.00288552531704438,Fluxo256,40
Vegas++MLP23,57.9570426940918,0.0321983570522732,0.00337629312881669,Fluxo257,40
Vegas++MLP23,41.6621437072754,0.0231456353929308,0.00242703221199702,Fluxo258,40
Vegas++MLP23,54.547191619873,0.0303039953443739,0.00317765192462449,Fluxo259,40
Vegas++MLP23,52.5769805908203,0.0292094336615668,0.00306287709053193,Fluxo260,40
Vegas++MLP23,54.0049324035645,0.0300027402242025,0.00314606256152114,Fluxo261,40
Vegas++MLP23,46.9205017089844,0.0260669453938802,0.00273335836607179,Fluxo262,40
Vegas++MLP23,45.2124671936035,0.0251180373297797,0.00263385665014573,Fluxo263,40
Vegas++MLP23,44.2144927978516,0.0245636071099175,0.00257571955517874,Fluxo264,40
Vegas++MLP23,53.4660453796387,0.0297033585442437,0.00311466964581126,Fluxo265,40
Vegas++MLP23,46.0588531494141,0.0255882517496745,0.0026831629458795,Fluxo266,40
Vegas++MLP23,43.309986114502,0.0240611033969455,0.00252302743083966,Fluxo267,40
Vegas++MLP23,39.5247116088867,0.0219581731160482,0.0023025158983336,Fluxo268,40
Vegas++MLP23,49.1249656677246,0.0272916475931803,0.00286177962724455,Fluxo269,40
Vegas++MLP23,35.5715179443359,0.01976195441352,0.00207222221897951,Fluxo270,40
Vegas++MLP23,52.5058441162109,0.029169913397895,0.00305873302832194,Fluxo271,40
Vegas++MLP23,44.7304725646973,0.0248502625359429,0.0026057780064114,Fluxo272,40
Vegas++MLP23,34.4774856567383,0.0191541586981879,0.00200848926223056,Fluxo273,40
Vegas++MLP23,38.577075958252,0.0214317088656955,0.0022473112918331,Fluxo274,40
Vegas++MLP23,51.4483222961426,0.0285824012756348,0.00299712699239087,Fluxo275,40
Vegas++MLP23,38.1624374389648,0.0212013541327582,0.00222315648478056,Fluxo276,40
Vegas++MLP23,43.4664840698242,0.0241480467054579,0.00253214423436633,Fluxo277,40
Vegas++MLP23,48.5547065734863,0.0269748369852702,0.00282855912854373,Fluxo278,40
Vegas++MLP23,36.2822723388672,0.0201568179660373,0.00211362728499018,Fluxo279,40
Vegas++MLP23,42.5182075500488,0.0236212264166938,0.00247690229397204,Fluxo280,40
Vegas++MLP23,43.5074729919434,0.0241708183288574,0.00253453204798958,Fluxo281,40
Vegas++MLP23,42.6479187011719,0.0236932881673177,0.00248445862962877,Fluxo282,40
Vegas++MLP23,47.5132637023926,0.0263962576124403,0.00276788977334064,Fluxo283,40
Vegas++MLP23,46.1818504333496,0.0256565835740831,0.00269032816455373,Fluxo284,40
Vegas++MLP23,40.3804168701172,0.0224335649278429,0.00235236509110615,Fluxo285,40
Vegas++CNN123,29.8393287658691,0.0165774048699273,0.00173829298386504,Fluxo286,40
Vegas++CNN123,29.0673942565918,0.0161485523647732,0.00169332386435136,Fluxo287,40
Vegas++CNN123,20.4249954223633,0.0113472196790907,0.00118986008421143,Fluxo288,40
Vegas++CNN123,29.6842346191406,0.0164912414550781,0.0017292579593438,Fluxo289,40
Vegas++CNN123,27.176155090332,0.0150978639390734,0.00158314954376542,Fluxo290,40
Vegas++CNN123,31.17529296875,0.0173196072048611,0.00181611970774292,Fluxo291,40
Vegas++CNN123,30.6172370910645,0.0170095761617025,0.00178361010860291,Fluxo292,40
Vegas++CNN123,25.8317222595215,0.0143509568108453,0.00150482947914826,Fluxo293,40
Vegas++CNN123,26.3783111572266,0.0146546173095703,0.00153667106826021,Fluxo294,40
Vegas++CNN123,22.5685577392578,0.012538087632921,0.00131473351434694,Fluxo295,40
Vegas++CNN123,27.4166946411133,0.0152314970228407,0.0015971621985656,Fluxo296,40
Vegas++CNN123,25.6037101745605,0.0142242834303114,0.00149154661308133,Fluxo297,40
Vegas++CNN123,30.1218872070312,0.016734381781684,0.00175475345318919,Fluxo298,40
Vegas++CNN123,31.1078987121582,0.017282165951199,0.00181219364880555,Fluxo299,40
Vegas++CNN123,24.8098526000977,0.0137832514444987,0.00144530036328447,Fluxo300,40
Vegas++CNN123,28.0375328063965,0.0155764071146647,0.00163332918594307,Fluxo301,40
Vegas++CNN123,28.4680480957031,0.0158155822753906,0.001658408895769,Fluxo302,40
Vegas++CNN123,23.6109085083008,0.0131171713935004,0.0013754557592329,Fluxo303,40
Vegas++CNN123,25.8711395263672,0.0143728552924262,0.00150712573584152,Fluxo304,40
Vegas++CNN123,22.6584587097168,0.0125880326165093,0.0013199707040779,Fluxo305,40
Vegas++CNN123,21.6637535095215,0.0120354186164008,0.00126202405641432,Fluxo306,40
Vegas++CNN123,23.8407516479492,0.0132448620266385,0.00138884529356778,Fluxo307,40
Vegas++CNN123,25.5159645080566,0.0141755358378092,0.00148643498079077,Fluxo308,40
Vegas++CNN123,28.7298011779785,0.0159610006544325,0.00167365734689853,Fluxo309,40
Vegas++CNN123,25.411750793457,0.0141176393296984,0.0014803640007653,Fluxo310,40
Vegas++CNN123,22.3984909057617,0.0124436060587565,0.00130482625450963,Fluxo311,40
Vegas++CNN123,21.9173355102539,0.0121762975056966,0.00127679650039811,Fluxo312,40
Vegas++CNN123,27.3036422729492,0.0151686901516385,0.0015905763219217,Fluxo313,40
Vegas++CNN123,21.6906204223633,0.0120503446790907,0.00126358919102098,Fluxo314,40
Vegas++CNN123,23.6095809936523,0.0131164338853624,0.00137537842473863,Fluxo315,40
Vegas++CNN123,25.4514808654785,0.0141397115919325,0.00148267847995434,Fluxo316,40
Vegas++CNN123,21.3976898193359,0.0118876054551866,0.00124652449040398,Fluxo317,40
Vegas++CNN123,23.4980697631836,0.0130544832017687,0.00136888232722025,Fluxo318,40
Vegas++CNN123,22.3476982116699,0.0124153878953722,0.00130186732120171,Fluxo319,40
Vegas++CNN123,27.493766784668,0.0152743148803711,0.00160165204374422,Fluxo320,40
Vegas++CNN123,24.536491394043,0.0136313841078017,0.00142937567978123,Fluxo321,40
Vegas++CNN123,21.3065948486328,0.0118369971381293,0.00124121774407329,Fluxo322,40
Vegas++CNN123,20.1760749816895,0.011208930545383,0.00117535919985981,Fluxo323,40
Vegas++CNN123,25.2169342041016,0.0140094078911675,0.00146901494150615,Fluxo324,40
Vegas++CNN123,18.775203704834,0.0104306687249078,0.00109375130810853,Fluxo325,40
Vegas++CNN13,53.7926864624023,0.0298848258124457,0.0031336981536864,Fluxo326,40
Vegas++CNN13,61.2856903076172,0.034047605726454,0.0035702038175507,Fluxo327,40
Vegas++CNN13,66.2500801086426,0.036805600060357,0.00385940482565663,Fluxo328,40
Vegas++CNN13,72.3659324645996,0.0402032958136665,0.00421568439629076,Fluxo329,40
Vegas++CNN13,55.7704010009766,0.0309835561116536,0.00324891010545201,Fluxo330,40
Vegas++CNN13,51.2842178344727,0.0284912321302626,0.00298756707110108,Fluxo331,40
Vegas++CNN13,62.8778953552246,0.0349321640862359,0.00366295787662646,Fluxo332,40
Vegas++CNN13,66.1664123535156,0.0367591179741753,0.00385453075248782,Fluxo333,40
Vegas++CNN13,49.4296722412109,0.027460929022895,0.00287953033815982,Fluxo334,40
Vegas++CNN13,52.3526420593262,0.0290848011440701,0.00304980822767759,Fluxo335,40
Vegas++CNN13,42.7020835876465,0.0237233797709147,0.00248761401033017,Fluxo336,40
Vegas++CNN13,61.5506324768066,0.0341947958204481,0.00358563804924692,Fluxo337,40
Vegas++CNN13,45.1938934326172,0.0251077185736762,0.00263277463390267,Fluxo338,40
Vegas++CNN13,65.713249206543,0.0365073606703016,0.00382813168952264,Fluxo339,40
Vegas++CNN13,47.413875579834,0.0263410419887967,0.00276209990864634,Fluxo340,40
Vegas++CNN13,52.8530769348145,0.0293628205193414,0.00307896110976043,Fluxo341,40
Vegas++CNN13,57.7489585876465,0.0320827547709147,0.00336417116906599,Fluxo342,40
Vegas++CNN13,46.5729904174805,0.0258738835652669,0.00271311406216754,Fluxo343,40
Vegas++CNN13,46.8219108581543,0.0260121726989746,0.00272761494651916,Fluxo344,40
Vegas++CNN13,58.9968795776367,0.0327760442097982,0.00343686892705977,Fluxo345,40
Vegas++CNN13,52.6509399414063,0.0292505221896701,0.00306718559965503,Fluxo346,40
Vegas++CNN13,45.4374771118164,0.025243042839898,0.00264696462469832,Fluxo347,40
Vegas++CNN13,53.5273132324219,0.0297373962402344,0.0031182388105021,Fluxo348,40
Vegas++CNN13,50.5806121826172,0.028100340101454,0.00294657845578655,Fluxo349,40
Vegas++CNN13,30.5264511108398,0.0169591395060221,0.00177832136254243,Fluxo350,40
Vegas++CNN13,57.3206748962402,0.0318448193868001,0.00333922146119163,Fluxo351,40
Vegas++CNN13,52.4442596435547,0.0291356998019748,0.00305514541890976,Fluxo352,40
Vegas++CNN13,58.5591659545898,0.0325328699747721,0.00341136987760545,Fluxo353,40
Vegas++CNN13,45.0074729919434,0.0250041516621908,0.0026219146930972,Fluxo354,40
Vegas++CNN13,52.3328170776367,0.0290737872653537,0.00304865332145143,Fluxo355,40
Vegas++CNN13,45.7551002502441,0.0254195001390245,0.00266546779135379,Fluxo356,40
Vegas++CNN13,44.4888916015625,0.0247160508897569,0.00259170468403382,Fluxo357,40
Vegas++CNN13,46.372673034668,0.0257625961303711,0.00270144455365341,Fluxo358,40
Vegas++CNN13,29.5727462768555,0.0164293034871419,0.00172276319517878,Fluxo359,40
Vegas++CNN13,41.6520462036133,0.023140025668674,0.00242644398094437,Fluxo360,40
Vegas++CNN13,54.8200035095215,0.0304555575052897,0.00319354460764735,Fluxo361,40
Vegas++CNN13,44.0721244812012,0.0244845136006673,0.00256742587511978,Fluxo362,40
Vegas++CNN13,37.2672920227051,0.020704051123725,0.00217100970196139,Fluxo363,40
Vegas++CNN13,40.8196983337402,0.0226776101854112,0.0023779554752649,Fluxo364,40
Vegas++CNN13,55.8237533569336,0.0310131963094075,0.00325201815210951,Fluxo365,40
Vegas,10.108211517334,0.00561567306518555,0.000588854839794638,Fluxo366,40
Vegas,10.5667533874512,0.00587041854858398,0.000615567240796928,Fluxo367,40
Vegas,10.4081382751465,0.00578229904174805,0.000606327102085444,Fluxo368,40
Vegas,9.81837844848633,0.00545465469360352,0.000571970586330927,Fluxo369,40
Vegas,9.9034538269043,0.00550191879272461,0.000576926660730723,Fluxo370,40
Vegas,9.9741096496582,0.00554117202758789,0.000581042722520384,Fluxo371,40
Vegas,9.5343132019043,0.00529684066772461,0.000555422337911269,Fluxo372,40
Vegas,10.2697105407715,0.00570539474487305,0.000598262981028149,Fluxo373,40
Vegas,9.3728141784668,0.00520711898803711,0.000546014196677758,Fluxo374,40
Vegas,9.59631729125977,0.0053312873840332,0.000559034392134849,Fluxo375,40
Vegas,9.61650466918945,0.00534250259399414,0.000560210409789038,Fluxo376,40
Vegas,9.39876937866211,0.00522153854370117,0.000547526219376001,Fluxo377,40
Vegas,9.85586929321289,0.00547548294067383,0.000574154619117277,Fluxo378,40
Vegas,9.00655746459961,0.00500364303588867,0.000524677876380332,Fluxo379,40
Vegas,9.15075302124023,0.0050837516784668,0.000533078002481681,Fluxo380,40
Vegas,9.37858200073242,0.00521032333374023,0.000546350201721812,Fluxo381,40
Vegas,9.73330307006836,0.00540739059448242,0.000567014511931131,Fluxo382,40
Vegas,8.93878555297852,0.00496599197387695,0.000520729817112698,Fluxo383,40
Vegas,9.06423568725586,0.00503568649291992,0.000528037926820871,Fluxo384,40
Vegas,9.0267448425293,0.00501485824584961,0.000525853894034521,Fluxo385,40
Vegas,9.05414199829102,0.00503007888793945,0.000527449917993777,Fluxo386,40
Vegas,8.7282600402832,0.00484903335571289,0.000508465633004728,Fluxo387,40
Vegas,8.83496475219727,0.0049083137512207,0.000514681726319726,Fluxo388,40
Vegas,8.90994644165039,0.00494997024536133,0.000519049791892428,Fluxo389,40
Vegas,9.02241897583008,0.00501245498657227,0.00052560189025148,Fluxo390,40
Vegas,8.29134750366211,0.00460630416870117,0.000483013250917641,Fluxo391,40
Vegas,8.98637008666992,0.00499242782592773,0.000523501858726143,Fluxo392,40
Vegas,8.72393417358398,0.00484663009643555,0.000508213629221688,Fluxo393,40
Vegas,8.40958786010742,0.00467199325561523,0.000489901354320747,Fluxo394,40
Vegas,8.33028030395508,0.00462793350219727,0.000485281284965005,Fluxo395,40
Vegas,8.23799514770508,0.00457666397094727,0.000479905204260141,Fluxo396,40
Vegas,7.92653274536133,0.00440362930297852,0.000461760931881228,Fluxo397,40
Vegas,8.55666732788086,0.00475370407104492,0.000498469482944123,Fluxo398,40
Vegas,8.5883903503418,0.00477132797241211,0.00050031751068642,Fluxo399,40
Vegas,8.30720901489258,0.00461511611938477,0.000483937264788789,Fluxo400,40
Vegas,8.17022323608398,0.00453901290893555,0.000475957144992507,Fluxo401,40
Vegas,8.18320083618164,0.00454622268676758,0.000476713156341629,Fluxo402,40
Vegas,8.2884635925293,0.00460470199584961,0.000482845248395614,Fluxo403,40
Vegas,8.22213363647461,0.00456785202026367,0.000478981190388993,Fluxo404,40
Vegas,8.12408065795898,0.00451337814331055,0.000473269104640076,Fluxo405,40
NewReno,10.4499549865723,0.0058055305480957,0.000608763138654835,Fluxo406,40
NewReno,10.7253684997559,0.00595853805541992,0.000624807379508412,Fluxo407,40
NewReno,10.0952339172363,0.00560846328735352,0.000588098828445517,Fluxo408,40
NewReno,9.97555160522461,0.00554197311401367,0.000581126723781397,Fluxo409,40
NewReno,9.9495964050293,0.00552755355834961,0.000579614701083154,Fluxo410,40
NewReno,10.115421295166,0.00561967849731445,0.000589274846099706,Fluxo411,40
NewReno,10.1831932067871,0.00565732955932617,0.00059322290536734,Fluxo412,40
NewReno,10.0029487609863,0.00555719375610352,0.000582722747740653,Fluxo413,40
NewReno,10.3865089416504,0.00577028274536133,0.000605067083170242,Fluxo414,40
NewReno,9.84433364868164,0.00546907424926758,0.00057348260902917,Fluxo415,40
NewReno,9.6511116027832,0.00536172866821289,0.000562226440053362,Fluxo416,40
NewReno,10.1038856506348,0.0056132698059082,0.000588602836011598,Fluxo417,40
NewReno,9.48240280151367,0.00526800155639648,0.000552398292514784,Fluxo418,40
NewReno,9.29639053344727,0.0051646614074707,0.000541562129844043,Fluxo419,40
NewReno,9.39876937866211,0.00522153854370117,0.000547526219376001,Fluxo420,40
NewReno,9.21564102172852,0.00511980056762695,0.000536858059227288,Fluxo421,40
NewReno,9.09884262084961,0.00505491256713867,0.000530053957085195,Fluxo422,40
NewReno,9.5818977355957,0.00532327651977539,0.000558194379524714,Fluxo423,40
NewReno,8.89408493041992,0.00494115829467773,0.00051812577802128,Fluxo424,40
NewReno,8.90994644165039,0.00494997024536133,0.000519049791892428,Fluxo425,40
NewReno,9.14786911010742,0.00508214950561523,0.000532909999959654,Fluxo426,40
NewReno,9.50403213500977,0.0052800178527832,0.000553658311429986,Fluxo427,40
NewReno,9.17959213256836,0.00509977340698242,0.000534758027701951,Fluxo428,40
NewReno,8.80612564086914,0.00489229202270508,0.000513001701099457,Fluxo429,40
NewReno,9.2127571105957,0.00511819839477539,0.000536690056705261,Fluxo430,40
NewReno,9.07144546508789,0.00503969192504883,0.000528457933125939,Fluxo431,40
NewReno,8.78738021850586,0.00488187789916992,0.000511909684706281,Fluxo432,40
NewReno,8.67779159545898,0.00482099533081055,0.000505525588869256,Fluxo433,40
NewReno,8.64318466186523,0.0048017692565918,0.000503509558604932,Fluxo434,40
NewReno,8.65327835083008,0.00480737686157227,0.000504097567432027,Fluxo435,40
NewReno,8.66048812866211,0.00481138229370117,0.000504517573737094,Fluxo436,40
NewReno,8.74123764038086,0.00485624313354492,0.00050922164435385,Fluxo437,40
NewReno,8.36056137084961,0.00464475631713867,0.000487045311446288,Fluxo438,40
NewReno,8.61001968383789,0.00478334426879883,0.000501577529601622,Fluxo439,40
NewReno,8.47735977172852,0.00470964431762695,0.000493849413588381,Fluxo440,40
NewReno,8.24664688110352,0.00458147048950195,0.000480409211826223,Fluxo441,40
NewReno,8.37353897094727,0.0046519660949707,0.00048780132279541,Fluxo442,40
NewReno,7.97123336791992,0.00442846298217773,0.000464364970972646,Fluxo443,40
NewReno,7.81261825561523,0.0043403434753418,0.000455124832261162,Fluxo444,40
NewReno,7.88759994506836,0.00438199996948242,0.000459492897833863,Fluxo445,40
Cubic,23.5635871887207,0.0130908817715115,0.00137269905118297,Fluxo446,40
Cubic,23.2209358215332,0.0129005199008518,0.00135273786263991,Fluxo447,40
Cubic,23.4188537597656,0.0130104743109809,0.00136426759127791,Fluxo448,40
Cubic,23.1782035827637,0.012876779768202,0.00135024849193654,Fluxo449,40
Cubic,22.3268737792969,0.012403818766276,0.00130065419187929,Fluxo450,40
Cubic,25.9754104614258,0.014430783589681,0.00151320004925036,Fluxo451,40
Cubic,26.3401794433594,0.0146334330240885,0.00153444970158007,Fluxo452,40
Cubic,23.2536544799805,0.0129186969333225,0.00135464389125291,Fluxo453,40
Cubic,20.8425903320312,0.0115792168511285,0.00121418711607161,Fluxo454,40
Cubic,28.3145141601562,0.0157302856445313,0.00164946476150109,Fluxo455,40
Cubic,19.3210906982422,0.0107339392768012,0.00112555200771776,Fluxo456,40
Cubic,20.810791015625,0.0115615505642361,0.00121233464381814,Fluxo457,40
Cubic,23.7330513000488,0.0131850285000271,0.00138257119938208,Fluxo458,40
Cubic,23.3414421081543,0.0129674678378635,0.00135975796802461,Fluxo459,40
Cubic,21.1267509460449,0.0117370838589138,0.00123074092013022,Fluxo460,40
Cubic,20.0739479064941,0.0111521932813856,0.00116940977721469,Fluxo461,40
Cubic,22.3180198669434,0.0123988999260796,0.00130013840635862,Fluxo462,40
Cubic,26.3608551025391,0.0146449195014106,0.00153565416410572,Fluxo463,40
Cubic,20.1093826293945,0.0111718792385525,0.00117147403042515,Fluxo464,40
Cubic,20.1093826293945,0.0111718792385525,0.00117147403042515,Fluxo465,40
Cubic,21.7196388244629,0.0120664660135905,0.00126527966084249,Fluxo466,40
Cubic,20.8362884521484,0.0115757158067491,0.0012138199994494,Fluxo467,40
Cubic,19.6635665893555,0.010924203660753,0.00114550297388514,Fluxo468,40
Cubic,21.1439819335938,0.0117466566297743,0.00123174471297677,Fluxo469,40
Cubic,26.6745223999023,0.0148191791110569,0.00155392688285729,Fluxo470,40
Cubic,19.931396484375,0.011072998046875,0.00116110543032894,Fluxo471,40
Cubic,22.1341171264648,0.0122967317369249,0.00128942513442159,Fluxo472,40
Cubic,22.4717674255371,0.0124843152364095,0.0013090949852578,Fluxo473,40
Cubic,22.2038383483887,0.0123354657491048,0.00129348675094948,Fluxo474,40
Cubic,20.1023979187012,0.0111679988437229,0.00117106713542802,Fluxo475,40
Cubic,22.3224029541016,0.0124013349745009,0.00130039374352504,Fluxo476,40
Cubic,22.2282371520996,0.0123490206400553,0.00129490810561996,Fluxo477,40
Cubic,20.3057632446289,0.0112809795803494,0.00118291420216318,Fluxo478,40
Cubic,21.8271102905273,0.0121261723836263,0.00127154042149469,Fluxo479,40
Cubic,22.5680274963379,0.0125377930535211,0.00131470262499434,Fluxo480,40
Cubic,19.4086875915527,0.0107826042175293,0.00113065497321155,Fluxo481,40
Cubic,17.0370864868164,0.00946504804823134,0.00099249712143021,Fluxo482,40
Cubic,20.8185195922852,0.0115658442179362,0.00121278487279913,Fluxo483,40
Cubic,20.958797454834,0.0116437763637967,0.00122095677325217,Fluxo484,40
Cubic,20.5285606384277,0.0114047559102376,0.001195893285892,Fluxo485,40
Bbr,3.18682479858398,0.00177045822143555,0.000185648786929886,Fluxo486,40
Bbr,2.34616470336914,0.00130342483520508,0.000136676051759021,Fluxo487,40
Bbr,1.68627548217773,0.000936819712320964,9.8234141341879E-05,Fluxo488,40
Bbr,1.74052810668945,0.000966960059271918,0.000101394633231122,Fluxo489,40
Bbr,1.59696197509766,0.000887201097276476,9.30311743468821E-05,Fluxo490,40
Bbr,1.60514450073242,0.000891746944851345,0.0000935078481692999,Fluxo491,40
Bbr,1.51775741577148,0.000843198564317491,8.84171050812125E-05,Fluxo492,40
Bbr,1.84983062744141,0.00102768368191189,0.00010776206215128,Fluxo493,40
Bbr,3.54843139648437,0.00197135077582465,0.000206714214271821,Fluxo494,40
Bbr,9.21996688842773,0.0051222038269043,0.000537110063010328,Fluxo495,40
Bbr,1.50576400756836,0.0008365355597602,8.77184279261162E-05,Fluxo496,40
Bbr,1.43484878540039,0.000797138214111328,8.35872547984951E-05,Fluxo497,40
Bbr,2.17024612426758,0.00120569229125977,0.000126427897915375,Fluxo498,40
Bbr,7.41971206665039,0.00412206225925022,0.000432236044213894,Fluxo499,40
Bbr,1.7556266784668,0.000975348154703776,0.000102274201990623,Fluxo500,40
Bbr,1.45840072631836,0.000810222625732422,8.49592753950487E-05,Fluxo501,40
Bbr,4.93673324584961,0.00274262958102756,0.000287589872808712,Fluxo502,40
Bbr,1.74094772338867,0.000967193179660373,0.000101419078042528,Fluxo503,40
Bbr,1.76206588745117,0.000978925493028429,0.000102649318732927,Fluxo504,40
Bbr,1.50303268432617,0.000835018157958984,8.75593144264187E-05,Fluxo505,40
Bbr,2.05925750732422,0.00114403194851346,0.000119962245298477,Fluxo506,40
Bbr,1.37861251831055,0.000765895843505859,8.0311205618969E-05,Fluxo507,40
Bbr,1.86400604248047,0.00103555891248915,0.000108587852325687,Fluxo508,40
Bbr,1.76284408569336,0.0009793578253852,0.000102694652746807,Fluxo509,40
Bbr,1.44384765625,0.000802137586805556,8.41114848903755E-05,Fluxo510,40
Bbr,2.06653213500977,0.00114807340833876,0.000120386029438034,Fluxo511,40
Bbr,3.64680862426758,0.00202600479125977,0.000212445189193189,Fluxo512,40
Bbr,1.55741500854492,0.000865230560302734,9.07273619846417E-05,Fluxo513,40
Bbr,1.82518005371094,0.0010139889187283,0.000106326040593954,Fluxo514,40
Bbr,26.0480499267578,0.0144711388481988,0.0015174316683303,Fluxo515,40
Bbr,1.59202575683594,0.000884458753797743,9.27436144745237E-05,Fluxo516,40
Bbr,1.39919281005859,0.000777329338921441,8.15101125056562E-05,Fluxo517,40
Bbr,2.75355529785156,0.00152975294325087,0.000160408630250914,Fluxo518,40
Bbr,1.3404655456543,0.000744703080919054,7.80889500366015E-05,Fluxo519,40
Bbr,1.48531723022461,0.000825176239013672,8.65272989339672E-05,Fluxo520,40
Bbr,1.26848220825195,0.000704712337917752,7.38955537526741E-05,Fluxo521,40
Bbr,1.63766098022461,0.000909811655680339,9.54020988277099E-05,Fluxo522,40
Bbr,1.43230056762695,0.00079572253757053,8.34388081255929E-05,Fluxo523,40
Bbr,1.17778015136719,0.000654322306315104,6.8611696654479E-05,Fluxo524,40
Bbr,3.02328491210937,0.00167960272894965,0.000176121755022718,Fluxo525,40
