#Ack,Last Router Ocupation Router Arrival(Packets),Last Router Ocupation Router Arrival_ewma(Packets),Network Situation Router Arrival,Measure Time
14601,0.85,0.806,2,170902
16061,0.86,0.8492,2,170902
17521,0.87,0.86584,2,170905
18981,0.88,0.877168,2,170905
20441,0.88,0.879434,2,170905
21901,0.89,0.887887,2,170907
23361,0.9,0.897577,2,170907
24821,0.9,0.899515,2,170907
26281,0.91,0.907903,2,170909
27741,0.92,0.917581,2,170909
29201,0.92,0.919516,2,170909
30661,0.93,0.927903,2,170911
32121,0.94,0.937581,2,170911
33581,0.94,0.939516,2,170911
227761,0,3.05603e-05,1,173729
258421,0,1.22985e-12,1,174206
268641,0,0.0001408,1,174248
287621,0,0.000704,1,174573
290541,0,2.816e-05,1,174628
299301,0,0.000762882,1,174669
300761,0,0.000152576,1,174687
308061,0,4.88244e-08,1,174734
309521,0.01,0.00800001,1,174932
316821,0,0.00380416,1,174994
325581,0.02,0.0183324,1,175084
343101,0.01,0.0116664,1,175385
344561,0.02,0.0183333,1,175385
348941,0.06,0.0481467,1,175470
385441,0.02,0.0209931,1,175911
394201,0,0.0039335,1,175934
408801,0,4.02791e-10,1,176229
414641,0.05,0.04,1,176319
438001,0.01,0.01152,1,176618
449681,0.01,0.0192059,1,176754
483261,0.05,0.0512128,1,177175
489101,0.01,0.0119859,1,177194
500781,0,0.00366104,1,177231
516841,0.02,0.017821,1,177589
527061,0,0.00366666,1,177619
559181,0,0.00153093,1,178036
560641,0.01,0.00830619,1,178038
563561,0,0.00353225,1,178041
567941,0,2.8258e-05,1,178060
573781,0,0.000704045,1,178075
582541,0.11,0.107584,1,178344
632181,0,0.00153717,1,178879
640941,0.02,0.0176283,1,178903
645321,0,0.00366103,1,178918
652621,0.02,0.0183052,1,178952
655541,0.12,0.114332,1,179164
661381,0.18,0.178231,1,179216
697881,0,0.00150323,1,179626
722701,0,0.00352023,1,179762
735841,0.05,0.0515482,1,180048
738761,0.11,0.0996619,1,180068
740221,0.12,0.115932,1,180068
760661,0.02,0.0176946,1,180171
785481,0.36,0.358268,1,180557
810301,0.05,0.0916733,1,180840
835121,0.25,0.251666,1,181025
836581,0.26,0.258333,1,181025
858481,0.28,0.280104,1,181336
864321,0.24,0.239936,1,181418
876001,0.26,0.258332,1,181445
877461,0.25,0.251666,1,181459
884761,0.26,0.258333,1,181473
932941,0.79,0.771654,2,182131
934401,0.8,0.794331,2,182131
1055581,0.77,0.77,2,183485
1057041,0.75,0.754,2,183538
1065801,0.01,0.0172387,1,183810
1084781,0,0.00352624,1,184231
1118361,0.11,0.107334,1,184851
1119821,0.12,0.117467,1,184851
1144641,0.1,0.0959864,1,185361
1176761,0.02,0.017637,1,186006
1189901,0.09,0.0956347,1,186215
1194281,0.01,0.0279651,1,186281
1201581,0.06,0.0560346,1,186428
1205961,0.03,0.0356483,1,186469
1213261,0.14,0.138175,1,186555
1233701,0.04,0.0399331,1,186980
1265821,0.15,0.151026,1,187552
1270201,0.16,0.158328,1,187603
1276041,0.16,0.158333,1,187698
1283341,0.15,0.15182,1,187827
1311081,0.27,0.267673,1,188256
1373861,0.71,0.702706,2,189301
1375321,0.72,0.716541,2,189301
1376781,0.71,0.711308,2,189351
1378241,0.72,0.718262,2,189351
1379701,0.71,0.711652,2,189353
1381161,0.72,0.71833,2,189353
1382621,0.73,0.727666,2,189449
1384081,0.74,0.737533,2,189449
1385541,0.77,0.763507,2,189467
1387001,0.78,0.776701,2,189467
1388461,0.77,0.77134,2,189469
1389921,0.78,0.778268,2,189469
1391381,0.79,0.787654,2,189495
1392841,0.8,0.797531,2,189495
1394301,0.81,0.807506,2,189586
1395761,0.82,0.817501,2,189586
1397221,0.81,0.8115,2,189588
1398681,0.82,0.8183,2,189588
1400141,0.85,0.84366,2,189694
1401601,0.86,0.856732,2,189694
1403061,0.89,0.883346,2,189758
1404521,0.9,0.896669,2,189758
1405981,0.89,0.891334,2,189808
1407441,0.9,0.898267,2,189808
1408901,0.89,0.891653,2,189810
1410361,0.9,0.898331,2,189810
1411821,0.91,0.907666,2,189907
1413281,0.92,0.917533,2,189907
1414741,0.91,0.911507,2,189927
1416201,0.92,0.918301,2,189927
1417661,0.91,0.91166,2,189929
1419121,0.92,0.918332,2,189929
1420581,0.92,0.919666,2,189929
1422041,0.91,0.911933,2,189956
1423501,0.92,0.918387,2,189956
1424961,0.9,0.903677,2,190048
1426421,0.91,0.908735,2,190048
1427881,0.9,0.901747,2,190050
1429341,0.91,0.908349,2,190050
1430801,0.91,0.90967,2,190158
1432261,0.92,0.917934,2,190158
1525701,0.74,0.74,2,191657
1527161,0.75,0.748,2,191657
1534461,0.21,0.296009,1,191788
1559281,0,0.000476,1,192117
1576801,0,1.81641e-05,1,192273
1579721,0.01,0.00800073,1,192346
1594321,0.09,0.0756736,1,192564
1598701,0.06,0.0598054,1,192582
1600161,0.15,0.131961,1,192643
1608921,0.01,0.0164718,1,192694
1613301,0.04,0.0375718,1,192767
1616221,0.04,0.0383029,1,192815
1652721,0.04,0.0383386,1,193264
1661481,0.04,0.0383333,1,193385
1662941,0.03,0.0316667,1,193415
1665861,0.05,0.0476667,1,193431
1684841,0.02,0.0176306,1,193660
1686301,0.01,0.0115261,1,193687
1693601,0.02,0.0183333,1,193741
1695061,0.05,0.0436667,1,193808
1769521,0.09,0.0871867,1,194687
1816241,0.08,0.0783308,1,195208
1825001,0.1,0.0983013,1,195248
1835221,0,0.00383358,1,195426
1839601,0.02,0.0176307,1,195428
1841061,0.01,0.0115261,1,195501
1848361,0.04,0.0375333,1,195556
1857121,0.07,0.0713573,1,195645
1864421,0.08,0.0775652,1,195674
1871721,0.09,0.0875128,1,195799
1912601,0.29,0.275513,1,196274
1934501,0.4,0.398173,1,196497
2041081,0.75,0.73966,2,197689
2042541,0.76,0.755932,2,197689
2044001,0.77,0.767186,2,197724
2045461,0.78,0.777437,2,197724
2046921,0.77,0.771487,2,197744
2048381,0.78,0.778298,2,197744
2049841,0.77,0.77166,2,197746
2051301,0.78,0.778332,2,197746
2052761,0.77,0.771666,2,197829
2054221,0.78,0.778333,2,197829
2055681,0.79,0.787667,2,197841
2057141,0.8,0.797533,2,197841
2058601,0.79,0.791507,2,197843
2060061,0.8,0.798301,2,197843
2061521,0.79,0.79166,2,197849
2062981,0.8,0.798332,2,197849
2064441,0.77,0.775666,2,197876
2065901,0.78,0.779133,2,197876
2067361,0.83,0.819827,2,197944
2068821,0.84,0.835965,2,197944
2070281,0.83,0.831193,2,197981
2071741,0.84,0.838239,2,197981
2073201,0.87,0.863648,2,198010
2074661,0.88,0.87673,2,198010
2076121,0.89,0.887346,2,198065
2077581,0.9,0.897469,2,198065
2079041,0.89,0.891494,2,198067
2080501,0.9,0.898299,2,198067
2081961,0.93,0.92366,2,198147
2083421,0.94,0.936732,2,198147
2213361,0.95,0.95,2,199583
2216281,0.81,0.81,2,199615
2217741,0.82,0.818,2,199615
2219201,0.79,0.7956,2,199640
2220661,0.8,0.79912,2,199640
2222121,0.77,0.775824,2,199664
2223581,0.78,0.779165,2,199664
2225041,0.79,0.787833,2,199718
2226501,0.8,0.797567,2,199718
2227961,0.79,0.791513,2,199735
2229421,0.8,0.798303,2,199735
2230881,0.79,0.791661,2,199753
2232341,0.8,0.798332,2,199753
2233801,0.69,0.711666,2,199770
2235261,0.7,0.702333,2,199770
2302421,0.89,0.835494,2,200491
2303881,0.9,0.887099,2,200491
2305341,0.89,0.88942,2,200517
2306801,0.9,0.897884,2,200517
2308261,0.89,0.891577,2,200541
2309721,0.9,0.898315,2,200541
2311181,0.89,0.891663,2,200565
2312641,0.9,0.898333,2,200565
2314101,0.95,0.939667,2,200624
2343301,0.95,0.95,2,200841
2498061,0.89,0.89,2,202442
2499521,0.9,0.898,2,202442
2500981,0.81,0.8276,2,202465
2502441,0.82,0.82152,2,202465
2503901,0.75,0.764304,2,202502
2505361,0.76,0.760861,2,202502
2515581,0.37,0.396174,1,202626
2550621,0.01,0.0118323,1,202927
2565221,0,0.00382027,1,203066
2600261,0,0.00158004,1,203330
2639681,0,0.0113659,1,203691
2655741,0.04,0.0375052,1,203804
2661581,0.06,0.0583,1,203867
2665961,0,0.0078264,1,203909
2667421,0,0.00156528,1,203909
2731661,0.07,0.0713467,1,204448
2741881,0.1,0.0991308,1,204533
2749181,0.03,0.0318397,1,204593
2790061,0.01,0.0118205,1,204902
2806121,0.02,0.0176025,1,205035
2814881,0.05,0.0518693,1,205113
2826561,0.03,0.0315133,1,205201
2844081,0.07,0.0714941,1,205324
2858681,0,0.000633056,1,205457
2870361,0.13,0.119647,1,205558
2896641,0.19,0.191507,1,205748
2898101,0.2,0.198301,1,205748
2902481,0.21,0.207666,1,205819
2906861,0.22,0.218301,1,205833
2949201,0.18,0.178333,1,206166
2975481,0.28,0.278365,1,206386
2988621,0.31,0.3155,1,206482
3004681,0.36,0.358269,1,206596
3009061,0.31,0.315826,1,206671
3025121,0.32,0.318333,1,206744
3033881,0.36,0.357532,1,206847
3106881,0.71,0.707666,2,207409
3108341,0.72,0.717533,2,207409
3109801,0.73,0.727507,2,207428
3111261,0.74,0.737501,2,207428
3112721,0.75,0.7475,2,207464
3114181,0.76,0.7575,2,207464
3115641,0.77,0.7675,2,207482
3117101,0.78,0.7775,2,207482
3118561,0.75,0.7555,2,207495
3120021,0.76,0.7591,2,207495
3121481,0.81,0.79982,2,207558
3122941,0.82,0.815964,2,207558
3124401,0.81,0.811193,2,207572
3125861,0.82,0.818239,2,207572
3127321,0.83,0.827648,2,207587
3128781,0.84,0.83753,2,207587
3130241,0.83,0.831506,2,207613
3131701,0.84,0.838301,2,207613
3133161,0.87,0.86366,2,207630
3134621,0.88,0.876732,2,207630
3136081,0.87,0.871346,2,207632
3137541,0.88,0.878269,2,207632
3139001,0.85,0.855654,2,207671
3140461,0.86,0.859131,2,207671
3141921,0.85,0.851826,2,207711
3143381,0.86,0.858365,2,207711
3144841,0.89,0.883673,2,207739
3146301,0.9,0.896735,2,207739
3147761,0.89,0.891347,2,207741
3149221,0.9,0.898269,2,207741
3150681,0.89,0.891654,2,207759
3152141,0.9,0.898331,2,207759
3153601,0.89,0.891666,2,207790
3155061,0.9,0.898333,2,207790
3156521,0.87,0.875667,2,207817
3157981,0.88,0.879133,2,207817
3159441,0.88,0.879827,2,207817
3160901,0.89,0.887965,2,207843
3162361,0.9,0.897593,2,207843
3163821,0.91,0.907519,2,207865
3165281,0.92,0.917504,2,207865
3166741,0.93,0.927501,2,207885
3168201,0.94,0.9375,2,207885
3169661,0.93,0.9315,2,207922
3171121,0.94,0.9383,2,207922
3172581,0.91,0.91566,2,207941
3174041,0.92,0.919132,2,207941
3175501,0.91,0.911826,2,207953
3176961,0.92,0.918365,2,207953
3178421,0.93,0.927673,2,208019
3179881,0.94,0.937535,2,208019
3181341,0.93,0.931507,2,208033
3182801,0.94,0.938301,2,208033
3184261,0.95,0.94766,2,208049
3187181,0.95,0.95,2,208075
3397421,0.92,0.92,2,209843
3346321,0.73,0.768,2,209878
3406181,0.01,0.0373023,1,210055
3407641,0.07,0.0634605,1,210073
3439761,0.04,0.0401742,1,210591
3444141,0.03,0.0355214,1,210634
3455821,0.04,0.0383928,1,210817
3461661,0.14,0.133565,1,210908
3466041,0.03,0.0631485,1,211013
3505461,0.06,0.0599656,1,211536
3515681,0.02,0.0196672,1,211662
3524441,0.22,0.220348,1,211812
3527361,0.2,0.199214,1,211863
3528821,0.23,0.223843,1,211892
3531741,0.23,0.231354,1,211904
3574081,0.72,0.715932,2,212514
3575541,0.71,0.711186,2,212544
3577001,0.72,0.718237,2,212544
3641241,0.81,0.81,2,213596
3642701,0.82,0.818,2,213596
3644161,0.71,0.7316,2,213623
3645621,0.72,0.72232,2,213623
3647081,0.72,0.720464,2,213623
3663141,0.41,0.391949,1,213856
3668981,0.25,0.249075,1,213936
3673361,0.12,0.123913,1,213969
3696721,0.02,0.0191013,1,214297
3698181,0.03,0.0278203,1,214325
3706941,0.25,0.335922,1,214479
3712781,0,0.0326015,1,214538
3741981,0.26,0.256664,1,214912
3753661,0.24,0.238399,1,215000
3760961,0.17,0.1723,1,215093
3769721,0.13,0.123692,1,215256
3790161,0.05,0.0556605,1,215456
3797461,0.09,0.0875186,1,215523
3817901,0.15,0.147488,1,215818
3826661,0.19,0.18766,1,215880
3829581,0.17,0.175506,1,215913
3845641,0.28,0.277437,1,216133
3892361,0.71,0.707026,2,216726
3893821,0.72,0.717405,2,216726
3895281,0.71,0.711481,2,216728
3896741,0.72,0.718296,2,216728
3898201,0.73,0.727659,2,216750
3899661,0.74,0.737532,2,216750
3901121,0.75,0.747506,2,216782
3902581,0.76,0.757501,2,216782
3904041,0.75,0.7515,2,216784
3905501,0.76,0.7583,2,216784
3906961,0.77,0.76766,2,216823
3908421,0.78,0.777532,2,216823
3909881,0.83,0.819506,2,216868
3911341,0.84,0.835901,2,216868
3912801,0.83,0.83118,2,216900
3914261,0.84,0.838236,2,216900
3915721,0.83,0.831647,2,216989
3917181,0.84,0.838329,2,216989
3918641,0.85,0.847666,2,217015
3920101,0.86,0.857533,2,217015
3921561,0.89,0.883507,2,217087
3923021,0.9,0.896701,2,217087
3924481,0.89,0.89134,2,217107
3925941,0.9,0.898268,2,217107
3927401,0.83,0.843654,2,217142
3928861,0.84,0.840731,2,217142
3930321,0.83,0.832146,2,217183
3931781,0.84,0.838429,2,217183
3933241,0.83,0.831686,2,217185
3934701,0.84,0.838337,2,217185
3936161,0.85,0.847667,2,217208
3937621,0.86,0.857534,2,217208
3939081,0.83,0.835507,2,217241
3940541,0.84,0.839101,2,217241
3942001,0.83,0.83182,2,217243
3943461,0.84,0.838364,2,217243
3944921,0.83,0.831673,2,217283
3946381,0.84,0.838335,2,217283
3947841,0.84,0.839667,2,217283
3949301,0.85,0.847933,2,217331
3950761,0.86,0.857587,2,217331
3952221,0.85,0.851517,2,217363
3953681,0.86,0.858303,2,217363
3955141,0.85,0.851661,2,217452
3956601,0.86,0.858332,2,217452
3958061,0.83,0.835666,2,217479
3959521,0.84,0.839133,2,217479
3960981,0.79,0.799827,2,217553
3962441,0.8,0.799965,2,217553
3963901,0.79,0.791993,2,217573
3965361,0.8,0.798399,2,217573
3966821,0.79,0.79168,2,217605
3968281,0.8,0.798336,2,217605
3969741,0.81,0.807667,2,217646
3971201,0.82,0.817533,2,217646
3972661,0.81,0.811507,2,217648
3974121,0.82,0.818301,2,217648
3975581,0.83,0.82766,2,217672
3977041,0.84,0.837532,2,217672
3978501,0.85,0.847506,2,217704
3979961,0.86,0.857501,2,217704
3981421,0.85,0.8515,2,217706
3982881,0.86,0.8583,2,217706
3984341,0.91,0.89966,2,217746
3985801,0.92,0.915932,2,217746
3987261,0.91,0.911186,2,217794
3988721,0.92,0.918237,2,217794
3990181,0.91,0.911647,2,217826
3991641,0.92,0.918329,2,217826
3993101,0.93,0.927666,2,217915
3994561,0.94,0.937533,2,217915
3996021,0.93,0.931507,2,217941
3997481,0.94,0.938301,2,217941
3998941,0.95,0.94766,2,218013
4108441,0.94,0.94,2,219435
4109901,0.88,0.892,2,219467
4111361,0.83,0.8424,2,219527
4112821,0.71,0.73648,2,219559
4123041,0.33,0.333525,1,219789
4142021,0.26,0.254299,1,220226
4143481,0.15,0.17086,1,220333
4149321,0.39,0.339857,1,220476
4168301,0.73,0.711475,2,220916
4169761,0.74,0.734295,2,220916
4171221,0.75,0.746859,2,220981
4172681,0.76,0.757372,2,220981
4174141,0.75,0.751474,2,221001
4175601,0.76,0.758295,2,221001
4177061,0.83,0.815659,2,221105
4178521,0.84,0.835132,2,221105
4179981,0.83,0.831026,2,221107
4181441,0.84,0.838205,2,221107
4182901,0.79,0.799641,2,221213
4184361,0.8,0.799928,2,221213
4185821,0.83,0.823986,2,221291
4187281,0.84,0.836797,2,221291
4191661,0.94,0.94,2,221440
4193121,0.95,0.948,2,221440
4194581,0.93,0.9336,2,221460
4196041,0.94,0.93872,2,221460
4267581,0.86,0.86,2,223096
4269041,0.87,0.868,2,223096
4270501,0.79,0.8056,2,223157
4271961,0.8,0.80112,2,223157
4273421,0.71,0.728224,2,223191
4274881,0.72,0.721645,2,223191
4311381,0.04,0.0383321,1,223878
4330361,0.11,0.107794,1,224234
4334741,0.18,0.175902,1,224300
4385841,0.24,0.235901,1,225160
4391681,0.26,0.257529,1,225257
4406281,0.2,0.198333,1,225463
4415041,0.37,0.371031,1,225629
4417961,0.39,0.387641,1,225691
4448621,0.72,0.715868,2,226188
4450081,0.73,0.727174,2,226216
4451541,0.74,0.737435,2,226216
4453001,0.77,0.763487,2,226296
4454461,0.78,0.776697,2,226296
4455921,0.79,0.787339,2,226337
4457381,0.8,0.797468,2,226337
4458841,0.79,0.791494,2,226339
4460301,0.8,0.798299,2,226339
4461761,0.87,0.85566,2,226401
4463221,0.88,0.875132,2,226401
4464681,0.87,0.871026,2,226482
4466141,0.88,0.878205,2,226482
4467601,0.88,0.879641,2,226482
4469061,0.89,0.887928,2,226519
4470521,0.9,0.897586,2,226519
4471981,0.91,0.907517,2,226584
4473441,0.92,0.917503,2,226584
4474901,0.95,0.943501,2,226644
4477821,0.93,0.93,2,226673
4479281,0.94,0.938,2,226673
4480741,0.95,0.9476,2,226755
4489501,0.95,0.95,2,226865
4492421,0.91,0.91,2,226946
4493881,0.92,0.918,2,226946
4495341,0.91,0.9116,2,226948
4496801,0.92,0.91832,2,226948
4612141,0.9,0.9,2,228827
4613601,0.91,0.908,2,228827
4615061,0.73,0.7656,2,228860
4616521,0.74,0.74512,2,228860
4617981,0.75,0.749024,2,228891
4619441,0.76,0.757805,2,228891
4620901,0.73,0.735561,2,228956
4622361,0.74,0.739112,2,228956
4623821,0.73,0.731822,2,228989
4625281,0.74,0.738364,2,228989
4667621,0.4,0.395167,1,229563
4676381,0.38,0.37984,1,229657
4709961,0.71,0.707346,2,230172
4711421,0.72,0.717469,2,230172
4712881,0.75,0.743494,2,230200
4714341,0.76,0.756699,2,230200
4715801,0.77,0.76734,2,230227
4717261,0.78,0.777468,2,230227
4718721,0.81,0.803494,2,230296
4720181,0.82,0.816699,2,230296
4721641,0.83,0.82734,2,230333
4723101,0.84,0.837468,2,230333
4724561,0.83,0.831494,2,230366
4726021,0.84,0.838299,2,230366
4727481,0.83,0.83166,2,230374
4728941,0.84,0.838332,2,230374
4730401,0.85,0.847666,2,230454
4731861,0.86,0.857533,2,230454
4733321,0.86,0.859507,2,230454
4734781,0.93,0.915901,2,230496
4736241,0.94,0.93518,2,230496
4737701,0.93,0.931036,2,230524
4739161,0.94,0.938207,2,230524
4740621,0.91,0.915641,2,230551
4742081,0.92,0.919128,2,230551
4743541,0.91,0.911826,2,230628
4745001,0.92,0.918365,2,230628
4746461,0.91,0.911673,2,230658
4747921,0.92,0.918335,2,230658
4749381,0.93,0.927667,2,230686
4750841,0.94,0.937533,2,230686
4755221,0.95,0.95,2,230795
4758141,0.93,0.93,2,230828
4759601,0.94,0.938,2,230828
4761061,0.93,0.9316,2,230836
4762521,0.94,0.93832,2,230836
4901221,0.94,0.94,2,232734
4902681,0.95,0.948,2,232734
4904141,0.91,0.9176,2,232765
4905601,0.92,0.91952,2,232765
4907061,0.85,0.863904,2,232806
4908521,0.86,0.860781,2,232806
4909981,0.83,0.836156,2,232840
4911441,0.84,0.839231,2,232840
4912901,0.75,0.767846,2,232870
4914361,0.76,0.761569,2,232870
4915821,0.73,0.736314,2,232901
4917281,0.74,0.739263,2,232901
4933341,0.33,0.34754,1,233142
4939181,0.23,0.236332,1,233203
4942101,0.17,0.183853,1,233232
4945021,0.13,0.140154,1,233270
4947941,0.11,0.116006,1,233303
4955241,0.08,0.0791667,1,233359
4959621,0.09,0.0876733,1,233411
4961081,0.1,0.0975347,1,233411
4966921,0.07,0.0795161,1,233482
4997581,0.12,0.119135,1,233803
4999041,0.17,0.159827,1,233837
5000501,0.18,0.175965,1,233837
5026781,0.4,0.398332,1,234158
5089561,0.72,0.715132,2,234820
5091021,0.77,0.759026,2,234892
5092481,0.78,0.775805,2,234892
5093941,0.77,0.771161,2,234912
5095401,0.78,0.778232,2,234912
5096861,0.79,0.787646,2,234954
5098321,0.8,0.797529,2,234954
5099781,0.77,0.775506,2,234979
5101241,0.78,0.779101,2,234979
5102701,0.79,0.78782,2,235015
5104161,0.8,0.797564,2,235015
5105621,0.79,0.791513,2,235047
5107081,0.8,0.798303,2,235047
5108541,0.81,0.807661,2,235071
5110001,0.82,0.817532,2,235071
5111461,0.81,0.811506,2,235103
5112921,0.82,0.818301,2,235103
5114381,0.81,0.81166,2,235121
5115841,0.82,0.818332,2,235121
5117301,0.81,0.811666,2,235158
5118761,0.82,0.818333,2,235158
5120221,0.81,0.811667,2,235194
5121681,0.82,0.818333,2,235194
5123141,0.83,0.827667,2,235228
5124601,0.84,0.837533,2,235228
5126061,0.83,0.831507,2,235230
5127521,0.84,0.838301,2,235230
5128981,0.89,0.87966,2,235277
5130441,0.9,0.895932,2,235277
5131901,0.9,0.899186,2,235277
5133361,0.91,0.907837,2,235352
5134821,0.92,0.917567,2,235352
5136281,0.91,0.911514,2,235372
5137741,0.92,0.918303,2,235372
5139201,0.95,0.943661,2,235415
5142121,0.95,0.95,2,235439
5159641,0.95,0.95,2,235620
5165481,0.95,0.95,2,235691
5168401,0.95,0.95,2,235693
5171321,0.93,0.93,2,235743
5172781,0.94,0.938,2,235743
5343601,0.89,0.89,2,237671
5345061,0.9,0.898,2,237671
5346521,0.72,0.7556,2,237715
5347981,0.73,0.73512,2,237715
5315861,0.37,0.393734,1,237924
5364041,0.19,0.230747,1,237977
5402001,0.05,0.05566,1,238788
5403461,0.06,0.059132,1,238788
5418061,0.05,0.0601594,1,239167
5426821,0.23,0.195821,1,239288
5466241,0.39,0.391788,1,240068
5502741,0.73,0.715837,2,240693
5504201,0.74,0.735167,2,240693
5505661,0.77,0.763034,2,240807
5507121,0.78,0.776607,2,240807
5508581,0.79,0.787321,2,240914
5510041,0.8,0.797464,2,240914
5511501,0.79,0.791493,2,240926
5512961,0.8,0.798299,2,240926
5514421,0.81,0.80766,2,240958
5515881,0.82,0.817532,2,240958
5517341,0.87,0.859506,2,241045
5518801,0.88,0.875901,2,241045
5520261,0.87,0.87118,2,241047
5521721,0.88,0.878236,2,241047
5523181,0.91,0.903647,2,241109
5524641,0.92,0.916729,2,241109
5645821,0.87,0.87,2,243415
5647281,0.88,0.878,2,243415
5648741,0.86,0.8636,2,243446
5650201,0.87,0.86872,2,243446
5651661,0.85,0.853744,2,243498
5653121,0.86,0.858749,2,243498
5654581,0.73,0.75575,2,243525
5656041,0.74,0.74315,2,243525
5673561,0.19,0.208164,1,243883
5695461,0.2,0.198433,1,244233
5702761,0.15,0.151987,1,244314
5733421,0.31,0.299517,1,244743
5745101,0.37,0.34768,1,244957
5804961,0.75,0.715666,2,245843
5806421,0.76,0.751133,2,245843
5807881,0.77,0.766227,2,245879
5809341,0.78,0.777245,2,245879
5810801,0.81,0.803449,2,245953
5812261,0.82,0.81669,2,245953
5813721,0.79,0.795338,2,245988
5815181,0.8,0.799068,2,245988
5816641,0.79,0.791814,2,245990
5818101,0.8,0.798363,2,245990
5819561,0.77,0.775673,2,246021
5821021,0.78,0.779135,2,246021
5822481,0.77,0.771827,2,246074
5823941,0.78,0.778365,2,246074
5825401,0.77,0.771673,2,246076
5826861,0.78,0.778335,2,246076
5828321,0.77,0.771667,2,246106
5829781,0.78,0.778333,2,246106
5831241,0.77,0.771667,2,246156
5832701,0.78,0.778333,2,246156
5834161,0.77,0.771667,2,246180
5835621,0.78,0.778333,2,246180
5837081,0.95,0.915667,2,246302
5840001,0.94,0.94,2,246339
5841461,0.95,0.948,2,246339
6013741,0.94,0.94,2,248805
6015201,0.95,0.948,2,248805
6019581,0.93,0.93,2,248892
6021041,0.94,0.938,2,248892
6091121,0.86,0.86,2,249853
6092581,0.87,0.868,2,249853
6094041,0.91,0.9016,2,249893
6095501,0.92,0.91632,2,249893
6096961,0.84,0.855264,2,249927
6098421,0.85,0.851053,2,249927
6099881,0.85,0.850211,2,249952
6101341,0.86,0.858042,2,249952
6102801,0.87,0.867608,2,249970
6104261,0.88,0.877522,2,249970
6105721,0.83,0.839504,2,250001
6107181,0.84,0.839901,2,250001
6108641,0.77,0.78398,2,250036
6110101,0.78,0.780796,2,250036
6111561,0.81,0.804159,2,250062
6113021,0.82,0.816832,2,250062
6149521,0.75,0.73966,2,250524
6150981,0.76,0.755932,2,250524
6152441,0.75,0.751186,2,250556
6153901,0.76,0.758237,2,250556
6155361,0.77,0.767647,2,250595
6156821,0.78,0.777529,2,250595
6158281,0.79,0.787506,2,250621
6159741,0.8,0.797501,2,250621
6161201,0.8,0.7995,2,250621
6162661,0.87,0.8559,2,250691
6164121,0.88,0.87518,2,250691
6165581,0.89,0.887036,2,250718
6167041,0.9,0.897407,2,250718
6168501,0.87,0.875481,2,250771
6169961,0.88,0.879096,2,250771
6171421,0.89,0.887819,2,250814
6172881,0.9,0.897564,2,250814
6174341,0.93,0.923513,2,250849
6175801,0.94,0.936703,2,250849
6177261,0.93,0.931341,2,250870
6178721,0.94,0.938268,2,250870
6180181,0.93,0.931654,2,250890
6181641,0.94,0.938331,2,250890
6361221,0.92,0.92,2,253085
6362681,0.93,0.928,2,253085
6364141,0.85,0.8656,2,253121
6365601,0.86,0.86112,2,253121
6367061,0.81,0.820224,2,253155
6368521,0.82,0.820045,2,253155
6369981,0.77,0.780009,2,253186
6371441,0.78,0.780002,2,253186
6372901,0.71,0.724,2,253224
6374361,0.72,0.7208,2,253224
6375821,0.71,0.71216,2,253242
6388961,0.01,0.0186207,1,253617
6415241,0.09,0.0878411,1,254206
6424001,0.05,0.064428,1,254433
6453201,0.25,0.251691,1,254976
6461961,0.36,0.358355,1,255123
6510141,0.72,0.715807,2,256181
6511601,0.75,0.743161,2,256270
6513061,0.76,0.756632,2,256270
6514521,0.75,0.751326,2,256294
6515981,0.76,0.758265,2,256294
6517441,0.75,0.751653,2,256296
6518901,0.76,0.758331,2,256296
6520361,0.81,0.799666,2,256385
6521821,0.82,0.815933,2,256385
6523281,0.83,0.827187,2,256448
6524741,0.84,0.837437,2,256448
6526201,0.83,0.831487,2,256450
6527661,0.84,0.838298,2,256450
6529121,0.93,0.91166,2,256544
6530581,0.94,0.934332,2,256544
6648841,0.89,0.89,2,258847
6650301,0.9,0.898,2,258847
6651761,0.85,0.8596,2,258900
6653221,0.86,0.85992,2,258900
6664901,0.35,0.356043,1,259184
6726221,0.28,0.27758,1,260101
6729141,0.26,0.259103,1,260135
6784621,0.71,0.707933,2,260982
6786081,0.72,0.717587,2,260982
6787541,0.73,0.727517,2,261016
6789001,0.74,0.737503,2,261016
6790461,0.83,0.811501,2,261060
6791921,0.84,0.8343,2,261060
6793381,0.79,0.79886,2,261110
6794841,0.8,0.799772,2,261110
6796301,0.83,0.823954,2,261182
6797761,0.84,0.836791,2,261182
6799221,0.77,0.783358,2,261292
6800681,0.78,0.780672,2,261292
6802141,0.75,0.756134,2,261325
6803601,0.76,0.759227,2,261325
6805061,0.75,0.751845,2,261380
6806521,0.76,0.758369,2,261380
6807981,0.75,0.751674,2,261416
6809441,0.76,0.758335,2,261416
6810901,0.75,0.751667,2,261418
6812361,0.76,0.758333,2,261418
6813821,0.75,0.751667,2,261438
6815281,0.76,0.758333,2,261438
6816741,0.75,0.751667,2,261473
6818201,0.76,0.758333,2,261473
6819661,0.83,0.815667,2,261522
6821121,0.84,0.835133,2,261522
6822581,0.87,0.863027,2,261570
6824041,0.88,0.876605,2,261570
6825501,0.85,0.855321,2,261644
6826961,0.86,0.859064,2,261644
6828421,0.85,0.851813,2,261751
6829881,0.86,0.858363,2,261751
6831341,0.87,0.867672,2,261783
6832801,0.88,0.877535,2,261783
6834261,0.95,0.935507,2,261838
6953981,0.91,0.91,2,263546
6955441,0.92,0.918,2,263546
6956901,0.93,0.9276,2,263657
6958361,0.94,0.93752,2,263657
6959821,0.87,0.883504,2,263691
6961281,0.88,0.880701,2,263691
6962741,0.73,0.76014,2,263747
6964201,0.74,0.744028,2,263747
7028441,0.73,0.719039,2,264601
7029901,0.74,0.735808,2,264601
7031361,0.75,0.747162,2,264652
7032821,0.76,0.757432,2,264652
7034281,0.75,0.751486,2,264684
7035741,0.76,0.758297,2,264684
7037201,0.77,0.767659,2,264719
7038661,0.78,0.777532,2,264719
7040121,0.79,0.787506,2,264743
7041581,0.8,0.797501,2,264743
7264961,0.04,0.0383948,1,267583
7267881,0.06,0.0575358,1,267610
7270801,0.06,0.0583014,1,267630
7273721,0.04,0.0391321,1,267652
7283941,0.03,0.0355067,1,267823
7294161,0.04,0.0384255,1,267914
7308761,0.07,0.0713528,1,268053
7318981,0.14,0.139097,1,268128
7324821,0.14,0.139103,1,268245
7327741,0.12,0.119164,1,268286
7340881,0.01,0.0196733,1,268396
7352561,0.07,0.0714939,1,268502
7361321,0.11,0.103667,1,268578
7368621,0.26,0.256571,1,268713
7380301,0.32,0.3183,1,268794
7391981,0.33,0.335661,1,268903
7399281,0.38,0.378271,1,268953
7409501,0.37,0.371513,1,269147
7410961,0.38,0.378303,1,269147
7412421,0.35,0.355661,1,269174
7418261,0.39,0.387513,1,269229
8254841,0.03,0.0278272,1,279445
8269441,0.07,0.0636787,1,279638
8278201,0.04,0.038399,1,279761
8297181,0.05,0.04782,1,280062
8357041,0.07,0.0596728,1,280908
8365801,0.07,0.0716659,1,281029
8371641,0.09,0.0799867,1,281136
8395001,0.13,0.131647,1,281453
8399381,0.2,0.195933,1,281523
8403761,0.24,0.236767,1,281561
8428581,0.37,0.363666,1,281953
8705981,0.31,0.311673,1,285666
8729341,0.41,0.399667,1,285900
9060761,0.03,0.0396356,1,290021
9062221,0.01,0.0159271,1,290112
9063681,0.02,0.0191854,1,290112
9073901,0.01,0.0193528,1,290397
9097261,0.01,0.0122754,1,290849
9126461,0.06,0.0567361,1,291377
9139601,0.09,0.0991677,1,291692
9158581,0.01,0.0158272,1,292091
9161501,0.03,0.0278331,1,292117
9180481,0.12,0.118301,1,292443
9202381,0.32,0.317586,1,292786
9405321,0.14,0.149083,1,296437
9406781,0.07,0.0858166,1,296471
9431601,0.11,0.123778,1,296782
9435981,0.18,0.17603,1,296865
9440361,0.19,0.191488,1,296934
9453501,0.38,0.377501,1,297097
9457881,0.39,0.3915,1,297152
9720681,0.25,0.257312,1,300869
9730901,0.02,0.0177062,1,301011
9738201,0.05,0.0475065,1,301132
9755721,0.11,0.103826,1,301302
9789301,0.25,0.251488,1,301707
9836021,0.19,0.191506,1,302236
9850621,0.01,0.0160253,1,302446
9869601,0.11,0.107801,1,302591
9897341,0.28,0.278301,1,302894
10222921,0.02,0.0176734,1,306922
10227301,0.05,0.0475014,1,307072
10228761,0.06,0.0575003,1,307072
10263801,0.05,0.0436786,1,307766
10269641,0.11,0.0996539,1,307919
10291541,0.06,0.0583026,1,308345
10301761,0.09,0.0996595,1,308522
10339721,0.4,0.396601,1,309270
10529521,0.28,0.284703,1,312648
10551421,0.07,0.0719621,1,312986
10568941,0.27,0.263487,1,313308
10571861,0.25,0.255339,1,313337
10576241,0.32,0.315963,1,313387
10587921,0.33,0.327933,1,313510
10865321,0.17,0.147687,1,317514
10871161,0.09,0.0807483,1,317589
10897441,0.09,0.0956671,1,317904
10900361,0.01,0.0278267,1,317943
10936861,0.24,0.238205,1,318364
10947081,0.28,0.27913,1,318466
10954381,0.37,0.367641,1,318567
10974821,0.25,0.251846,1,318798
11296021,0.15,0.143937,1,322544
11326681,0.1,0.0975026,1,322762
11331061,0,0.00814002,1,322835
11373401,0.09,0.087648,1,323218
11383621,0.08,0.0774462,1,323365
11402601,0.17,0.171506,1,323543
11431801,0.07,0.0679757,1,323854
11458081,0.14,0.13982,1,324018
11465381,0.17,0.171501,1,324108
11479981,0.21,0.21134,1,324290
11498961,0.26,0.258333,1,324421
11501881,0.28,0.277533,1,324445
11503341,0.27,0.271507,1,324447
11510641,0.3,0.299069,1,324504
12309261,0.08,0.0785437,1,335446
12315101,0.02,0.0207337,1,335570
12338461,0.13,0.131036,1,335845
12347221,0.07,0.0761402,1,335991
12348681,0.08,0.079228,1,335991
12355981,0.01,0.0195198,1,336077
12376421,0.01,0.0195067,1,336299
12379341,0.03,0.0279803,1,336336
12383721,0.04,0.0383038,1,336416
12389561,0.04,0.0368613,1,336471
12402701,0.05,0.0516539,1,336592
12408541,0.04,0.0398266,1,336660
12447961,0.13,0.123961,1,337148
12481541,0.2,0.198365,1,337548
12483001,0.17,0.175673,1,337575
12836321,0.12,0.116763,1,341640
12843621,0.15,0.147813,1,341722
12849461,0.23,0.21566,1,341840
12855301,0.21,0.211801,1,341889
12874281,0.32,0.3167,1,342009
12878661,0.31,0.311654,1,342067
12880121,0.32,0.318331,1,342067
13176501,0.33,0.349278,1,345452
13210081,0.06,0.0597043,1,346162
13217381,0.19,0.187475,1,346280
13221761,0.22,0.2175,1,346392
13231981,0.25,0.251678,1,346587
13248041,0.34,0.337468,1,346889
13253881,0.4,0.395932,1,347019
13651001,0.21,0.213133,1,354177
13665601,0.26,0.257408,1,354502
13675821,0.35,0.347487,1,354818
13811601,0.37,0.3876,1,358339
13815981,0.36,0.359261,1,358386
13826201,0,0.00118527,1,358570
13848101,0.09,0.0724858,1,359085
13878761,0.19,0.187654,1,359673
13894821,0.18,0.179933,1,359938
13897741,0.2,0.197597,1,360029
13899201,0.21,0.207519,1,360055
13902121,0.25,0.243501,1,360104
14102141,0.08,0.0811534,1,363655
14106521,0.05,0.0441692,1,363750
14107981,0.06,0.0568338,1,363750
14143021,0.02,0.0183322,1,364224
14153241,0.02,0.0183641,1,364362
14162001,0.02,0.0214053,1,364502
14167841,0.02,0.0176342,1,364596
14186821,0.03,0.0278274,1,364875
14197041,0.06,0.0568267,1,365017
14240841,0.11,0.103666,1,365600
14275881,0.16,0.159347,1,366027
14283181,0.19,0.187661,1,366146
14290481,0.3,0.295868,1,366245
14297781,0.29,0.295659,1,366341
14302161,0.34,0.336765,1,366380
14567881,0.25,0.264654,1,369905
14575181,0.08,0.0840015,1,369965
14589781,0.03,0.035385,1,370120
14616061,0.07,0.0838252,1,370444
14629201,0.12,0.116736,1,370542
14639421,0.17,0.163507,1,370673
14684681,0.33,0.319673,1,371198
14689061,0.34,0.338237,1,371233
14696361,0.35,0.351353,1,371304
15014641,0.07,0.0675131,1,375419
15017561,0.13,0.119501,1,375508
15030701,0.07,0.0715136,1,375663
15065741,0.37,0.37118,1,376477
15262841,0.1,0.0966989,1,380181
15267221,0.13,0.119814,1,380236
15300801,0.15,0.159506,1,380710
15305181,0.16,0.158396,1,380764
15321241,0.13,0.134867,1,381064
15331461,0.18,0.178269,1,381139
15344601,0.03,0.0332536,1,381369
15351901,0.09,0.0931178,1,381492
15363581,0.13,0.127666,1,381623
15401541,0.31,0.303506,1,382221
15404461,0.31,0.31134,1,382223
15413221,0.36,0.359347,1,382345
16514061,0.24,0.239162,1,395776
16515521,0.25,0.247832,1,395847
16518441,0.29,0.283513,1,395922
16746201,0.03,0.032159,1,399946
16778321,0.02,0.0207015,1,400369
16800221,0.11,0.10366,1,400662
16817741,0.09,0.0916797,1,400959
16825041,0.12,0.117533,1,401015
16833801,0.31,0.287196,1,401175
17610521,0.14,0.1375,1,410766
17632421,0.21,0.215199,1,410968
17655781,0.38,0.378265,1,411193
17658701,0.4,0.397531,1,411224
18022241,0.04,0.0375964,1,415282
18041221,0.06,0.0615349,1,415586
18044141,0.04,0.0392614,1,415642
18080641,0.15,0.139353,1,416293
18083561,0.17,0.167174,1,416352
18109841,0.28,0.277532,1,416781
18909921,0.15,0.172654,1,427959
18912841,0,0.0325062,1,427986
18920141,0.06,0.0582504,1,428054
18927441,0.03,0.0353594,1,428149
18955181,0.03,0.0398717,1,428407
18984381,0.01,0.0195128,1,428718
19029641,0.04,0.0383013,1,429140
19035481,0,0.00153328,1,429206
19038401,0.06,0.0560613,1,429237
19054461,0,0.00147697,1,429342
19057381,0.04,0.0368591,1,429377
19095341,0.1,0.0983628,1,429744
19109941,0.06,0.0583332,1,429905
19136221,0.12,0.117501,1,430136
19166881,0.1,0.0975308,1,430448
19169801,0.1,0.0983012,1,430477
19180021,0.17,0.167346,1,430562
19207761,0.34,0.336764,1,430815
19217981,0.37,0.367513,1,430936
19585901,0.11,0.15439,1,434565
19604881,0.03,0.0390202,1,434895
19613641,0.2,0.194998,1,435080
19620941,0.07,0.0598768,1,435207
19634081,0.04,0.0391039,1,435417
19637001,0.06,0.0575642,1,435510
19641381,0.03,0.0395005,1,435597
19654521,0.06,0.057628,1,435770
19685181,0.12,0.118237,1,436264
19696861,0.18,0.180696,1,436480
19701241,0.23,0.223526,1,436553
19721681,0.38,0.37664,1,436878
19975721,0.18,0.185636,1,440886
19978641,0.16,0.159425,1,440917
19985941,0.01,0.0163198,1,441059
20000541,0.09,0.0911751,1,441205
20056021,0.32,0.317563,1,441937
20058941,0.3,0.299103,1,441966
20060401,0.27,0.275821,1,441995
20377221,0.04,0.0421159,1,445922
20396201,0.05,0.0479859,1,446112
20410801,0,0.0313584,1,446265
20426861,0.04,0.039072,1,446442
20441461,0.09,0.0758207,1,446567
20453141,0.05,0.0518269,1,446687
20470661,0.09,0.0836539,1,446892
20498401,0.04,0.0423615,1,447162
20504241,0.02,0.0191398,1,447213
20511541,0.11,0.107641,1,447317
20515921,0.12,0.118301,1,447319
20524681,0.11,0.111933,1,447415
20552421,0.3,0.298429,1,447713
20558261,0.32,0.318301,1,447745
20561181,0.3,0.299132,1,447776
20565561,0.29,0.291673,1,447808
20568481,0.31,0.307667,1,447842
20914501,0.01,0.0260283,1,451653
20946621,0.04,0.0391677,1,452263
20949541,0.08,0.0767667,1,452318
20993341,0.17,0.171869,1,453108
20996261,0.15,0.155675,1,453167
20999181,0.21,0.199827,1,453223
21006481,0.34,0.33737,1,453352
21016701,0.39,0.383666,1,453537
21215261,0.24,0.240197,1,456997
21533541,0.19,0.220332,1,461455
21539381,0.05,0.0605125,1,461533
21542301,0,0.0120205,1,461609
21549601,0.04,0.0405798,1,461696
21597781,0.06,0.0575321,1,462223
21616761,0,0.0196659,1,462452
21621141,0.08,0.0753573,1,462508
21631361,0.03,0.0283002,1,462613
21634281,0.01,0.015532,1,462647
21640121,0.01,0.0116729,1,462704
21660561,0.04,0.0368614,1,462933
21664941,0.09,0.0873349,1,462993
21682461,0.01,0.0234946,1,463155
21707281,0.12,0.1175,1,463442
21716041,0.16,0.157532,1,463525
21718961,0.18,0.177501,1,463550
21740861,0.14,0.139135,1,463814
21742321,0.11,0.115827,1,463843
21762761,0.19,0.195506,1,464036
21781741,0.24,0.237533,1,464242
22371581,0.35,0.363354,1,470606
22378881,0.36,0.360283,1,470738
22589121,0.09,0.0720164,1,474622
22597881,0.04,0.0391982,1,474728
22599341,0.07,0.0638396,1,474767
22621241,0.06,0.058272,1,475049
22622701,0.13,0.115654,1,475108
22634381,0.11,0.103833,1,475299
22656281,0.11,0.0995175,1,475578
22659201,0.15,0.143181,1,475618
22672341,0.2,0.199132,1,475832
22685481,0.19,0.195187,1,476004
22948281,0.31,0.328832,1,479738
22977481,0.15,0.150873,1,480102
23008141,0.09,0.0918658,1,480452
23025661,0.15,0.15166,1,480651
23038801,0.08,0.0784921,1,480824
23069461,0.13,0.127673,1,481130
23091361,0.13,0.131517,1,481382
23100121,0.19,0.195027,1,481487
23111801,0.23,0.231347,1,481587
23660761,0.39,0.395986,1,487598
24310461,0.35,0.352911,1,493924
24323601,0.23,0.230339,1,494156
24341121,0.18,0.178304,1,494411
24357181,0.3,0.299487,1,494706
24361561,0.39,0.383196,1,494774
24622901,0.04,0.0382839,1,498864
24631661,0.02,0.0177228,1,498991
24636041,0.01,0.00814178,1,499055
24640421,0.1,0.0951051,1,499074
24660861,0,0.00150276,1,499382
24671081,0.15,0.135358,1,499499
24704661,0.13,0.115672,1,499927
24736781,0.01,0.011661,1,500324
24744081,0.06,0.0575013,1,500369
24747001,0.08,0.0775001,1,500407
24751381,0.09,0.08766,1,500440
24787881,0.09,0.0876598,1,500866
24789341,0.1,0.097532,1,500866
24798101,0.02,0.0185227,1,501049
24828761,0.09,0.103334,1,501393
24833141,0.09,0.0920267,1,501470
24844821,0.11,0.111501,1,501589
24852121,0.14,0.137533,1,501639
24865261,0.27,0.263321,1,501818
24868181,0.27,0.271333,1,501820
24876941,0.31,0.315647,1,501955
24903221,0.35,0.339366,1,502253
24910521,0.37,0.367929,1,502334
24919281,0.35,0.355666,1,502423
24923661,0.38,0.377565,1,502453
24929501,0.36,0.359132,1,502504
24936801,0.37,0.371661,1,502582
25222961,0.36,0.355999,1,505878
25266761,0.05,0.0558328,1,506317
25278441,0.15,0.135814,1,506421
25284281,0.15,0.151641,1,506504
25314941,0.28,0.278269,1,506742
25316401,0.25,0.255654,1,506787
25323701,0.3,0.296735,1,506849
26355921,0.37,0.381702,1,516575
26367601,0.37,0.368239,1,516792
26370521,0.32,0.32033,1,516852
26612881,0.01,0.0155192,1,520688
26623101,0.03,0.0318348,1,520785
26647921,0.04,0.0391986,1,521110
26668361,0.12,0.1175,1,521395
26685881,0.22,0.216668,1,521607
26985181,0.23,0.251739,1,525377
26989561,0.1,0.104094,1,525415
26999781,0.04,0.0398273,1,525530
27015841,0.17,0.16366,1,525724
27043581,0.22,0.218333,1,525997
27081541,0.28,0.278335,1,526386
27083001,0.29,0.287667,1,526429
27430481,0.19,0.215422,1,530403
27431941,0.21,0.211084,1,530417
27445081,0.07,0.0715016,1,530721
27450921,0.13,0.123506,1,530833
28093321,0.07,0.0566735,1,541217
28121061,0.09,0.0835187,1,541509
28131281,0.08,0.0768599,1,541641
28145881,0.08,0.0782399,1,541804
28160481,0.16,0.158203,1,541935
28164861,0.17,0.171506,1,541994
28170701,0.05,0.0449464,1,542097
28220341,0.04,0.0375346,1,542617
28229101,0.1,0.096732,1,542681
28249541,0.22,0.217501,1,542943
28274361,0.1,0.0998144,1,543186
28281661,0.21,0.207174,1,543279
28299181,0.31,0.31166,1,543502
28975161,0.39,0.395355,1,550977
29503681,0.33,0.372142,1,559640
29506601,0.41,0.397286,1,559668
29518281,0.39,0.399519,1,559809
29538721,0.38,0.378363,1,560024
29858461,0.39,0.3883,1,563916
30192801,0.07,0.0725468,1,567852
30213241,0.02,0.0191336,1,568246
30216161,0.08,0.0759653,1,568337
30233681,0.08,0.0782694,1,568667
30242441,0.13,0.147192,1,568915
30276021,0.28,0.278328,1,569446
30290621,0.39,0.383965,1,569774
30478961,0.33,0.332653,1,573118
30484801,0.31,0.323348,1,573167
30489181,0.3,0.299227,1,573221
30750521,0.13,0.131346,1,577111
30768041,0.11,0.0996861,1,577278
30769501,0.12,0.115937,1,577278
30773881,0.07,0.0834875,1,577337
30822061,0.37,0.371679,1,577970
31093621,0.06,0.0583014,1,581705
31109681,0.03,0.0475059,1,582128
31143261,0.03,0.0316605,1,582826
31160781,0.01,0.011533,1,583136
31179761,0.01,0.0123253,1,583556
31184141,0.02,0.0183386,1,583558
31188521,0.15,0.139027,1,583763
31204581,0.16,0.158459,1,583979
31226481,0.24,0.238301,1,584407
31432341,0.33,0.368006,1,588237
31454241,0.24,0.239042,1,588556
31463001,0.3,0.297469,1,588675
31470301,0.41,0.399494,1,588845
31933121,0.33,0.378,1,595451
31938961,0.05,0.0601248,1,595581
31943341,0.03,0.034721,1,595636
31944801,0.07,0.0629442,1,595646
31966701,0.09,0.0799397,1,596236
31974001,0.18,0.178202,1,596402
31975461,0.17,0.17164,1,596457
31988601,0.36,0.354267,1,596781
32162341,0.29,0.296811,1,600543
32174021,0.17,0.175668,1,600690
32210521,0.33,0.319347,1,601409
32219281,0.31,0.315666,1,601527
32441201,0.39,0.391935,1,605180
32833941,0.32,0.316764,1,612369
33042721,0.07,0.0638083,1,616572
33054401,0.06,0.0599618,1,616713
33066081,0.04,0.0369241,1,616916
33073381,0.07,0.0678134,1,617034
33095281,0.14,0.135839,1,617389
33111341,0.03,0.0318528,1,617658
33120101,0.04,0.0383355,1,617762
33121561,0.05,0.0476671,1,617816
33123021,0.06,0.0575334,1,617816
33134701,0.12,0.118269,1,617981
33177041,0.26,0.259666,1,618533
33436921,0.35,0.36416,1,622323
33470501,0.41,0.395833,1,622733
34092461,0.1,0.0975746,1,630377
34099761,0.05,0.0407864,1,630614
34101221,0.06,0.0561573,1,630614
34112901,0.12,0.116701,1,630802
34120201,0.07,0.0646133,1,631037
34134801,0.18,0.179334,1,631228
34140641,0.2,0.198303,1,631365
34156701,0.27,0.271347,1,631659
34361101,0.11,0.136947,1,635373
34362561,0.12,0.123389,1,635373
34388841,0.08,0.0775014,1,635770
34401981,0.07,0.0636618,1,636032
34442861,0.12,0.118332,1,636516
34444321,0.17,0.159666,1,636568
34445781,0.18,0.175933,1,636568
34453081,0.25,0.243499,1,636717
34457461,0.28,0.277468,1,636756
34463301,0.16,0.16006,1,636882
34466221,0.22,0.216002,1,636916
34759681,0.33,0.323507,1,640928
34764061,0.38,0.376668,1,641000
35079421,0.33,0.337867,1,644983
35263381,0.01,0.0197975,1,649024
35280901,0.11,0.0958141,1,649341
35286741,0.03,0.0284413,1,649445
35298421,0.06,0.0599613,1,649600
35313021,0.04,0.0416204,1,649867
35315941,0.04,0.0384648,1,649928
35326161,0.01,0.0158264,1,650052
35339301,0.08,0.0790656,1,650290
35352441,0.04,0.0375867,1,650447
35356821,0,0.00382069,1,650509
35409381,0.24,0.23982,1,651316
35422521,0.17,0.15968,1,651628
35441501,0.3,0.298333,1,651784
35777301,0.37,0.376488,1,656721
35788981,0.03,0.0475594,1,656874
35807961,0.04,0.040668,1,657089
35813801,0.08,0.0767371,1,657160
35822561,0.12,0.117563,1,657270
35863441,0.17,0.171654,1,657724
35875121,0.21,0.207501,1,657871
35878041,0.17,0.1795,1,657903
35894101,0.3,0.295996,1,658088
35895561,0.27,0.275199,1,658126
35913081,0.34,0.338299,1,658244
35917461,0.31,0.311826,1,658333
35918921,0.32,0.318365,1,658333
35933521,0.4,0.395933,1,658524
35942281,0.4,0.397534,1,658589
36399261,0.13,0.12384,1,665934
36418241,0.25,0.251801,1,666200
36629941,0.23,0.280033,1,669760
36644541,0.05,0.0561484,1,669939
36647461,0.03,0.0358459,1,669970
36648921,0.04,0.0391692,1,669970
36660601,0.05,0.0753331,1,670192
36662061,0.06,0.0630666,1,670192
36681041,0.05,0.0518461,1,670394
36685421,0.2,0.192735,1,670487
36689801,0.27,0.251782,1,670553
36711701,0.4,0.397532,1,670816
37019761,0.12,0.119667,1,674842
37032901,0.11,0.100147,1,675002
37060641,0.1,0.0991333,1,675300
37062101,0.09,0.0918267,1,675342
37066481,0.08,0.0791346,1,675379
37069401,0.08,0.0783654,1,675409
37073781,0.11,0.103667,1,675479
37095681,0.18,0.178331,1,675695
37126341,0.34,0.338269,1,676028
37133641,0.37,0.371654,1,676124
37446081,0.1,0.0967628,1,679948
37447541,0.13,0.123353,1,680030
37465061,0.16,0.154273,1,680302
37466521,0.19,0.182855,1,680374
37501561,0.26,0.259667,1,681007
37513241,0.38,0.376607,1,681324
37516161,0.38,0.378264,1,681342
37705961,0.07,0.0790741,1,684900
37711801,0.03,0.0358385,1,684997
37759981,0.01,0.0241211,1,685647
37764361,0.06,0.056833,1,685747
37792101,0.04,0.039132,1,686069
37795021,0.04,0.0383653,1,686171
37796481,0.03,0.0316731,1,686230
37800861,0.06,0.0575334,1,686264
37803781,0.02,0.0199013,1,686305
37837361,0.05,0.0516664,1,686765
37841741,0.04,0.0391333,1,686794
37859261,0.17,0.16334,1,687110
37862181,0.21,0.203334,1,687149
37872401,0.24,0.238332,1,687216
37876781,0.21,0.211827,1,687253
38161481,0.22,0.222882,1,691061
38184841,0.34,0.339036,1,691353
38187761,0.36,0.357561,1,691379
38475381,0.33,0.377594,1,694881
38522101,0.03,0.0322811,1,695957
38535241,0.04,0.0375653,1,696191
38542541,0.05,0.0591864,1,696380
38564441,0.23,0.22702,1,696804
38571741,0.26,0.2583,1,696827
38573201,0.25,0.25166,1,696924
38577581,0.32,0.315933,1,697040
38586341,0.32,0.316736,1,697236
38592181,0.32,0.318331,1,697260
38598021,0.4,0.397437,1,697476
38787821,0.12,0.12326,1,701008
38803881,0.13,0.127654,1,701331
38806801,0.19,0.179506,1,701376
38812641,0.17,0.167967,1,701434
38818481,0.18,0.179661,1,701462
38825781,0.33,0.331001,1,701640
39073981,0.32,0.322755,1,705348
39116321,0.1,0.0982988,1,705851
39122161,0.06,0.0591653,1,705962
39123621,0.13,0.115833,1,705998
39144061,0.11,0.111501,1,706247
39149901,0.11,0.111666,1,706277
39164501,0.18,0.177532,1,706466
39184941,0.3,0.298299,1,706702
39209761,0.33,0.33166,1,707025
39212681,0.35,0.347666,1,707068
40855181,0.22,0.215236,1,727146
40869781,0.19,0.195814,1,727318
40881461,0.19,0.191654,1,727493
40907741,0.21,0.211832,1,727780
41659641,0.35,0.368646,1,736182
41668401,0.03,0.0406811,1,736342
41672781,0,0.00288545,1,736427
41690301,0.12,0.11624,1,736739
41700521,0.09,0.0793856,1,736968
41728261,0.02,0.0198721,1,737465
41729721,0.03,0.0279744,1,737479
41751621,0.09,0.075692,1,737887
41754541,0.03,0.0430277,1,737902
41788121,0.28,0.275869,1,738513
42226121,0.33,0.376974,1,745360
42242181,0.07,0.0639387,1,745543
42252401,0.02,0.0183678,1,745649
42269921,0,0.00147563,1,745854
42274301,0.01,0.0115318,1,745925
42277221,0.05,0.0436613,1,745967
42293281,0.08,0.0767346,1,746146
42299121,0.1,0.0998348,1,746219
42318101,0.04,0.03998,1,746432
42344381,0.08,0.0799321,1,746730
42354601,0.09,0.0915005,1,746856
42361901,0.1,0.0983333,1,746915
42375041,0.17,0.159666,1,747103
42391101,0.18,0.176797,1,747280
42423221,0.39,0.391499,1,747623
42723981,0.38,0.380913,1,751034
42735661,0.02,0.017704,1,751139
42744421,0.06,0.0560011,1,751235
42750261,0.03,0.0318336,1,751292
42753181,0.05,0.0476733,1,751308
42766321,0.1,0.0966694,1,751446
42792601,0.1,0.0966424,1,751690
42807201,0.04,0.0406693,1,751844
42864141,0.2,0.196699,1,752351
42899181,0,0.000765333,1,752690
42915241,0.05,0.0518203,1,752833
42919621,0.14,0.135135,1,752859
42956121,0.1,0.0974373,1,753188
42964881,0.16,0.156701,1,753257
42982401,0.14,0.138333,1,753406
43020361,0.26,0.255178,1,753777
43027661,0.29,0.291653,1,753833
43032041,0.3,0.298333,1,753851
43043721,0.37,0.371334,1,753995
44680381,0.04,0.0418259,1,773767
44684761,0.03,0.0355346,1,773927
44725641,0.1,0.0959938,1,774719
44732941,0.19,0.179807,1,774884
45192841,0.37,0.360961,1,782446
45195761,0.39,0.387238,1,782476
45198681,0.27,0.29549,1,782525
45207441,0.3,0.296795,1,782632
45210361,0.34,0.336672,1,782672
45223501,0.35,0.35534,1,782849
45495061,0.32,0.323226,1,786267
45514041,0.07,0.0756557,1,786507
45528641,0.14,0.137564,1,786630
45534481,0.14,0.1391,1,786703
45546161,0.2,0.200606,1,786847
45556381,0.25,0.251359,1,786933
45562221,0.27,0.271506,1,786993
46150601,0.04,0.0368725,1,796344
46159361,0.04,0.040668,1,796472
46169581,0.01,0.0119864,1,796574
46184181,0,0.0151813,1,796866
46190021,0.03,0.0240243,1,796928
46209001,0.01,0.00833077,1,797189
46235281,0,0.0236472,1,797538
46236741,0,0.00472944,1,797538
46267401,0.14,0.140671,1,797959
46274701,0.05,0.0475458,1,798130
46277621,0.01,0.0195018,1,798159
46292221,0.07,0.0713467,1,798278
46300981,0.01,0.023513,1,798453
46327261,0.13,0.107526,1,798758
46340401,0.01,0.00896536,1,798976
46343321,0.05,0.0435586,1,799004
46346241,0.01,0.0193423,1,799042
46355001,0.05,0.0475072,1,799123
46363761,0.19,0.190546,1,799241
46379821,0.12,0.118337,1,799463
46398801,0.24,0.239475,1,799671
46406101,0.37,0.367168,1,799823
46445521,0.38,0.379135,1,800294
47482121,0.29,0.295994,1,816080
47534681,0.4,0.395128,1,816733
48185841,0.03,0.029365,1,825062
48198981,0.05,0.0438294,1,825354
48203361,0.08,0.0774706,1,825415
48215041,0.13,0.123873,1,825635
48219421,0.14,0.138271,1,825699
48225261,0.12,0.117597,1,825840
48245701,0.34,0.339069,1,826266
48634061,0.37,0.388788,1,833054
48660341,0.13,0.115514,1,833446
48664721,0.12,0.119004,1,833484
48698301,0.34,0.338239,1,833911
49149441,0.35,0.352658,1,839657
49164041,0.33,0.339672,1,839789
49174261,0.26,0.259137,1,839911
49175721,0.19,0.203827,1,839940
49218061,0.32,0.318364,1,840370
49567001,0.3,0.296727,1,844700
49571381,0.33,0.323654,1,844776
49572841,0.34,0.336731,1,844776
49755341,0.37,0.392333,1,848210
49761181,0.37,0.36402,1,848343
49774321,0.38,0.381373,1,848504
49993321,0.12,0.122596,1,851907
50002081,0.1,0.0959694,1,852060
50015221,0.13,0.111986,1,852216
50791941,0.35,0.3932,1,861675
50815301,0.03,0.0315072,1,862161
50822601,0,6.12823e-05,1,862257
50826981,0.05,0.0473605,1,862400
50832821,0.07,0.0714998,1,862535
50863481,0.01,0.0081715,1,863099
50904361,0,1.25865e-06,1,863807
50927721,0.02,0.0191628,1,864228
50929181,0.03,0.0278326,1,864275
50942321,0.04,0.0399295,1,864460
50954001,0.03,0.035667,1,864697
50967141,0.04,0.0383321,1,864882
50999261,0.02,0.0183346,1,865361
51006561,0.14,0.135174,1,865501
51015321,0.18,0.179129,1,865634
51024081,0.02,0.0178854,1,865781
51035761,0.14,0.138203,1,865980
51041601,0.18,0.177501,1,866063
51054741,0.09,0.0756687,1,866284
51064961,0.11,0.115516,1,866436
51072261,0.16,0.158271,1,866494
51076641,0.07,0.103026,1,866623
51086861,0.06,0.0575977,1,866781
51094161,0.13,0.123346,1,866863
51117521,0.25,0.251494,1,867207
51123361,0.26,0.259666,1,867261
51403681,0.26,0.257613,1,871263
51413901,0.17,0.167932,1,871445
51416821,0.11,0.123517,1,871470
51424121,0.16,0.158273,1,871553
51427041,0.12,0.119931,1,871571
51443101,0.31,0.302393,1,871808
51454781,0.35,0.355506,1,871953
51466461,0.39,0.387507,1,872070
51470841,0.4,0.3983,1,872093
53165901,0.38,0.386077,1,892337
53190721,0.04,0.0422963,1,892628
53192181,0.05,0.0484593,1,892664
53196561,0.04,0.0391077,1,892691
53209701,0.03,0.0313661,1,892873
53222841,0.08,0.0775972,1,893018
53231601,0.04,0.0398411,1,893113
53237441,0.06,0.0598397,1,893198
53238901,0,0.0119679,1,893226
53253501,0.16,0.157585,1,893363
53275401,0.07,0.0795003,1,893647
53276861,0.08,0.0799001,1,893647
53292921,0.19,0.179666,1,893831
53310441,0.23,0.223507,1,894048
53954301,0.1,0.096112,1,901404
54003941,0.11,0.103654,1,902369
54014161,0.04,0.0390756,1,902558
54015621,0.03,0.0318151,1,902588
54021461,0.13,0.111667,1,902685
54025841,0.17,0.163773,1,902749
54027301,0.18,0.176755,1,902749
54043361,0.07,0.0715021,1,903013
54062341,0.2,0.197532,1,903404
54265281,0.19,0.257932,1,906865
54271121,0.03,0.0330527,1,906950
54276961,0.05,0.0476689,1,907048
54284261,0.1,0.0951961,1,907108
54290101,0.04,0.0399603,1,907163
54323681,0.14,0.136735,1,907669
54325141,0.15,0.147347,1,907718
54329521,0.18,0.177499,1,907763
54332441,0.14,0.1399,1,907794
54339741,0.09,0.09168,1,907922
54355801,0.12,0.115901,1,908097
54360181,0.13,0.127647,1,908193
54366021,0.17,0.16366,1,908268
54370401,0.18,0.178269,1,908322
54379161,0.18,0.1799,1,908406
54758761,0.05,0.055808,1,913315
54799641,0.12,0.119869,1,913738
54808401,0.12,0.118395,1,913796
54809861,0.11,0.111679,1,913822
54836141,0.21,0.219494,1,914137
54858041,0.29,0.291197,1,914329
54866801,0.39,0.387641,1,914410
55170481,0.38,0.384132,1,917651
55196761,0.04,0.0407359,1,917907
55269761,0.25,0.251667,1,918571
55285821,0.34,0.339004,1,918706
55303341,0.3,0.299103,1,918867
55652281,0.37,0.392288,1,922383
55659581,0.35,0.352446,1,922452
