#Ack,ack_ewma(ms),send_ewma(ms),rtt_ratio,cwnd (Bytes),Last Router Ocupation Ack Arriaval(Packets),Last Router Ocupation Packet Sent(Packets),Network Situation,AckArrival(ms),TSInsideAck(ms),RTTAck(ms)
103661,243,77,646,19925,0.13,0.15,1,182794,182148,646
106581,84.6,206.6,452,20031,0.146,0.03,1,182839,182387,452
109501,44.12,77.32,441,20137,0.0852,0.03,1,182873,182432,441
112421,44.824,49.064,444,20242,0.05704,0.07,1,182918,182474,444
115341,12.1648,27.4128,426,20347,0.099408,0.05,1,182922,182496,426
118261,44.833,14.2826,468,20451,0.123882,0.05,1,182975,182507,468
119721,169.767,38.0565,625,20555,0.144776,0.13,1,183176,182551,625
122641,70.7533,202.011,428,20658,0.148955,0.15,1,183222,182794,428
125561,49.3507,76.4023,427,20761,0.165791,0.07,1,183266,182839,427
128481,33.0701,42.4805,422,20863,0.185158,0.05,1,183295,182873,422
131401,45.814,44.4961,426,20965,0.125032,0.11,1,183344,182918,426
134321,12.3628,12.0992,426,21066,0.113006,0.11,1,183348,182922,426
137241,45.6726,2.41984,480,21167,0.0786013,0.13,1,183402,182922,480
138701,169.935,42.884,628,21267,0.16772,0.15,1,183603,182975,628
141621,71.5869,169.377,474,21367,0.201544,0.15,1,183650,183176,474
144541,50.3174,70.6754,473,21466,0.208309,0.17,1,183695,183222,473
147461,32.4635,49.3351,457,21565,0.209662,0.19,1,183723,183266,457
150381,42.4927,33.067,473,21663,0.193932,0.11,1,183768,183295,473
153301,11.6985,45.8134,428,21761,0.190786,0.11,1,183772,183344,428
156221,45.5397,12.3627,478,21858,0.206157,0.07,1,183826,183348,478
157681,169.908,45.6725,625,21955,0.289231,0.19,1,184027,183402,625
160601,77.1816,169.935,478,22052,0.321846,0.21,1,184081,183603,478
163521,51.4363,71.5869,476,22148,0.344369,0.21,1,184126,183650,476
166441,32.6873,50.3174,459,22244,0.364874,0.21,1,184154,183695,459
169361,41.7375,32.4635,475,22339,0.368975,0.19,1,184198,183723,475
172281,11.5475,42.4927,434,22434,0.369795,0.19,1,184202,183768,434
175201,46.3095,11.6985,485,22529,0.385959,0.21,1,184257,183772,485
178121,10.8619,45.5397,433,22623,0.389192,0.31,1,184259,183826,433
181041,209.372,169.908,491,22717,0.501838,0.33,1,184518,184027,491
183961,78.6745,77.1816,483,22810,0.524368,0.35,1,184564,184081,483
186881,38.9349,51.4363,467,22903,0.560874,0.37,1,184593,184126,467
189801,42.987,32.6873,483,22996,0.568175,0.37,1,184637,184154,483
192721,11.7974,41.7375,443,23088,0.569635,0.37,1,184641,184198,443
195641,47.9595,11.5475,496,23180,0.553927,0.39,1,184698,184202,496
198561,11.1919,46.3095,443,23271,0.550785,0.39,1,184700,184257,443
200021,163.038,10.8619,642,23362,0.630157,0.53,1,184901,184259,642
202941,84.6077,209.372,448,23453,0.646031,0.53,1,184966,184518,448
205861,54.5215,78.6745,449,23543,0.713206,0.57,1,185013,184564,449
208781,34.9043,38.9349,450,23633,0.710641,0.57,1,185043,184593,450
211701,42.1809,42.987,450,23723,0.710128,0.57,1,185087,184637,450
214621,11.6362,11.7974,450,23812,0.742026,0.55,1,185091,184641,450
217541,48.7272,47.9595,451,23901,0.748405,0.55,1,185149,184698,451
220461,11.3454,11.1919,451,23990,0.749681,0.55,1,185151,184700,451
221921,163.069,2.23838,652,24078,0.749936,0.65,1,185352,184700,652
224841,87.0138,161.248,519,24166,0.765987,0.65,2,185420,184901,519
227761,55.8028,84.2495,502,24254,0.817198,0.73,2,185468,184966,502
230681,35.9606,54.4499,486,24341,0.827439,0.71,2,185499,185013,486
233601,42.3921,34.89,500,24428,0.845488,0.71,2,185543,185043,500
236521,11.6784,42.178,460,24515,0.849098,0.75,2,185547,185087,460
239441,48.7357,11.6356,514,24601,0.849819,0.75,2,185605,185091,514
242361,11.3471,48.7271,458,24687,0.849964,0.75,2,185607,185149,458
243821,163.069,11.3454,657,24773,0.865993,0.75,2,185808,185151,657
246741,89.4139,163.069,527,24859,0.901199,0.77,2,185879,185352,527
400041,30,81,506,29029,0.51,1,1,188762,188256,506
402961,27.6,41,502,29102,0.478,1,1,188789,188287,502
405881,30.32,30.6,505,29175,0.5036,0.91,1,188820,188315,505
408801,38.064,30.92,514,29248,0.50872,1,1,188860,188346,514
411721,28.4128,39.784,498,29320,0.445744,1,1,188886,188388,498
414641,47.2826,32.7568,519,29392,0.465149,0.91,1,188938,188419,519
417561,35.0565,43.3514,505,29464,0.51703,0.96,1,188970,188465,505
420481,107.011,37.4703,594,29536,0.575406,0.71,1,189095,188501,594
423401,92.6023,114.694,549,29608,0.571081,0.55,1,189184,188635,549
426321,40.1205,100.539,479,29679,0.586216,0.51,1,189211,188732,479
429241,28.0241,44.1078,474,29750,0.573243,0.47,1,189236,188762,474
432161,28.0048,30.4216,475,29821,0.538649,0.51,1,189264,188789,475
435081,7.20096,30.8843,446,29892,0.53173,0.51,1,189266,188820,446
438001,34.2402,38.1769,447,29963,0.546346,0.43,1,189307,188860,447
440921,30.848,28.4354,451,30034,0.565269,0.47,1,189337,188886,451
443841,43.7696,47.2871,446,30104,0.649054,0.53,1,189384,188938,446
446761,35.9539,35.0574,448,30174,0.665811,0.59,1,189418,188970,448
449681,107.991,107.011,449,30244,0.669162,0.57,1,189544,189095,449
452601,93.5982,92.6023,450,30314,0.701832,0.59,1,189634,189184,450
455521,41.1196,40.1205,451,30384,0.708366,0.57,1,189662,189211,451
458441,27.4239,28.0241,450,30454,0.709673,0.53,1,189686,189236,450
461361,26.2848,28.0048,448,30523,0.677935,0.53,1,189712,189264,448
464281,6.85696,7.20096,448,30592,0.671587,0.55,1,189714,189266,448
467201,35.7714,34.2402,450,30661,0.766317,0.57,2,189757,189307,450
470121,31.9543,30.848,451,30730,0.785263,0.67,2,189788,189337,451
473041,47.1909,43.7696,455,30799,0.773053,0.67,2,189839,189384,455
475961,36.6382,35.9539,455,30868,0.786611,0.67,2,189873,189418,455
478881,108.128,107.991,455,30937,0.789322,0.71,2,189999,189544,455
481801,93.6255,93.5982,455,31005,0.853864,0.71,2,190089,189634,455
484721,41.1251,41.1196,455,31073,0.866773,0.71,2,190117,189662,455
487641,27.425,27.4239,455,31141,0.869355,0.67,2,190141,189686,455
490561,26.285,26.2848,455,31209,0.869871,0.67,2,190167,189712,455
493481,6.857,6.85696,455,31277,0.837974,0.67,2,190169,189714,455
496401,38.1714,1.37139,501,31345,0.831595,0.79,2,190215,189714,501
499321,32.4343,34.6743,489,31413,0.846319,0.79,2,190246,189757,489
502241,46.4869,31.7349,508,31480,0.865264,0.77,2,190296,189788,508
505161,37.2974,47.147,492,31547,0.885053,0.79,2,190331,189839,492
616121,33,26,501,34001,0.67,1,1,192131,191630,501
619041,33.8,27.6,507,34063,0.574,1,1,192165,191658,507
621961,28.36,21.52,514,34125,0.4268,1,1,192192,191678,514
624881,27.272,31.504,507,34187,0.41336,1,1,192219,191712,507
626341,27.8544,23.1008,514,34249,0.378672,1,1,192247,191733,514
662841,374.371,435.82,436,14600,0.0837344,0.03,1,192708,192272,436
665761,271.674,254.364,473,15469,0.0407469,0.03,1,192954,192481,473
668681,97.5348,111.673,451,15606,0.0161494,0.03,1,193008,192557,451
671601,58.707,67.9346,443,15742,0.0272299,0.04,1,193057,192614,443
674521,53.3414,71.1869,423,15877,0.037446,0.03,1,193109,192686,423
677441,26.6683,21.4374,434,16011,0.0794892,0.03,1,193129,192695,434
680361,203.734,211.487,423,16144,0.0238978,0.01,1,193377,192954,423
683281,83.1467,85.4975,422,16276,0.0127796,0.03,1,193430,193008,422
686201,56.6293,56.2995,423,16406,0.0105559,0.04,1,193480,193057,423
689121,52.1259,52.8599,422,16535,0.0101112,0.09,1,193531,193109,422
692041,29.6252,26.572,426,16663,0.0420222,0.09,1,193555,193129,426
693501,166.725,5.3144,627,16790,0.0324044,0.01,1,193756,193129,627
696421,68.545,199.463,423,16916,0.0144809,0.01,1,193800,193377,423
699341,55.309,82.2926,422,17042,0.0268962,0.01,1,193852,193430,422
702261,51.0618,56.4585,422,17167,0.0133792,0.01,1,193902,193480,422
705181,51.0124,52.0917,422,17291,0.0106758,0.05,1,193953,193531,422
708101,29.4025,29.6183,422,17414,0.0101352,0.03,1,193977,193555,422
711021,201.08,166.724,465,17536,0.026027,0.01,1,194221,193756,465
713941,81.8161,68.5447,473,17657,0.0612054,0.03,1,194273,193800,473
716861,56.3632,55.3089,471,17777,0.0362411,0.01,1,194323,193852,471
719781,52.0726,51.0618,472,17896,0.0312482,0.01,1,194374,193902,472
722701,29.6145,51.0124,445,18015,0.0302496,0.01,1,194398,193953,445
725621,7.52291,29.4025,423,18133,0.0300499,0.03,1,194400,193977,423
728541,195.905,201.08,422,18250,0.03001,0.07,1,194643,194221,422
731461,82.3809,81.8161,424,18366,0.030002,0.03,1,194697,194273,424
734381,55.6762,56.3632,423,18482,0.0300004,0.03,1,194746,194323,423
737301,51.1352,52.0726,422,18597,0.0300001,0.03,1,194796,194374,422
740221,30.227,29.6145,423,18711,0.046,0.03,1,194821,194398,423
743141,7.64541,7.52291,423,18824,0.0172,0.03,1,194823,194400,423
746061,195.129,195.905,422,18937,0.01144,0.03,1,195065,194643,422
748981,83.0258,82.3809,423,19049,0.010288,0.03,1,195120,194697,423
751901,55.0052,55.6762,422,19160,0.0260576,0.03,1,195168,194746,422
754821,51.001,51.1352,422,19271,0.0452115,0.05,1,195218,194796,422
757741,30.2002,30.227,422,19381,0.0490423,0.01,1,195243,194821,422
760661,7.64004,7.64541,422,19490,0.0178085,0.01,1,195245,194823,422
763581,195.128,195.129,422,19599,0.0595617,0.01,1,195487,195065,422
766501,82.2256,39.0258,476,19707,0.0359123,0.01,1,195541,195065,476
769421,54.8451,51.8052,469,19815,0.00718247,0.03,1,195589,195120,469
772341,50.969,48.761,471,19922,0.0254365,0.05,1,195639,195168,471
775261,30.1938,49.7522,446,20028,0.0130873,0.05,1,195664,195218,446
778181,7.63876,29.9504,423,20134,0.0266175,0.01,1,195666,195243,423
779641,162.328,7.59009,622,20239,0.141324,0.07,1,195867,195245,622
782561,66.0656,195.118,422,20344,0.212265,0.03,1,195909,195487,422
785481,57.2131,82.2236,423,20448,0.130453,0,1,195964,195541,423
788401,49.0426,54.8447,422,20552,0.0500906,0.03,1,196011,195589,422
791321,49.8085,50.9689,422,20655,0.0660181,0.01,1,196061,195639,422
794241,30.7617,30.1938,423,20758,0.0132036,0.03,1,196087,195664,423
797161,7.75234,7.63876,423,20860,0.0426407,0.17,1,196089,195666,423
800081,202.35,162.328,473,20962,0.0965282,0.23,1,196340,195867,473
803001,42.0701,66.0656,433,21063,0.107306,0.11,1,196342,195909,433
805921,46.014,57.2131,425,21164,0.125461,0.03,1,196389,195964,425
808841,44.4028,49.0426,422,21264,0.129092,0.07,1,196433,196011,422
811761,49.6806,49.8085,423,21364,0.0978184,0,1,196484,196061,423
814681,29.9361,30.7617,422,21463,0.107564,0.05,1,196509,196087,422
817601,7.58722,7.75234,422,21562,0.0775127,0.11,1,196511,196089,422
820521,206.317,202.35,427,21660,0.0715025,0.11,1,196767,196340,427
823441,42.8635,42.0701,427,21758,0.102301,0.13,1,196769,196342,427
826361,46.9727,46.014,428,21855,0.12446,0.13,1,196817,196389,428
829281,41.3945,44.4028,424,21952,0.176892,0.09,1,196857,196433,424
832201,50.6789,49.6806,426,22049,0.187378,0.11,1,196910,196484,426
835121,29.3358,29.9361,425,22145,0.237476,0.07,1,196934,196509,425
838041,7.46716,7.58722,425,22241,0.215495,0.07,1,196936,196511,425
840961,206.293,206.317,425,22336,0.243099,0.11,1,197192,196767,425
843881,42.8587,42.8635,425,22431,0.26462,0.13,1,197194,196769,425
846801,49.3717,46.9727,428,22526,0.316924,0.13,1,197245,196817,428
849721,41.8743,9.39454,468,22620,0.295385,0.19,1,197285,196817,468
852641,52.3749,33.8789,483,22714,0.291077,0.19,1,197340,196857,483
855561,30.475,49.1758,455,22807,0.274215,0.25,1,197365,196910,455
858481,7.69499,29.0352,433,22900,0.270843,0.21,1,197367,196934,433
859941,162.339,7.40703,632,22993,0.286169,0.25,1,197568,196936,632
862861,78.0678,206.281,433,23085,0.321234,0.27,1,197625,197192,433
865781,17.2136,42.8563,433,23177,0.328247,0.33,1,197627,197194,433
868701,46.6427,49.3713,436,23268,0.425649,0.29,1,197681,197245,436
871621,41.3285,41.8743,436,23359,0.44513,0.29,1,197721,197285,436
874541,52.2657,52.3748,436,23450,0.497026,0.27,1,197776,197340,436
877461,29.6531,30.475,435,23540,0.475405,0.27,1,197800,197365,435
880381,7.53063,7.69499,435,23630,0.503081,0.29,1,197802,197367,435
883301,209.506,162.339,494,23720,0.508616,0.33,1,198062,197568,494
886221,43.5012,78.0678,439,23809,0.509723,0.33,1,198064,197625,439
889141,55.9002,17.2136,496,23898,0.541945,0.45,1,198123,197627,496
892061,44.7801,46.6427,484,23987,0.580389,0.45,1,198165,197681,484
894981,10.556,41.3285,446,24075,0.588078,0.51,1,198167,197721,446
897901,45.3112,52.2657,445,24163,0.605616,0.47,1,198221,197776,445
900821,28.2622,29.6531,445,24251,0.641123,0.51,1,198245,197800,445
903741,7.25245,7.53063,445,24338,0.616225,0.51,1,198247,197802,445
906661,211.05,209.506,447,24425,0.643245,0.51,1,198509,198062,447
909581,43.8101,43.5012,447,24512,0.648649,0.55,1,198511,198064,447
912501,58.362,55.9002,450,24598,0.68173,0.59,1,198573,198123,450
915421,46.0724,44.7801,451,24684,0.736346,0.59,1,198616,198165,451
918341,10.8145,10.556,451,24770,0.715269,0.61,1,198618,198167,451
921261,46.1629,45.3112,452,24856,0.759054,0.65,2,198673,198221,452
924181,28.4326,28.2622,452,24941,0.815811,0.61,2,198697,198245,452
927101,7.28652,7.25245,452,25026,0.795162,0.65,2,198699,198247,452
930021,212.657,211.05,454,25111,0.887032,0.65,2,198963,198509,454
932941,44.1315,43.8101,454,25195,0.905406,0.69,2,198965,198511,454
935861,58.4263,58.362,454,25279,0.861081,0.75,2,199027,198573,454
938781,50.0853,46.0724,459,25363,0.868216,0.71,2,199075,198616,459
941701,11.6171,10.8145,459,25447,0.869643,0.71,2,199077,198618,459
944621,47.1234,2.1629,515,25530,0.901929,0.77,2,199133,198618,515
947541,28.6247,44.4326,484,25613,0.908386,0.83,2,199157,198673,484
950461,7.32494,28.0865,462,25696,0.909677,0.79,2,199159,198697,462
1062881,44,27,512,28734,0.75,1,2,201391,200879,512
1065801,38.4,35,512,28808,0.67,1,1,201428,200916,512
1068721,45.28,48.6,507,28881,0.51,1,1,201475,200968,507
1071641,38.656,35.32,512,28954,0.414,1,1,201512,201000,512
1074561,34.1312,43.064,500,29027,0.2988,1,1,201545,201045,500
1077481,37.2262,32.6128,508,29100,0.27576,1,1,201583,201075,508
1080401,30.6452,30.5226,507,29173,0.159152,1,1,201612,201105,507
1083321,138.129,27.7045,645,29246,0.0558304,0.83,1,201777,201132,645
1086241,51.6258,151.941,492,29318,0.0191661,0.73,1,201807,201315,492
1089161,41.5252,55.9882,499,29390,0.0278332,0.75,1,201846,201347,499
1092081,36.305,46.3976,490,29462,0.0295666,0.65,1,201881,201391,490
1095001,34.461,38.8795,487,29534,0.0779133,0.47,1,201915,201428,487
1097921,34.8922,45.3759,475,29606,0.167583,0.39,1,201950,201475,475
1100841,33.3784,38.6752,471,29677,0.153517,0.27,1,201983,201512,471
1103761,33.0757,34.135,471,29748,0.230703,0.27,1,202016,201545,471
1106681,24.2151,37.227,455,29819,0.278141,0.13,1,202038,201583,455
1109601,6.44303,30.6454,428,29890,0.255628,0.03,1,202040,201612,428
1112521,128.489,138.129,422,29961,0.155126,0.01,1,202199,201777,422
1115441,49.6977,51.6258,422,30032,0.0390251,0.03,1,202229,201807,422
1118361,41.9395,41.5252,423,30102,0.063805,0.03,1,202269,201846,423
1121281,35.5879,36.305,422,30172,0.036761,0.09,1,202303,201881,422
1124201,39.9176,34.461,429,30242,0.111352,0.19,1,202344,201915,429
1127121,35.9835,34.8922,429,30312,0.22227,0.15,1,202379,201950,429
1130041,36.7967,33.3784,433,30382,0.292454,0.25,1,202416,201983,433
1132961,35.3593,33.0757,435,30452,0.402491,0.29,1,202451,202016,435
1135881,23.8719,24.2151,434,30521,0.424498,0.25,1,202472,202038,434
1138801,6.37437,6.44303,434,30590,0.4289,0.13,1,202474,202040,434
1141721,120.475,128.489,424,30659,0.52578,0.01,1,202623,202199,424
1144641,46.495,49.6977,422,30728,0.529156,0.07,1,202651,202229,422
1147561,42.099,41.9395,423,30797,0.481831,0.03,1,202692,202269,423
1150481,37.2198,35.5879,425,30866,0.424366,0.13,1,202728,202303,425
1153401,42.644,39.9176,428,30935,0.492873,0.25,1,202772,202344,428
1156321,41.3288,35.9835,434,31003,0.634575,0.31,1,202813,202379,434
1159241,40.2658,36.7967,437,31071,0.806915,0.43,2,202853,202416,437
1162161,40.8532,35.3593,443,31139,0.857383,0.43,2,202894,202451,443
1165081,24.9706,23.8719,443,31207,0.851477,0.43,2,202915,202472,443
1168001,6.59413,6.37437,443,31275,0.898295,0.55,2,202917,202474,443
1252681,34,30,484,33181,0.69,0.99,1,204301,203817,484
1255601,41.2,36.4,489,33245,0.562,1,1,204344,203855,489
1290641,23,15,485,34000,0.83,1,2,204844,204359,485
1293561,103,107,478,34062,0.91,1,2,204967,204489,478
1500881,36,115,504,38219,0.01,1,1,207864,207360,504
1503801,47.2,48.6,522,38274,0.01,1,1,207914,207392,522
1506721,35.04,37.72,519,38329,0.058,1,1,207946,207427,519
1509641,33.408,49.144,500,38384,0.0996,1,1,207979,207479,500
1512561,48.2816,34.6288,521,38439,0.04392,1,1,208031,207510,521
1515481,25.6563,32.5258,509,38494,0.064784,1,1,208051,207542,509
1518401,22.7313,28.1052,504,38549,0.100957,1,1,208073,207569,504
1521321,27.7463,23.221,511,38604,0.0441914,1,1,208102,207591,511
1524241,13.5493,31.0442,488,38659,0.0808383,0.98,1,208112,207624,488
1527161,15.5099,30.2088,474,38714,0.0881677,0.96,1,208128,207654,474
1530081,9.50197,15.6418,470,38769,0.0896335,0.77,1,208136,207666,470
1533001,23.5004,38.3284,453,38823,0.121927,0.15,1,208163,207710,453
1535921,77.5001,102.066,426,38877,0.0643853,0.01,1,208254,207828,426
1538841,41.9,49.2131,423,38931,0.100877,0.01,1,208287,207864,423
1541761,48.38,49.8426,423,38985,0.0281754,0.07,1,208337,207914,423
1544681,34.476,35.5685,422,39039,0.00563508,0.11,1,208368,207946,422
1547601,34.0952,33.5137,423,39093,0.057127,0.03,1,208402,207979,423
1550521,51.619,48.3027,427,39147,0.0354254,0.07,1,208458,208031,427
1553441,25.5238,25.6605,426,39201,0.0630851,0.11,1,208477,208051,426
1556361,20.3048,22.7321,423,39255,0.052617,0.03,1,208496,208073,423
1559281,29.661,27.7464,426,39309,0.0505234,0.09,1,208528,208102,426
1562201,13.1322,13.5493,425,39363,0.0341047,0.09,1,208537,208112,425
1565121,14.6264,15.5099,424,39417,0.0788209,0.09,1,208552,208128,424
1568041,10.1253,9.50197,425,39471,0.119764,0.13,1,208561,208136,425
1570961,22.8251,23.5004,424,39525,0.127953,0.05,1,208587,208163,424
1573881,77.365,77.5001,424,39578,0.145591,0.11,1,208678,208254,424
1576801,40.273,41.9,422,39631,0.133118,0.01,1,208709,208287,422
1579721,48.0546,48.38,422,39684,0.0986236,0,1,208759,208337,422
1582641,34.4109,34.476,422,39737,0.0437247,0.07,1,208790,208368,422
1585561,37.2822,34.0952,426,39790,0.0487449,0.03,1,208828,208402,426
1588481,49.0564,51.619,422,39843,0.033749,0.07,1,208880,208458,422
1591401,25.8113,25.5238,423,39896,0.0467498,0.05,1,208900,208477,423
1594321,21.1623,20.3048,424,39949,0.08135,0.05,1,208920,208496,424
1597241,28.2325,29.661,422,40002,0.08827,0.03,1,208950,208528,422
1600161,15.2465,13.1322,425,40055,0.057654,0.09,1,208962,208537,425
1603081,16.6493,14.6264,427,40108,0.0675308,0.09,1,208979,208552,427
1606001,8.12986,2.92529,433,40161,0.0695062,0.13,1,208985,208552,433
1608921,23.226,7.78506,451,40214,0.0699012,0.13,1,209012,208561,451
1611841,78.2452,22.357,517,40267,0.10198,0.15,1,209104,208587,517
1614761,39.649,77.2714,456,40319,0.124396,0.13,1,209134,208678,456
1617681,44.7298,40.2543,471,40371,0.128879,0.09,1,209180,208709,471
1620601,33.746,48.0509,452,40423,0.145776,0.03,1,209211,208759,452
1623521,37.1492,34.4102,459,40475,0.0531552,0.05,1,209249,208790,459
1626441,49.0298,37.282,473,40527,0.034631,0.03,1,209301,208828,473
1629361,27.406,49.0564,443,40579,0.0309262,0.05,1,209323,208880,443
1632281,21.4812,25.8113,443,40631,0.0301852,0.09,1,209343,208900,443
1635201,28.2962,21.1623,453,40683,0.046037,0.09,1,209373,208920,453
1638121,15.2592,28.2325,435,40735,0.0492074,0.05,1,209385,208950,435
1641041,15.8518,15.2465,439,40787,0.0498415,0.07,1,209401,208962,439
1643961,7.97037,16.6493,428,40839,0.0499683,0.07,1,209407,208979,428
1646881,25.5941,8.12986,452,40891,0.0819937,0.07,1,209437,208985,452
1649801,79.5188,23.226,518,40943,0.136399,0.11,1,209530,209012,518
1652721,40.7038,78.2452,457,40995,0.13128,0.13,1,209561,209104,457
1655641,47.3408,39.649,476,41046,0.114256,0.13,1,209610,209134,476
1658561,27.8681,44.7298,453,41097,0.0948512,0.15,1,209633,209180,453
1661481,35.9736,33.746,460,41148,0.0749702,0.03,1,209671,209211,460
1664401,48.7947,37.1492,474,41199,0.054994,0.03,1,209723,209249,474
1667321,27.3589,49.0298,444,41250,0.0349988,0.03,1,209745,209301,444
1670241,21.4718,27.406,442,41301,0.0309998,0.03,1,209765,209323,442
1673161,29.0944,21.4812,453,41352,0.0622,0.05,1,209796,209343,453
1676081,15.4189,28.2962,435,41403,0.06844,0.05,1,209808,209373,435
1679001,15.8838,15.2592,439,41454,0.069688,0.05,1,209824,209385,439
1681921,7.97675,15.8518,429,41505,0.0699376,0.05,1,209830,209401,429
1684841,3.19535,7.97037,425,41556,0.0699875,0.09,1,209832,209407,425
1687761,25.4391,25.5941,426,41607,0.117998,0.15,1,209863,209437,426
1690681,81.8878,79.5188,429,41658,0.1276,0.13,1,209959,209530,429
1693601,40.3776,40.7038,428,41709,0.17752,0.11,1,209989,209561,428
1696521,46.4755,47.3408,427,41760,0.171504,0.09,1,210037,209610,427
1699441,26.8951,27.8681,426,41811,0.218301,0.07,1,210059,209633,426
1702361,34.979,35.9736,425,41861,0.19566,0.05,1,210096,209671,425
1705281,48.5958,48.7947,425,41911,0.239132,0.03,1,210148,209723,425
1708201,25.7192,27.3589,423,41961,0.247826,0.03,1,210168,209745,423
1711121,21.9438,21.4718,424,42011,0.233565,0.07,1,210189,209765,424
1714041,29.9888,29.0944,425,42061,0.262713,0.07,1,210221,209796,425
1716961,15.5978,15.4189,425,42111,0.236543,0.07,1,210233,209808,425
1719881,15.9196,15.8838,425,42161,0.279309,0.07,1,210249,209824,425
1722801,7.98391,7.97675,425,42211,0.255862,0.07,1,210255,209830,425
1725721,3.19678,3.19535,425,42261,0.283172,0.13,1,210257,209832,425
1728641,28.6394,25.4391,429,42311,0.272634,0.13,1,210292,209863,429
1731561,82.5279,81.8878,429,42361,0.302527,0.19,1,210388,209959,429
1734481,41.3056,40.3776,430,42411,0.340505,0.17,1,210419,209989,430
1737401,46.6611,46.4755,430,42461,0.524101,0.23,1,210467,210037,430
1740321,28.5322,26.8951,432,42511,0.56082,0.19,1,210491,210059,432
1743241,35.3064,34.979,432,42561,0.584164,0.25,1,210528,210096,432
1746161,48.6613,48.5958,432,42611,0.636833,0.25,1,210580,210148,432
1749081,25.7323,25.7192,432,42661,0.615367,0.23,1,210600,210168,432
1752001,22.7465,21.9438,433,42710,0.659073,0.27,1,210622,210189,433
1754921,30.1493,29.9888,433,42759,0.699815,0.23,1,210654,210221,433
1757841,16.4299,15.5978,434,42808,0.691963,0.29,1,210667,210233,434
1760761,16.086,15.9196,434,42857,0.658393,0.25,1,210683,210249,434
1763681,8.01719,7.98391,434,42906,0.683679,0.29,1,210689,210255,434
1766601,3.20344,3.19678,434,42955,0.688736,0.27,1,210691,210257,434
1769521,29.4407,28.6394,435,43004,0.689747,0.27,1,210727,210292,435
1772441,84.2881,5.72787,533,43053,0.705949,0.31,1,210825,210292,533
1775361,40.8576,77.9456,467,43102,0.75719,0.35,2,210855,210388,467
1778281,55.3715,40.3891,495,43151,0.863438,0.57,2,210914,210419,495
1781201,31.8743,46.4778,473,43200,0.884688,0.57,2,210940,210467,473
1784121,36.7749,28.4956,487,43249,0.920937,0.59,2,210978,210491,487
1982681,59,75,468,21370,0.01,0.07,1,213248,212780,468
1985601,65.4,76.6,458,21469,0.042,0,1,213315,212857,458
1988521,87.48,93.72,453,21568,0.0324,0.05,1,213408,212955,453
1991441,75.096,67.544,464,21666,0.06248,0.03,1,213480,213016,464
1994361,38.2192,62.3088,432,21764,0.012496,0.09,1,213509,213077,432
1997281,28.4438,26.8618,440,21861,0.0584992,0.03,1,213535,213095,440
2000201,68.0888,80.5724,424,21958,0.0676998,0.01,1,213613,213189,424
2003121,61.6178,63.3145,425,22055,0.08554,0.05,1,213673,213248,425
2006041,64.3235,66.2629,423,22151,0.057108,0.03,1,213738,213315,423
2008961,86.4647,87.6526,422,22247,0.0514216,0.07,1,213830,213408,422
2011881,74.8929,75.1305,422,22342,0.0342843,0,1,213902,213480,422
2014801,39.7786,38.2261,424,22437,0.0468569,0.07,1,213933,213509,424
2017721,29.5557,28.4452,425,22532,0.0653714,0.07,1,213960,213535,425
2020641,68.3111,5.68904,503,22626,0.0370743,0.07,1,214038,213535,503
2023561,61.6622,63.5378,485,22720,0.0634149,0.09,1,214098,213613,485
2026481,61.1324,60.7076,486,22813,0.068683,0.05,1,214159,213673,486
2029401,85.8265,64.1415,513,22906,0.0377366,0.05,1,214251,213738,513
2032321,74.7653,86.4283,493,22999,0.0315473,0.03,1,214323,213830,493
2035241,39.7531,74.8857,452,23091,0.0143095,0.05,1,214354,213902,452
2038161,30.3506,39.7771,449,23183,0.0268619,0.07,1,214382,213933,449
2041081,69.2701,29.5554,501,23274,0.0133724,0.03,1,214461,213960,501
2044001,62.654,68.3111,484,23365,0.0906745,0.07,1,214522,214038,484
2046921,61.3308,61.6622,485,23456,0.138135,0.07,1,214583,214098,485
2049841,87.4662,61.1324,518,23546,0.051627,0.03,1,214677,214159,518
2052761,71.8932,85.8265,494,23636,0.0343254,0.03,1,214745,214251,494
2055681,39.1786,74.7653,453,23726,0.0148651,0.01,1,214776,214323,453
2058601,30.2357,39.7531,450,23815,0.026973,0.03,1,214804,214354,450
2061521,69.2471,30.3506,501,23904,0.0453946,0.01,1,214883,214382,501
2064441,15.4494,69.2701,424,23993,0.0810789,0.11,1,214885,214461,424
2067361,55.0899,62.654,428,24081,0.120216,0.15,1,214950,214522,428
2070281,60.618,61.3308,429,24169,0.0960432,0.03,1,215012,214583,429
2073201,83.3236,87.4662,424,24257,0.0192086,0.03,1,215101,214677,424
2076121,71.0647,71.8932,424,24344,0.0278417,0.01,1,215169,214745,424
2079041,38.2129,39.1786,423,24431,0.0295683,0.03,1,215199,214776,423
2081961,30.8426,30.2357,424,24518,0.0299137,0.05,1,215228,214804,424
2084881,69.3685,69.2471,424,24604,0.0939827,0.09,1,215307,214883,424
2087801,15.4737,15.4494,424,24690,0.0747965,0.13,1,215309,214885,424
2090721,56.6947,55.0899,426,24776,0.102959,0.09,1,215376,214950,426
2093641,60.939,60.618,426,24862,0.172592,0,1,215438,215012,426
2096561,80.1878,83.3236,422,24947,0.202518,0.03,1,215523,215101,422
2099481,70.4376,71.0647,422,25032,0.160504,0.03,1,215591,215169,422
2102401,38.0875,38.2129,422,25117,0.136101,0.03,1,215621,215199,422
2105321,31.6175,30.8426,423,25201,0.16322,0.11,1,215651,215228,423
2108241,71.1235,69.3685,425,25285,0.184644,0.07,1,215732,215307,425
2111161,15.8247,15.4737,425,25369,0.156929,0.11,1,215734,215309,425
2114081,58.3649,56.6947,427,25453,0.183386,0.11,1,215803,215376,427
2117001,62.073,11.3389,490,25536,0.156677,0.19,1,215866,215376,490
2119921,81.2146,51.8678,514,25619,0.231335,0.21,1,215952,215438,514
2122841,68.2429,78.3736,494,25702,0.246267,0.15,1,216017,215523,494
2125761,37.6486,70.0747,456,25784,0.281253,0.13,1,216047,215591,456
2128681,33.1297,38.0149,458,25866,0.304251,0.17,1,216079,215621,458
2131601,71.4259,31.603,509,25948,0.32485,0.19,1,216160,215651,509
2134521,15.8852,71.1206,430,26030,0.32897,0.15,1,216162,215732,430
2137441,58.377,15.8241,497,26111,0.313794,0.19,1,216231,215734,497
2140361,62.0754,58.3648,491,26192,0.294759,0.15,1,216294,215803,491
2143281,85.2151,62.073,519,26273,0.354952,0.25,1,216385,215866,519
2146201,69.043,81.2146,498,26354,0.44699,0.25,1,216450,215952,498
2149121,39.4086,68.2429,465,26434,0.481398,0.29,1,216482,216017,465
2152041,34.2817,37.6486,468,26514,0.52028,0.31,1,216515,216047,468
2154961,72.4563,33.1297,518,26594,0.576056,0.33,1,216597,216079,518
2157881,16.0913,71.4259,439,26674,0.587211,0.33,1,216599,216160,439
2160801,57.6183,15.8852,505,26753,0.605442,0.31,1,216667,216162,505
2163721,61.9237,58.377,499,26832,0.593088,0.29,1,216730,216231,499
2166641,87.5847,62.0754,530,26911,0.654618,0.37,1,216824,216294,530
2169561,19.1169,85.2151,441,26990,0.666924,0.47,1,216826,216385,441
2172481,59.0234,69.043,445,27068,0.637385,0.49,1,216895,216450,445
2175401,39.0047,39.4086,447,27146,0.679477,0.53,1,216929,216482,447
2178321,35.0009,34.2817,448,27224,0.655895,0.59,1,216963,216515,448
2181241,75.0002,72.4563,451,27302,0.683179,0.59,1,217048,216597,451
2184161,16.6,16.0913,451,27380,0.688636,0.61,1,217050,216599,451
2187081,58.52,57.6183,452,27457,0.689727,0.59,1,217119,216667,452
2190001,62.904,61.9237,453,27534,0.689945,0.67,1,217183,216730,453
2192921,90.1808,87.5847,456,27611,0.753989,0.67,2,217280,216824,456
2195841,19.6362,19.1169,456,27688,0.766798,0.63,2,217282,216826,456
2198761,56.7272,59.0234,453,27764,0.81736,0.69,2,217348,216895,453
2201681,39.3454,39.0047,454,27840,0.827472,0.65,2,217383,216929,454
2204601,35.0691,35.0009,454,27916,0.861494,0.69,2,217417,216963,454
2207521,75.0138,75.0002,454,27992,0.884299,0.69,2,217502,217048,454
2210441,16.6028,16.6,454,28068,0.85686,0.69,2,217504,217050,454
2213361,60.1206,58.52,456,28143,0.931372,0.69,2,217575,217119,456
2216281,63.2241,62.904,456,28218,0.946274,0.77,2,217639,217183,456
2219201,93.4448,90.1808,460,28293,0.949255,0.77,2,217740,217280,460
2222121,20.289,19.6362,460,28368,0.949851,0.77,2,217742,217282,460
2336001,36,26,494,31144,0.51,1,1,219715,219221,494
2338921,37.6,46,481,31212,0.398,1,1,219753,219272,481
2341841,33.92,33.2,484,31280,0.3436,1,1,219786,219302,484
2344761,30.784,6.64,514,31348,0.23672,1,1,219816,219302,514
2347681,40.5568,26.928,525,31415,0.103344,1,1,219859,219334,525
2350601,52.1114,61.3856,510,31482,0.0286688,1,1,219914,219404,510
2353521,46.4223,35.4771,526,31549,0.0297338,1,1,219959,219433,526
2356441,58.8845,52.6954,531,31616,0.0459468,1,1,220021,219490,531
2359361,78.9769,55.3391,559,31683,0.0971894,0.77,1,220105,219546,559
2362281,36.5954,91.8678,484,31750,0.0434379,0.67,1,220131,219647,484
2365201,29.7191,43.9736,480,31817,0.0966876,0.51,1,220159,219679,480
2368121,33.9438,37.5947,479,31883,0.0273375,0.37,1,220194,219715,479
2371041,29.9888,37.9189,470,31949,0.0454675,0.33,1,220223,219753,470
2373961,24.3978,33.9838,460,32015,0.0650935,0.21,1,220246,219786,460
2376881,34.4796,30.7968,467,32081,0.0850187,0.07,1,220283,219816,467
2379801,51.6959,40.5594,480,32147,0.0730037,0.01,1,220339,219859,480
2382721,45.5392,52.1119,469,32213,0.166601,0.03,1,220383,219914,469
2385641,57.9078,46.4224,485,32279,0.34532,0.05,1,220444,219959,485
2388561,79.5816,58.8845,508,32345,0.413064,0.11,1,220529,220021,508
2391481,35.1163,78.9769,448,32410,0.442613,0.03,1,220553,220105,448
2394401,29.4233,36.5954,450,32475,0.448523,0.11,1,220581,220131,450
2397321,33.8847,29.7191,457,32540,0.433705,0.01,1,220616,220159,457
2400241,30.7769,33.9438,452,32605,0.430741,0.05,1,220646,220194,452
2403161,25.3554,29.9888,447,32670,0.398148,0.07,1,220670,220223,447
2406081,33.8711,24.3978,460,32735,0.42363,0.09,1,220706,220246,460
2409001,8.37422,34.4796,425,32800,0.428726,0.07,1,220708,220283,425
2411921,48.8748,51.6959,428,32864,0.493745,0.19,1,220767,220339,428
2414841,48.175,45.5392,432,32928,0.458749,0.39,1,220815,220383,432
2417761,65.635,57.9078,441,32992,0.49975,0.43,1,220885,220444,441
2420681,83.527,79.5816,444,33056,0.52395,0.45,1,220973,220529,444
2423601,35.9054,35.1163,444,33120,0.56079,0.45,1,220997,220553,444
2426521,29.5811,29.4233,444,33184,0.568158,0.43,1,221025,220581,444
2429441,33.1162,33.8847,443,33248,0.569632,0.43,1,221059,220616,443
2432361,30.6232,30.7769,443,33312,0.601926,0.39,1,221089,220646,443
2435281,23.7246,25.3554,441,33375,0.576385,0.43,1,221111,220670,441
2438201,35.1449,33.8711,443,33438,0.635277,0.43,1,221149,220706,443
2441121,8.62899,8.37422,443,33501,0.663055,0.51,1,221151,220708,443
2444041,51.3258,48.8748,446,33564,0.636611,0.45,1,221213,220767,446
2446961,46.2652,48.175,443,33627,0.647322,0.51,1,221258,220815,443
2449881,66.853,65.635,445,33690,0.825464,0.53,2,221330,220885,445
2452801,86.1706,83.527,448,33753,0.893093,0.57,2,221421,220973,448
2455721,36.4341,35.9054,448,33816,0.922619,0.57,2,221445,220997,448
2458641,29.6868,29.5811,448,33879,0.944524,0.57,2,221473,221025,448
2578361,32,22,506,36350,0.67,1,1,223151,222645,506
2581281,34.4,34.8,503,36408,0.526,1,1,223186,222683,503
2584201,30.88,52.56,476,36466,0.4332,1,1,223216,222740,476
2587121,104.576,97.712,490,36524,0.14264,1,1,223339,222849,490
2590041,49.7152,47.5424,491,36582,0.068528,1,1,223375,222884,491
2592961,25.143,34.3085,479,36640,0.0377056,1,1,223394,222915,479
2595881,45.8286,36.4617,493,36698,0.175541,1,1,223445,222952,493
2598801,37.1657,36.8923,491,36756,0.155108,1,1,223480,222989,491
2601721,20.2331,32.9785,475,36813,0.135022,0.99,1,223496,223021,475
2604641,21.6466,30.5957,467,36870,0.147004,0.95,1,223518,223051,467
2607561,29.1293,33.3191,464,36927,0.181401,0.83,1,223549,223085,464
2610481,28.2259,33.8638,458,36984,0.17228,0.67,1,223577,223119,458
2613401,25.6452,32.3728,451,37041,0.170456,0.49,1,223602,223151,451
2616321,28.329,34.4746,445,37098,0.170091,0.41,1,223631,223186,445
2619241,22.4658,30.8949,436,37155,0.186018,0.41,1,223652,223216,436
2622161,90.8932,6.17898,544,37212,0.173204,0.07,1,223760,223216,544
2625081,46.9786,99.6358,457,37269,0.138641,0.05,1,223796,223339,457
2628001,24.5957,48.7272,440,37326,0.0677281,0.03,1,223815,223375,440
2630921,52.1191,24.9454,480,37383,0.101546,0.21,1,223874,223394,480
2633841,36.8238,45.7891,462,37440,0.0923091,0.15,1,223907,223445,462
2636761,20.1648,37.1578,443,37496,0.0904618,0.13,1,223923,223480,443
2639681,22.433,20.2316,450,37552,0.106092,0.15,1,223946,223496,450
2642601,29.2866,21.6463,459,37608,0.0932185,0.19,1,223977,223518,459
2645521,28.2573,29.1293,456,37664,0.0906437,0.17,1,224005,223549,456
2648441,25.6515,28.2259,453,37720,0.106129,0.17,1,224030,223577,453
2651361,29.1303,25.6452,458,37776,0.125226,0.17,1,224060,223602,458
2654281,22.6261,28.329,450,37832,0.113045,0.19,1,224081,223631,450
2657201,90.1252,22.4658,536,37888,0.190609,0.17,1,224188,223652,536
2660121,42.825,90.8932,459,37944,0.254122,0.13,1,224219,223760,459
2663041,22.165,46.9786,440,38000,0.266824,0.05,1,224236,223796,440
2665961,55.633,24.5957,485,38056,0.269365,0.11,1,224300,223815,485
2668881,36.7266,52.1191,458,38112,0.269873,0.09,1,224332,223874,458
2671801,20.1453,36.8238,441,38167,0.269975,0.09,1,224348,223907,441
2674721,21.6291,20.1648,447,38222,0.269995,0.11,1,224370,223923,447
2677641,29.9258,22.433,456,38277,0.269999,0.09,1,224402,223946,456
2680561,28.3852,29.2866,453,38332,0.286,0.09,1,224430,223977,453
2683481,25.677,28.2573,450,38387,0.3052,0.11,1,224455,224005,450
2686401,30.7354,25.6515,457,38442,0.34104,0.13,1,224487,224030,457
2689321,20.5471,29.1303,445,38497,0.348208,0.11,1,224505,224060,445
2692241,93.7094,22.6261,536,38552,0.381642,0.21,1,224617,224081,536
2695161,47.5419,90.1252,465,38607,0.356328,0.27,1,224653,224188,465
2698081,11.1084,42.825,436,38662,0.351266,0.27,1,224655,224219,436
2701001,15.0217,22.165,435,38717,0.382253,0.27,1,224671,224236,435
2703921,54.2043,55.633,435,38772,0.388451,0.27,1,224735,224300,435
2706841,36.4409,36.7266,435,38826,0.40569,0.27,1,224767,224332,435
2709761,20.0882,20.1453,435,38880,0.409138,0.27,1,224783,224348,435
2712681,21.6176,21.6291,435,38934,0.409828,0.27,1,224805,224370,435
2715601,29.9235,29.9258,435,38988,0.409966,0.29,1,224837,224402,435
2718521,29.1847,28.3852,436,39042,0.393993,0.31,1,224866,224430,436
2721441,28.2369,25.677,439,39096,0.422799,0.35,1,224894,224455,439
2724361,31.2474,30.7354,439,39150,0.41256,0.35,1,224926,224487,439
2727281,20.6495,20.5471,439,39204,0.410512,0.39,1,224944,224505,439
2730201,95.3299,93.7094,441,39258,0.458102,0.35,1,225058,224617,441
2733121,46.266,47.5419,439,39312,0.43562,0.35,1,225092,224653,439
2736041,10.8532,11.1084,439,39366,0.463124,0.39,1,225094,224655,439
2738961,15.7706,15.0217,440,39420,0.500625,0.39,1,225111,224671,440
2741881,54.3541,54.2043,440,39474,0.572125,0.41,1,225175,224735,440
2744801,36.4708,36.4409,440,39528,0.634425,0.41,1,225207,224767,440
2747721,20.0942,20.0882,440,39581,0.614885,0.41,1,225223,224783,440
2750641,21.6188,21.6176,440,39634,0.642977,0.41,1,225245,224805,440
2753561,29.9238,29.9235,440,39687,0.664595,0.39,1,225277,224837,440
2756481,28.3848,29.1847,439,39740,0.684919,0.43,1,225305,224866,439
2759401,30.477,28.2369,442,39793,0.688984,0.41,1,225336,224894,442
2762321,31.6954,31.2474,442,39846,0.673797,0.41,1,225368,224926,442
2765241,20.7391,20.6495,442,39899,0.718759,0.47,1,225386,224944,442
2768161,96.1478,95.3299,443,39952,0.727752,0.43,1,225501,225058,443
2771081,47.2296,46.266,444,40005,0.71355,0.47,1,225536,225092,444
2774001,11.0459,10.8532,444,40058,0.71071,0.47,1,225538,225094,444
2776921,17.4092,2.17064,463,40111,0.726142,0.51,1,225557,225094,463
2779841,57.0818,14.0341,513,40164,0.745228,0.59,1,225624,225111,513
2782761,38.6164,54.0068,483,40217,0.781046,0.65,2,225658,225175,483
2785681,20.5233,36.4014,467,40270,0.820209,0.61,2,225674,225207,467
2788601,21.7047,20.0803,473,40322,0.844042,0.65,2,225696,225223,473
2791521,31.5409,21.6161,485,40374,0.848808,0.67,2,225730,225245,485
2794441,28.7082,29.9232,481,40426,0.881762,0.69,2,225758,225277,481
2797361,30.5416,28.3846,484,40478,0.872352,0.69,2,225789,225305,484
2800281,33.3083,30.4769,487,40530,0.87047,0.67,2,225823,225336,487
2803201,21.0617,31.6954,473,40582,0.886094,0.73,2,225841,225368,473
2806121,96.2123,20.7391,570,40634,0.873219,0.73,2,225956,225386,570
2809041,48.0425,96.1478,491,40686,0.870644,0.71,2,225992,225501,491
2811961,11.2085,47.2296,458,40738,0.870129,0.71,2,225994,225536,458
2814881,19.0417,11.0459,477,40790,0.886026,0.73,2,226015,225538,477
2817801,59.0083,17.4092,527,40842,0.921205,0.75,2,226084,225557,527
3001761,36,22,478,19818,0.03,0.45,1,228406,227928,478
3004681,72,70.8,476,19925,0.078,0.25,1,228487,228011,476
3007601,67.2,72.56,469,20031,0.0556,0.13,1,228553,228084,469
3010521,39.84,60.112,445,20137,0.03512,0.13,1,228586,228141,445
3013441,23.968,35.2224,436,20242,0.095024,0.07,1,228606,228170,436
3016361,124.794,56.6445,524,20347,0.0270048,0.07,1,228756,228232,524
3019281,82.5587,121.729,458,20451,0.093401,0.03,1,228828,228370,458
3022201,82.1117,53.1458,504,20555,0.10668,0.09,1,228910,228406,504
3025121,68.4223,75.4292,488,20658,0.125336,0.05,1,228975,228487,488
3028041,41.6845,67.8858,457,20761,0.129067,0.03,1,229010,228553,457
3030961,25.9369,39.9772,446,20863,0.145813,0.11,1,229032,228586,446
3033881,123.587,23.9954,574,20965,0.165163,0.01,1,229180,228606,574
3036801,26.3175,124.799,426,21066,0.185033,0.11,1,229182,228756,426
3039721,63.6635,82.5598,427,21167,0.237007,0.11,1,229255,228828,427
3042641,78.3327,82.112,427,21267,0.231401,0.13,1,229337,228910,427
3045561,69.2665,68.4224,429,21367,0.24628,0.13,1,229404,228975,429
3048481,41.8533,41.6845,429,21466,0.233256,0.15,1,229439,229010,429
3051401,26.7707,25.9369,430,21565,0.246651,0.17,1,229462,229032,430
3054321,124.554,123.587,431,21663,0.36133,0.19,1,229611,229180,431
3057241,26.5108,26.3175,431,21761,0.416266,0.25,1,229613,229182,431
3060161,64.5022,63.6635,432,21858,0.363253,0.23,1,229687,229255,432
3063081,79.3004,78.3327,433,21955,0.432651,0.25,1,229770,229337,433
3066001,68.6601,69.2665,432,22052,0.44653,0.23,1,229836,229404,432
3068921,42.532,41.8533,433,22148,0.465306,0.25,1,229872,229439,433
3071841,26.1064,26.7707,432,22244,0.469061,0.39,1,229894,229462,432
3074761,131.621,124.554,441,22339,0.565812,0.43,1,230052,229611,441
3077681,27.9243,26.5108,441,22434,0.617162,0.35,1,230054,229613,441
3080601,63.1849,64.5022,439,22529,0.611432,0.35,1,230126,229687,439
3083521,80.637,12.9004,524,22623,0.642286,0.45,1,230211,229687,524
3086441,68.9274,68.9801,507,22717,0.696457,0.45,1,230277,229770,507
3089361,43.3855,66.596,478,22810,0.739291,0.47,1,230314,229836,478
3092281,26.2771,42.1192,464,22903,0.763858,0.47,2,230336,229872,464
3095201,138.055,26.0238,608,22996,0.736772,0.59,1,230502,229894,608
3098121,29.2111,131.605,452,23088,0.731354,0.63,1,230504,230052,452
3101041,64.2422,27.921,523,23180,0.714271,0.61,1,230577,230054,523
3103961,83.2484,63.1842,539,23271,0.710854,0.65,1,230665,230126,539
3106881,71.0497,80.6368,522,23362,0.742171,0.71,1,230733,230211,522
3109801,46.2099,68.9274,496,23453,0.748434,0.75,1,230773,230277,496
3112721,26.842,43.3855,481,23543,0.749687,0.77,1,230795,230314,481
3115641,136.568,26.2771,623,23633,0.813937,0.73,2,230959,230336,623
3118561,28.9137,138.055,459,23723,0.826787,0.73,2,230961,230502,459
3121481,63.3827,29.2111,529,23812,0.877358,0.71,2,231033,230504,529
3124401,83.0765,64.2422,544,23901,0.935471,0.71,2,231121,230577,544
3127321,18.2153,83.2484,458,23990,0.963094,0.75,2,231123,230665,458
3212001,32,156,504,26431,0.73,1,1,232867,232363,504
3214921,60.8,53.6,544,26511,0.538,1,1,232935,232391,544
3217841,71.36,60.32,556,26591,0.3556,1,1,233009,232453,556
3220761,44.672,81.664,507,26671,0.17512,1,1,233047,232540,507
3223681,43.3344,40.3328,520,26750,0.171024,1,1,233090,232570,520
3226601,34.2669,52.0666,497,26829,0.0902048,1,1,233122,232625,497
3229521,44.4534,36.0133,512,26908,0.042041,0.95,1,233169,232657,512
3232441,22.4907,33.6027,496,26987,0.0644082,0.89,1,233186,232690,496
3235361,95.6981,122.721,465,27065,0.100882,0.73,1,233300,232835,465
3238281,41.5396,50.1441,461,27143,0.0921763,0.49,1,233328,232867,461
3241201,49.1079,64.4288,444,27221,0.0584353,0.31,1,233379,232935,444
3244121,64.2216,72.0858,438,27299,0.0676871,0.13,1,233447,233009,438
3247041,36.8443,44.8172,430,27377,0.0535374,0.17,1,233477,233047,430
3249961,41.7689,43.3634,430,27454,0.114707,0.07,1,233520,233090,430
3252881,33.1538,34.2727,429,27531,0.126942,0.03,1,233551,233122,429
3255801,40.2308,44.4545,424,27608,0.0653883,0.07,1,233593,233169,424
3258721,23.2462,22.4909,426,27685,0.0130777,0.11,1,233612,233186,426
3261641,95.8492,95.6982,426,27761,0.0106155,0.09,1,233726,233300,426
3264561,39.9698,41.5396,424,27837,0.0581231,0.05,1,233752,233328,424
3267481,47.194,49.1079,422,27913,0.0836246,0.07,1,233801,233379,422
3270401,65.4388,64.2216,424,27989,0.0887249,0.05,1,233871,233447,424
3273321,37.0878,36.8443,424,28065,0.089745,0.13,1,233901,233477,424
3276241,43.4176,41.7689,426,28140,0.137949,0.13,1,233946,233520,426
3279161,35.0835,33.1538,428,28215,0.19559,0.05,1,233979,233551,428
3282081,35.8167,40.2308,422,28290,0.175118,0,1,234015,233593,422
3285001,22.3633,23.2462,422,28365,0.187024,0,1,234034,233612,422
3287921,95.6727,4.64923,536,28440,0.125405,0.01,1,234148,233612,536
3290841,42.3345,92.1299,451,28514,0.113081,0.07,1,234177,233726,451
3293761,44.4669,39.226,470,28588,0.158616,0.09,1,234222,233752,470
3296681,66.4934,47.0452,493,28662,0.135723,0.09,1,234294,233801,493
3299601,39.6987,65.409,456,28736,0.179145,0.09,1,234327,233871,456
3302521,45.5397,37.0818,473,28810,0.171829,0.15,1,234374,233901,473
3305441,36.3079,43.4164,462,28883,0.138366,0.21,1,234408,233946,462
3308361,36.0616,35.0833,465,28956,0.131673,0.17,1,234444,233979,465
3311281,20.0123,35.8167,445,29029,0.130335,0.19,1,234460,234015,445
3314201,95.2025,22.3633,540,29102,0.162067,0.11,1,234574,234034,540
3317121,43.0405,95.6727,456,29175,0.136413,0.11,1,234604,234148,456
3320041,46.2081,42.3345,474,29248,0.179283,0.17,1,234651,234177,474
3322961,65.2416,44.4669,499,29320,0.203857,0.13,1,234721,234222,499
3325881,40.2483,66.4934,461,29392,0.224771,0.19,1,234755,234294,461
3328801,46.4497,39.6987,476,29464,0.292954,0.17,1,234803,234327,476
3331721,34.8899,45.5397,461,29536,0.322591,0.13,1,234835,234374,461
3334641,35.778,36.3079,463,29608,0.344518,0.13,1,234871,234408,463
3337561,20.7556,36.0616,444,29679,0.348904,0.13,1,234888,234444,444
3340481,96.1511,20.0123,543,29750,0.413781,0.17,1,235003,234460,543
3343401,41.6302,95.2025,457,29821,0.426756,0.13,1,235031,234574,457
3346321,9.92604,43.0405,429,29892,0.429351,0.19,1,235033,234604,429
3349241,41.1852,46.2081,431,29963,0.47787,0.21,1,235082,234651,431
3352161,65.037,65.2416,432,30034,0.535574,0.23,1,235153,234721,432
3355081,41.0074,40.2483,433,30104,0.499115,0.31,1,235188,234755,433
3358001,49.8015,46.4497,437,30174,0.539823,0.33,1,235240,234803,437
3360921,37.1603,34.8899,439,30244,0.563965,0.35,1,235274,234835,439
3363841,37.0321,35.778,440,30314,0.584793,0.35,1,235311,234871,440
3366761,21.8064,20.7556,441,30384,0.588959,0.43,1,235329,234888,441
3369681,97.9613,96.1511,443,30454,0.637792,0.43,1,235446,235003,443
3372601,41.9923,41.6302,443,30523,0.679558,0.43,1,235474,235031,443
3375521,9.99845,9.92604,443,30592,0.687912,0.49,1,235476,235033,443
3378441,41.9997,41.1852,444,30661,0.705582,0.55,1,235526,235082,444
3381361,67.5999,65.037,447,30730,0.725116,0.49,1,235600,235153,447
3384281,40.72,41.0074,446,30799,0.729023,0.55,1,235634,235188,446
3387201,50.544,49.8015,447,30868,0.729805,0.57,1,235687,235240,447
3390121,39.7088,37.1603,450,30937,0.793961,0.59,2,235724,235274,450
3393041,38.3418,37.0321,451,31005,0.806792,0.59,2,235762,235311,451
3395961,22.0684,21.8064,451,31073,0.841358,0.65,2,235780,235329,451
3398881,100.414,97.9613,454,31141,0.896272,0.69,2,235900,235446,454
3401801,42.4827,41.9923,454,31209,0.891254,0.69,2,235928,235474,454
3404721,10.0965,9.99845,454,31277,0.922251,0.69,2,235930,235476,454
3407641,42.0193,1.99969,504,31345,0.91245,0.71,2,235980,235476,504
3410561,70.0039,40.3999,531,31413,0.94249,0.73,2,236057,235526,531
3433921,2,28,467,31947,0.95,0.93,2,236395,235928,467
3436841,41.2,7.2,516,32013,0.934,0.91,2,236446,235930,516
3539041,27,20,483,34249,0.65,1,1,238005,237522,483
3541961,28.6,4,512,34311,0.602,1,1,238034,237522,512
3544881,44.92,37.6,515,34373,0.4644,1,1,238083,237568,515
3547801,47.384,41.92,520,34435,0.40488,0.99,1,238131,237611,520
3550721,32.6768,42.784,506,34496,0.264976,1,1,238160,237654,506
3553641,97.7354,29.3568,594,34557,0.124995,1,1,238274,237680,594
3556561,45.9471,101.871,507,34618,0.064999,0.94,1,238307,237800,507
3559481,32.3894,46.7743,503,34679,0.0529998,0.98,1,238336,237833,503
3562401,20.8779,34.9549,489,34740,0.0346,1,1,238354,237865,489
3565321,52.1756,22.191,530,34801,0.03092,0.79,1,238414,237884,530
3568241,23.2351,65.2382,470,34862,0.094184,0.67,1,238430,237960,470
3571161,24.647,27.4476,477,34923,0.106837,0.65,1,238455,237978,477
3574081,28.1294,27.0895,479,34984,0.109367,0.59,1,238484,238005,479
3577001,36.0259,28.6179,488,35044,0.0938735,0.43,1,238522,238034,488
3579921,41.6052,44.9236,482,35104,0.122775,0.39,1,238565,238083,482
3582841,29.121,47.3847,460,35164,0.128555,0.23,1,238591,238131,460
3585761,92.2242,32.6769,539,35224,0.177711,0.09,1,238699,238160,539
3588681,42.4448,97.7354,455,35284,0.171542,0.05,1,238729,238274,455
3591601,32.489,45.9471,452,35344,0.202308,0.05,1,238759,238307,452
3594521,21.6978,32.3894,442,35404,0.240462,0.03,1,238778,238336,442
3597441,52.3396,20.8779,484,35464,0.232092,0.03,1,238838,238354,484
3600361,24.8679,52.1756,442,35524,0.230418,0.11,1,238856,238414,442
3603281,23.3736,23.2351,449,35584,0.214084,0.11,1,238879,238430,449
3606201,31.0747,24.647,457,35643,0.226817,0.11,1,238912,238455,457
3609121,7.81494,28.1294,430,35702,0.229363,0.09,1,238914,238484,430
3612041,30.363,36.0259,428,35761,0.229873,0.13,1,238950,238522,428
3614961,38.8726,41.6052,426,35820,0.261975,0.13,1,238991,238565,426
3617881,30.1745,29.121,428,35879,0.252395,0.19,1,239019,238591,428
3620801,94.8349,92.2242,431,35938,0.346479,0.17,1,239130,238699,431
3623721,43.767,42.4448,432,35997,0.349296,0.21,1,239161,238729,432
3626641,33.5534,32.489,433,36056,0.413859,0.25,1,239192,238759,433
3629561,22.7107,21.6978,434,36115,0.458772,0.23,1,239212,238778,434
3632481,51.7421,52.3396,433,36174,0.467754,0.23,1,239271,238838,433
3635401,24.7484,24.8679,433,36232,0.485551,0.21,1,239289,238856,433
3638321,22.5497,23.3736,432,36290,0.52111,0.23,1,239311,238879,432
3641241,31.7099,31.0747,433,36348,0.544222,0.23,1,239345,238912,433
3644161,7.94199,7.81494,433,36406,0.516844,0.23,1,239347,238914,433
3647081,30.3884,30.363,433,36464,0.511369,0.27,1,239383,238950,433
3650001,38.8777,38.8726,433,36522,0.542274,0.25,1,239424,238991,433
3652921,30.9755,30.1745,434,36580,0.564455,0.37,1,239453,239019,434
3655841,98.1951,94.8349,438,36638,0.616891,0.35,1,239568,239130,438
3658761,45.239,43.767,439,36696,0.611378,0.43,1,239600,239161,439
3661681,37.0478,33.5534,443,36754,0.626276,0.47,1,239635,239192,443
3664601,23.4096,22.7107,443,36811,0.645255,0.47,1,239655,239212,443
3667521,54.2819,51.7421,446,36868,0.681051,0.49,1,239717,239271,446
3670441,25.2564,24.7484,446,36925,0.68821,0.53,1,239735,239289,446
3673361,22.6513,22.5497,446,36982,0.721642,0.55,1,239757,239311,446
3676281,32.5303,31.7099,447,37039,0.680328,0.51,1,239792,239345,447
3679201,8.10605,7.94199,447,37096,0.672066,0.51,1,239794,239347,447
3682121,30.4212,30.3884,447,37153,0.702413,0.51,1,239830,239383,447
3685041,39.6842,6.07768,489,37210,0.676483,0.55,1,239872,239383,489
3687961,31.1368,34.0155,477,37267,0.687297,0.57,1,239901,239424,477
3690881,100.627,30.0031,566,37324,0.737459,0.63,1,240019,239453,566
3693801,45.7255,98.0006,483,37381,0.747492,0.61,1,240051,239568,483
3696721,38.7451,45.2001,488,37438,0.749498,0.63,1,240088,239600,488
3699641,23.749,37.04,473,37494,0.7499,0.65,1,240108,239635,473
3702561,55.9498,23.408,517,37550,0.74998,0.69,1,240172,239655,517
3705481,25.59,54.2816,473,37606,0.765996,0.69,2,240190,239717,473
3708401,22.718,25.2563,477,37662,0.769199,0.73,2,240212,239735,477
3711321,31.7436,22.6513,489,37718,0.76984,0.67,2,240246,239757,489
3714241,7.94872,32.5303,456,37774,0.785968,0.67,2,240248,239792,456
3717161,30.3897,8.10605,490,37830,0.789194,0.71,2,240284,239794,490
3720081,39.678,30.4212,496,37886,0.821839,0.67,2,240326,239830,496
3723001,31.9356,39.6842,484,37942,0.844368,0.69,2,240356,239872,484
3725921,103.187,31.1368,576,37998,0.880874,0.75,2,240477,239901,576
3728841,46.2374,100.627,490,38054,0.904175,0.75,2,240509,240019,490
3731761,38.8475,45.7255,495,38110,0.924835,0.75,2,240546,240051,495
3734681,23.7695,38.7451,478,38165,0.944967,0.75,2,240566,240088,478
3874841,37,27,513,40736,0.69,1,1,242288,241775,513
3877761,69.8,27,564,40788,0.642,1,1,242366,241802,564
3880681,39.56,84.6,497,40840,0.5364,1,1,242398,241901,497
3883601,41.512,40.92,509,40892,0.43528,1,1,242440,241931,509
3886521,33.1024,32.184,510,40944,0.367056,0.99,1,242471,241961,510
3889441,34.6205,28.8368,517,40996,0.385411,1,1,242506,241989,517
3892361,42.1241,50.5674,505,41047,0.325082,1,1,242550,242045,505
3895281,26.8248,33.3135,499,41098,0.297016,0.98,1,242573,242074,499
3898201,28.565,26.6627,503,41149,0.339403,1,1,242602,242099,503
3901121,28.913,32.5325,498,41200,0.363881,1,1,242631,242133,498
3904041,28.9826,28.9065,499,41251,0.352776,0.87,1,242660,242161,499
3906961,28.1965,32.1813,494,41302,0.302555,0.75,1,242688,242194,494
3909881,20.8393,30.4363,483,41353,0.308511,0.79,1,242707,242224,483
3912801,30.5679,27.6873,489,41404,0.309702,0.69,1,242740,242251,489
3915721,63.7136,35.1375,524,41455,0.32594,0.63,1,242812,242288,524
3918641,38.3427,69.4275,478,41506,0.297188,0.51,1,242844,242366,478
3921561,9.26854,39.4855,448,41557,0.291438,0.41,1,242846,242398,448
3924481,29.0537,41.4971,440,41608,0.354288,0.35,1,242880,242440,440
3927401,30.6107,33.0994,440,41659,0.366857,0.39,1,242911,242471,440
3930321,34.9221,34.6199,441,41710,0.305372,0.31,1,242947,242506,441
3933241,38.1844,42.124,436,41761,0.309074,0.29,1,242986,242550,436
3936161,25.2369,26.8248,435,41812,0.341815,0.35,1,243008,242573,435
3939081,26.6474,28.565,433,41862,0.364363,0.37,1,243035,242602,433
3942001,30.9295,28.913,436,41912,0.368873,0.35,1,243067,242631,436
3944921,29.3859,28.9826,436,41962,0.449775,0.29,1,243096,242660,436
3947841,28.2772,28.1965,436,42012,0.433955,0.31,1,243124,242688,436
3950761,21.6554,20.8393,437,42062,0.478791,0.31,1,243144,242707,437
3953681,29.9311,30.5679,436,42112,0.503758,0.33,1,243176,242740,436
3956601,66.7862,63.7136,440,42162,0.540752,0.29,1,243252,242812,440
3959521,35.7572,38.3427,436,42212,0.58015,0.29,1,243280,242844,436
3962441,8.75145,9.26854,436,42262,0.58803,0.37,1,243282,242846,436
3965361,32.1503,29.0537,440,42312,0.605606,0.37,1,243320,242880,440
3968281,29.6301,30.6107,438,42362,0.641121,0.29,1,243349,242911,438
3971201,34.726,34.9221,438,42412,0.648224,0.31,1,243385,242947,438
3974121,36.5452,38.1844,436,42462,0.697645,0.35,1,243422,242986,436
3977041,27.309,25.2369,439,42512,0.691529,0.37,1,243447,243008,439
3979961,27.8618,26.6474,440,42562,0.690306,0.37,1,243475,243035,440
3982881,31.1724,30.9295,440,42612,0.722061,0.47,1,243507,243067,440
3985801,31.8345,29.3859,443,42662,0.776412,0.43,2,243539,243096,443
3988721,28.7669,28.2772,443,42711,0.787282,0.49,2,243567,243124,443
3991641,22.5534,21.6554,444,42760,0.773457,0.51,2,243588,243144,444
3994561,33.3107,29.9311,448,42809,0.786691,0.55,2,243624,243176,448
3997481,69.0621,66.7862,450,42858,0.773338,0.59,2,243702,243252,450
4000401,37.8124,35.7572,452,42907,0.770668,0.59,2,243732,243280,452
4003321,9.16248,8.75145,452,42956,0.770133,0.61,2,243734,243282,452
4006241,32.2325,32.1503,452,43005,0.738027,0.61,1,243772,243320,452
4009161,30.4465,6.43006,482,43054,0.731605,0.65,1,243802,243320,482
4012081,34.8893,24.486,489,43103,0.746321,0.65,1,243838,243349,489
4015001,37.3779,33.6972,491,43152,0.781264,0.71,2,243876,243385,491
4017921,28.2756,36.3394,480,43201,0.788253,0.69,2,243902,243422,480
4020841,28.8551,27.2679,484,43250,0.821651,0.69,2,243931,243447,484
4023761,32.971,27.8536,490,43299,0.81233,0.73,2,243965,243475,490
4026681,32.1942,31.1707,490,43348,0.810466,0.79,2,243997,243507,490
4029601,28.8388,31.8341,486,43397,0.810093,0.79,2,244025,243539,486
4032521,24.1678,28.7668,481,43446,0.810019,0.77,2,244048,243567,481
4035441,32.8336,22.5534,495,43495,0.842004,0.79,2,244083,243588,495
4038361,67.3667,33.3107,535,43544,0.848401,0.77,2,244159,243624,535
4041281,37.4733,69.0621,487,43592,0.84968,0.77,2,244189,243702,487
4044201,9.09467,37.8124,459,43640,0.849936,0.77,2,244191,243732,459
4047121,32.2189,9.16248,495,43688,0.897987,0.73,2,244229,243734,495
4050041,30.4438,32.2325,487,43736,0.923597,0.73,2,244259,243772,487
4052961,35.6888,30.4465,494,43784,0.912719,0.75,2,244296,243802,494
4055881,39.1378,34.8893,498,43832,0.942544,0.79,2,244336,243838,498
4216481,29,30,510,46407,0.75,1,2,246127,245617,510
4219401,29,30,509,46452,0.622,1,1,246156,245647,509
4222321,29,29.2,509,46497,0.6444,1,1,246185,245676,509
4225241,32.2,27.44,515,46542,0.60088,1,1,246218,245703,515
4228161,29.64,31.088,512,46587,0.608176,1,1,246247,245735,512
4231081,23.528,31.8176,502,46632,0.545635,1,1,246269,245767,502
4234001,26.3056,24.7635,506,46677,0.533127,1,1,246296,245790,506
4236921,26.0611,18.5527,515,46722,0.402625,1,1,246322,245807,515
4239841,18.8122,15.7105,517,46767,0.456525,1,1,246339,245822,517
4242761,22.9624,30.3421,507,46812,0.371305,1,1,246363,245856,507
4245681,24.5925,31.6684,500,46857,0.322261,1,1,246388,245888,500
4248601,20.9185,29.5337,491,46902,0.296452,1,1,246408,245917,491
4251521,28.9837,21.9067,502,46947,0.25929,1,1,246439,245937,502
4254441,76.1967,29.1813,559,46992,0.219858,0.89,1,246527,245968,559
4257361,37.6393,82.6363,491,47037,0.179972,0.85,1,246555,246064,491
4260281,33.1279,43.7273,489,47082,0.139994,0.75,1,246587,246098,489
4263201,25.0256,31.9455,483,47127,0.115999,0.59,1,246610,246127,483
4266121,29.0051,29.5891,484,47172,0.1272,0.65,1,246640,246156,484
4269041,29.801,29.1178,485,47217,0.12944,0.59,1,246670,246185,485
4271961,27.5602,32.2236,479,47262,0.209888,0.61,1,246697,246218,479
4274881,19.912,29.6447,468,47307,0.193978,0.53,1,246715,246247,468
4277801,23.9824,23.5289,471,47352,0.174796,0.53,1,246740,246269,471
4280721,6.39648,26.3058,446,47397,0.170959,0.37,1,246742,246296,446
4283641,18.8793,26.0612,442,47441,0.234192,0.47,1,246764,246322,442
4286561,15.7759,18.8122,440,47485,0.198838,0.35,1,246779,246339,440
4289481,21.5552,22.9624,439,47529,0.207768,0.31,1,246802,246363,439
4292401,23.511,24.5925,438,47573,0.209554,0.29,1,246826,246388,438
4295321,18.3022,20.9185,435,47617,0.193911,0.25,1,246843,246408,435
4298241,26.8604,28.9837,433,47661,0.190782,0.21,1,246872,246439,433
4301161,74.1721,76.1967,431,47705,0.254156,0.17,1,246958,246527,431
4304081,36.4344,37.6393,430,47749,0.250831,0.13,1,246985,246555,430
4307001,32.8869,33.1279,430,47793,0.250166,0.11,1,247017,246587,430
4309921,22.5774,25.0256,427,47837,0.250033,0.13,1,247037,246610,427
4312841,29.3155,29.0051,428,47881,0.282007,0.13,1,247068,246640,428
4315761,31.4631,29.801,430,47925,0.352401,0.23,1,247100,246670,430
4318681,30.2926,27.5602,433,47969,0.35048,0.19,1,247130,246697,433
4321601,18.8585,19.912,431,48013,0.350096,0.17,1,247146,246715,431
4324521,24.5717,23.9824,432,48057,0.398019,0.17,1,247172,246740,432
4327441,6.51434,6.39648,432,48101,0.375604,0.25,1,247174,246742,432
4330361,18.9029,18.8793,432,48145,0.403121,0.19,1,247196,246764,432
4333281,13.3806,15.7759,429,48189,0.392624,0.21,1,247208,246779,429
4336201,21.8761,21.5552,430,48233,0.438525,0.21,1,247232,246802,430
4339121,21.9752,23.511,428,48277,0.447705,0.19,1,247254,246826,428
4342041,18.795,18.3022,429,48321,0.417541,0.19,1,247272,246843,429
4344961,28.559,26.8604,431,48365,0.427508,0.27,1,247303,246872,431
4347881,76.1118,74.1721,433,48409,0.525502,0.25,1,247391,246958,433
4350801,36.0224,36.4344,432,48453,0.5611,0.25,1,247417,246985,432
4353721,34.4045,32.8869,434,48496,0.56822,0.25,1,247451,247017,434
4356641,22.0809,22.5774,433,48539,0.617644,0.29,1,247470,247037,433
4359561,31.6162,29.3155,436,48582,0.595529,0.37,1,247504,247068,436
4362481,33.5232,31.4631,438,48625,0.623106,0.35,1,247538,247100,438
4365401,31.5046,30.2926,439,48668,0.628621,0.35,1,247569,247130,439
4368321,19.1009,18.8585,439,48711,0.677724,0.41,1,247585,247146,439
4371241,25.4202,24.5717,440,48754,0.639545,0.37,1,247612,247172,440
4374161,6.68404,6.51434,440,48797,0.631909,0.41,1,247614,247174,440
4377081,18.9368,18.9029,440,48840,0.630382,0.41,1,247636,247196,440
4380001,14.1874,3.78057,453,48883,0.614076,0.39,1,247649,247196,453
4382921,22.0375,10.3561,465,48926,0.610815,0.45,1,247673,247208,465
4385841,22.0075,21.2712,463,48969,0.610163,0.45,1,247695,247232,463
4388761,18.8015,21.8542,459,49012,0.610033,0.41,1,247713,247254,459
4391681,30.9603,18.7708,475,49055,0.610007,0.43,1,247747,247272,475
4394601,79.7921,28.5542,536,49098,0.690001,0.55,1,247839,247303,536
4397521,37.5584,76.1108,475,49141,0.69,0.57,1,247866,247391,475
4400441,36.3117,36.0222,485,49184,0.69,0.57,1,247902,247417,485
4403361,23.2623,34.4044,471,49227,0.69,0.63,1,247922,247451,471
4406281,30.2525,22.0809,484,49270,0.69,0.59,1,247954,247470,484
4409201,34.0505,31.6162,485,49313,0.69,0.63,1,247989,247504,485
4412121,32.4101,33.5232,483,49356,0.722,0.63,1,248021,247538,483
4415041,20.082,31.5046,469,49399,0.7124,0.69,1,248038,247569,469
4417961,24.8164,19.1009,479,49442,0.74248,0.63,1,248064,247585,479
4420881,6.56328,25.4202,454,49485,0.764496,0.63,2,248066,247612,454
4423801,18.9127,6.68404,474,49528,0.784899,0.63,2,248088,247614,474
4426721,13.3825,18.9368,464,49571,0.80498,0.61,2,248100,247636,464
4429641,21.8765,14.1874,475,49614,0.808996,0.61,2,248124,247649,475
4432561,21.9753,22.0375,473,49656,0.841799,0.61,2,248146,247673,473
4435481,18.7951,22.0075,469,49698,0.86436,0.61,2,248164,247695,469
4438401,30.959,18.8015,485,49740,0.868872,0.61,2,248198,247713,485
4441321,83.7918,30.9603,548,49782,0.853774,0.71,2,248295,247747,548
4444241,37.5584,79.7921,482,49824,0.850755,0.69,2,248321,247839,482
4447161,36.3117,37.5584,491,49866,0.866151,0.69,2,248357,247866,491
4450081,23.2623,36.3117,475,49908,0.86923,0.69,2,248377,247902,475
4453001,30.2525,23.2623,487,49950,0.885846,0.69,2,248409,247922,487
4455921,35.6505,30.2525,492,49992,0.889169,0.69,2,248446,247954,492
4458841,32.7301,34.0505,489,50034,0.889834,0.73,2,248478,247989,489
4461761,20.146,32.4101,474,50076,0.921967,0.71,2,248495,248021,474
4655941,8,6,467,24178,0.69,0.83,1,250567,250100,467
4658861,28,18.8,478,24266,0.722,0.77,1,250600,250122,478
4661781,92.8,84.56,486,24353,0.7124,0.83,1,250709,250223,486
4664701,88.16,49.712,532,24440,0.72648,0.65,1,250796,250264,532
4667621,52.832,91.5424,474,24527,0.697296,0.65,1,250840,250366,474
4670541,69.7664,64.7085,490,24613,0.739459,0.71,1,250914,250424,490
4673461,46.7533,56.1417,477,24699,0.747892,0.71,1,250955,250478,477
4676381,56.5507,51.2283,486,24785,0.797578,0.69,2,251014,250528,486
4679301,17.7101,41.4457,455,24871,0.807516,0.73,2,251022,250567,455
4682221,32.342,34.6891,458,24956,0.873503,0.71,2,251058,250600,458
4793181,84,77,490,28000,0.73,1,1,253295,252805,490
4796101,40,42.6,485,28076,0.682,0.96,1,253324,252839,485
4799021,66.4,61.32,492,28151,0.5124,1,1,253397,252905,492
4801941,39.68,33.864,498,28226,0.51048,1,1,253430,252932,498
4804861,31.136,36.3728,490,28301,0.462096,0.98,1,253459,252969,490
4807781,20.6272,32.0746,477,28376,0.420419,0.98,1,253477,253000,477
4810701,56.1254,6.41491,542,28451,0.332084,1,1,253542,253000,542
4813621,88.8251,61.283,564,28525,0.314417,0.91,1,253639,253075,564
4816541,44.165,93.0566,496,28599,0.358883,0.89,1,253672,253176,496
4819461,71.233,46.6113,539,28673,0.431777,0.73,1,253750,253211,539
4822381,37.4466,76.5223,484,28747,0.430355,0.67,1,253779,253295,484
4825301,56.2893,38.5045,516,28821,0.446071,0.47,1,253840,253324,516
4828221,39.2579,66.1009,478,28894,0.465214,0.51,1,253875,253397,478
4831141,25.4516,39.6202,467,28967,0.469043,0.45,1,253897,253430,467
4834061,21.0903,31.124,458,29040,0.485809,0.41,1,253917,253459,458
4836981,54.6181,20.6248,503,29113,0.489162,0.31,1,253980,253477,503
4839901,88.5236,56.125,535,29186,0.601832,0.31,1,254077,253542,535
4842821,43.3047,88.825,470,29259,0.656367,0.37,1,254109,253639,470
4845741,75.8609,44.165,521,29331,0.699273,0.45,1,254193,253672,521
4848661,37.5722,71.233,471,29403,0.723855,0.43,1,254221,253750,471
4851581,58.7144,37.4466,506,29475,0.744771,0.45,1,254285,253779,506
4854501,38.9429,56.2893,479,29547,0.764954,0.47,2,254319,253840,479
4857421,26.9886,39.2579,468,29619,0.784991,0.47,2,254343,253875,468
4860341,21.3977,25.4516,466,29690,0.756998,0.49,2,254363,253897,466
4863261,55.4795,21.0903,510,29761,0.7514,0.49,2,254427,253917,510
4866181,92.6959,54.6181,549,29832,0.81428,0.63,2,254529,253980,549
4869101,20.1392,88.5236,454,29903,0.826856,0.67,2,254531,254077,454
4872021,31.2278,43.3047,456,29974,0.861371,0.71,2,254565,254109,456
4874941,75.0456,75.8609,458,30045,0.868274,0.73,2,254651,254193,458
4877861,37.4091,37.5722,458,30115,0.869655,0.75,2,254679,254221,458
4880781,59.4818,58.7144,459,30185,0.853931,0.77,2,254744,254285,459
4883701,40.6964,38.9429,461,30255,0.818786,0.79,2,254780,254319,461
4886621,27.3393,26.9886,461,30325,0.779757,0.75,2,254804,254343,461
4889541,19.8679,21.3977,459,30395,0.803952,0.75,2,254822,254363,459
4892461,53.5736,55.4795,457,30465,0.79279,0.83,2,254884,254427,457
4895381,97.1147,92.6959,463,30534,0.838558,0.83,2,254992,254529,463
4898301,21.0229,20.1392,463,30603,0.815712,0.87,2,254994,254531,463
4901221,31.4046,31.2278,463,30672,0.875142,0.87,2,255028,254565,463
5020941,28,34,501,33383,0.75,1,2,256960,256459,501
5023861,54.4,58.8,497,33446,0.542,1,1,257021,256524,497
5026781,39.68,38.16,500,33509,0.4524,1,1,257057,256557,500
5029701,31.936,34.832,496,33572,0.35448,1,1,257087,256591,496
5032621,40.7872,36.5664,502,33635,0.206896,1,1,257130,256628,502
5035541,36.9574,40.9133,496,33698,0.0653792,1,1,257166,256670,496
5038461,26.5915,31.3827,491,33761,0.0210758,1,1,257190,256699,491
5041381,19.7183,28.6765,481,33824,0.0122152,0.99,1,257208,256727,481
5044301,47.1437,49.7353,480,33887,0.00244303,0.85,1,257262,256782,480
5047221,91.0287,101.147,468,33949,0.0404886,0.83,1,257364,256896,468
5050141,44.6057,49.0294,465,34011,0.0320977,0.75,1,257397,256932,465
5053061,27.3211,32.2059,460,34073,0.0624195,0.49,1,257420,256960,460
5055981,43.0642,55.2412,446,34135,0.0524839,0.43,1,257467,257021,446
5058901,33.4128,39.8482,441,34197,0.0664968,0.33,1,257498,257057,441
5061821,25.8826,31.9696,435,34259,0.0372994,0.33,1,257522,257087,435
5064741,38.7765,6.39393,477,34321,0.14346,0.17,1,257564,257087,477
5067661,30.1553,35.6788,462,34383,0.148692,0.03,1,257592,257130,462
5070581,22.0311,35.9358,446,34444,0.197738,0.01,1,257612,257166,446
5073501,18.0062,26.3872,439,34505,0.175548,0.01,1,257629,257190,439
5076421,50.0012,19.6774,479,34566,0.0351095,0,1,257687,257208,479
5079341,88.4002,47.1355,523,34627,0.111022,0.05,1,257785,257262,523
5082261,44.08,91.0271,454,34688,0.0942044,0.03,1,257818,257364,454
5085181,28.016,44.6054,445,34749,0.0908409,0.07,1,257842,257397,445
5088101,43.2032,27.3211,469,34810,0.0741682,0.05,1,257889,257420,469
5091021,33.4406,43.0642,453,34871,0.0868336,0.07,1,257920,257467,453
5093941,25.0881,33.4128,445,34932,0.0733667,0.03,1,257943,257498,445
5096861,44.2176,25.8826,470,34993,0.102673,0.17,1,257992,257522,470
5099781,31.2435,38.7765,456,35053,0.172535,0.15,1,258020,257564,456
5102701,23.8487,30.1553,450,35113,0.186507,0.21,1,258042,257592,450
5105621,15.9697,22.0311,444,35173,0.157301,0.17,1,258056,257612,444
5108541,47.9939,18.0062,483,35233,0.0554603,0,1,258112,257629,483
5111461,86.3988,50.0012,521,35293,0.0350921,0.13,1,258208,257687,521
5114381,45.2798,88.4002,458,35353,0.0790184,0.09,1,258243,257785,458
5117301,26.656,44.08,447,35413,0.0878037,0.09,1,258265,257818,447
5120221,44.5312,28.016,472,35473,0.0575607,0.07,1,258314,257842,472
5123141,33.7062,43.2032,456,35533,0.0675121,0.09,1,258345,257889,456
5126061,24.3412,33.4406,447,35592,0.0695024,0.07,1,258367,257920,447
5128981,47.2683,25.0881,477,35651,0.0699005,0.11,1,258420,257943,477
5131901,11.0536,44.2176,430,35710,0.0699801,0.19,1,258422,257992,430
5134821,25.4107,31.2435,431,35769,0.101996,0.19,1,258451,258020,431
5137741,21.0821,23.8487,429,35828,0.0763992,0.15,1,258471,258042,429
5140661,15.4164,15.9697,429,35887,0.0872798,0.03,1,258485,258056,429
5143581,43.0833,47.9939,423,35946,0.137456,0.03,1,258535,258112,423
5146501,86.2167,86.3988,424,36005,0.0834912,0.09,1,258632,258208,424
5149421,46.8433,45.2798,426,36064,0.0566982,0.09,1,258669,258243,426
5152341,26.9687,26.656,426,36123,0.0513396,0.05,1,258691,258265,426
5155261,43.7937,44.5312,425,36182,0.0342679,0.07,1,258739,258314,425
5158181,33.5587,33.7062,425,36240,0.0788536,0.07,1,258770,258345,425
5161101,24.3117,24.3412,425,36298,0.0877707,0.07,1,258792,258367,425
5164021,48.0624,47.2683,426,36356,0.121554,0.07,1,258846,258420,426
5166941,11.2125,11.0536,426,36414,0.128311,0.11,1,258848,258422,426
5169861,24.6425,25.4107,425,36472,0.145662,0.07,1,258876,258451,425
5172781,21.7285,21.0821,426,36530,0.149132,0.09,1,258897,258471,426
5175701,15.5457,15.4164,426,36588,0.149826,0.15,1,258911,258485,426
5178621,43.9091,43.0833,427,36646,0.197965,0.07,1,258962,258535,427
5181541,83.1818,86.2167,423,36704,0.175593,0.05,1,259055,258632,423
5184461,45.4364,46.8433,422,36762,0.171119,0.05,1,259091,258669,422
5187381,26.6873,26.9687,422,36819,0.138224,0.03,1,259113,258691,422
5190301,44.5375,43.7937,423,36876,0.147645,0.09,1,259162,258739,423
5193221,34.5075,33.5587,424,36933,0.181529,0.09,1,259194,258770,424
5196141,24.5015,24.3117,424,36990,0.204306,0.13,1,259216,258792,424
5199061,49.7003,48.0624,426,37047,0.224861,0.13,1,259272,258846,426
5201981,11.5401,11.2125,426,37104,0.228972,0.15,1,259274,258848,426
5204901,25.508,24.6425,427,37161,0.213794,0.15,1,259303,258876,427
5207821,22.7016,4.9285,449,37218,0.226759,0.15,1,259325,258876,449
5210741,15.7403,17.7857,442,37275,0.229352,0.15,1,259339,258897,442
5213661,46.3481,14.7571,482,37332,0.29387,0.21,1,259393,258911,482
5216581,80.4696,43.7514,520,37389,0.354774,0.17,1,259482,258962,520
5219501,44.8939,83.1503,463,37446,0.382955,0.17,1,259518,259055,463
5222421,26.5788,45.4301,449,37502,0.404591,0.13,1,259540,259091,449
5225341,45.3158,26.686,477,37558,0.440918,0.15,1,259590,259113,477
5228261,35.4632,44.5372,461,37614,0.432184,0.19,1,259623,259162,461
5231181,24.6926,34.5074,451,37670,0.430437,0.21,1,259645,259194,451
5234101,50.5385,24.5015,486,37726,0.446087,0.23,1,259702,259216,486
5237021,11.7077,49.7003,432,37782,0.449217,0.23,1,259704,259272,432
5239941,27.1415,11.5401,461,37838,0.433843,0.21,1,259735,259274,461
5242861,23.0283,25.508,454,37894,0.494769,0.23,1,259757,259303,454
5245781,15.8057,22.7016,446,37950,0.506954,0.23,1,259771,259325,446
5248701,49.5611,15.7403,490,38006,0.557391,0.31,1,259829,259339,490
5251621,84.3122,46.3481,529,38062,0.583478,0.37,1,259922,259393,529
5254541,45.6624,80.4696,476,38118,0.588696,0.39,1,259958,259482,476
5257461,27.5325,44.8939,463,38173,0.605739,0.41,1,259981,259518,463
5260381,47.1065,26.5788,493,38228,0.609148,0.45,1,260033,259540,493
5263301,35.0213,45.3158,475,38283,0.60983,0.43,1,260065,259590,475
5266221,24.6043,35.4632,464,38338,0.641966,0.43,1,260087,259623,464
5269141,51.3209,24.6926,500,38393,0.632393,0.45,1,260145,259645,500
5272061,11.8642,50.5385,445,38448,0.630479,0.45,1,260147,259702,445
5274981,28.7728,11.7077,476,38503,0.646096,0.43,1,260180,259704,476
5277901,24.1546,27.1415,468,38558,0.697219,0.51,1,260203,259735,468
5280821,16.0309,23.0283,460,38613,0.707444,0.51,1,260217,259757,460
5283741,4.80618,15.8057,448,38668,0.709489,0.57,1,260219,259771,448
5286661,48.9612,49.5611,450,38723,0.757898,0.59,2,260279,259829,450
5289581,84.9923,84.3122,451,38778,0.68758,0.59,1,260373,259922,451
5292501,45.7985,45.6624,451,38832,0.705516,0.61,1,260409,259958,451
5295421,28.3597,27.5325,452,38886,0.757103,0.61,2,260433,259981,452
5298341,47.2719,47.1065,452,38940,0.783421,0.61,2,260485,260033,452
5301261,36.6544,35.0213,454,38994,0.756684,0.65,2,260519,260065,454
5304181,24.9309,24.6043,454,39048,0.751337,0.63,2,260541,260087,454
5307101,50.5862,51.3209,453,39102,0.734267,0.63,1,260598,260145,453
5310021,11.7172,11.8642,453,39156,0.730853,0.65,1,260600,260147,453
5312941,30.3434,28.7728,455,39210,0.762171,0.71,2,260635,260180,455
5315861,26.0687,24.1546,457,39264,0.784434,0.71,2,260660,260203,457
5318781,16.4137,16.0309,457,39318,0.788887,0.71,2,260674,260217,457
5321701,4.88275,4.80618,457,39372,0.789777,0.77,2,260676,260219,457
5324621,49.7765,48.9612,458,39426,0.789955,0.67,2,260737,260279,458
5327541,82.7553,84.9923,455,39480,0.837991,0.71,2,260828,260373,455
5330461,46.1511,45.7985,456,39533,0.847598,0.77,2,260865,260409,456
5333381,30.0302,28.3597,458,39586,0.89752,0.79,2,260891,260433,458
5336301,48.406,47.2719,459,39639,0.907504,0.75,2,260944,260485,459
5339221,35.2812,36.6544,457,39692,0.941501,0.75,2,260976,260519,457
5342141,24.6562,24.9309,457,39745,0.9483,0.73,2,260998,260541,457
5473541,11,16,501,42068,0.87,1,2,262582,262081,501
5476461,28.6,22.4,510,42118,0.79,1,2,262615,262105,510
5479381,34.52,34.08,509,42168,0.726,1,1,262651,262142,509
5482301,63.704,74.016,496,42218,0.6012,1,1,262722,262226,496
5485221,42.3408,37.2032,505,42268,0.60824,1,1,262759,262254,505
5488141,31.6682,34.6406,500,42318,0.561648,1,1,262788,262288,500
5491061,27.9336,28.5281,500,42368,0.55233,1,1,262815,262315,500
5493981,39.9867,50.5056,487,42418,0.550466,1,1,262858,262371,487
5496901,34.3973,37.3011,486,42468,0.454093,1,1,262891,262405,486
5499821,20.4795,27.4602,478,42518,0.402819,0.94,1,262908,262430,478
5502741,41.6959,50.292,469,42568,0.456564,0.99,1,262955,262486,469
5505661,37.1392,39.6584,468,42618,0.355313,0.93,1,262991,262523,468
5508581,29.8278,31.9317,466,42668,0.383063,0.89,1,263019,262553,466
5511501,18.7656,20.7863,464,42717,0.340613,0.87,1,263035,262571,464
5514421,10.1531,12.9573,461,42766,0.300122,0.77,1,263043,262582,461
5517341,29.2306,28.9915,462,42815,0.276024,0.71,1,263077,262615,462
5520261,33.0461,34.5983,460,42864,0.303205,0.57,1,263111,262651,460
5523181,53.8092,63.7197,448,42913,0.276641,0.61,1,263170,262722,448
5526101,41.1618,42.3439,449,42962,0.303328,0.55,1,263208,262759,449
5529021,29.8324,31.6688,447,43011,0.308666,0.55,1,263235,262788,447
5531941,24.3665,6.33376,470,43060,0.261733,0.55,1,263258,262788,470
5534861,41.6733,22.8668,489,43109,0.268347,0.55,1,263304,262815,489
5537781,30.7347,38.9734,474,43158,0.285669,0.43,1,263332,262858,474
5540701,21.3469,34.1947,460,43207,0.337134,0.39,1,263351,262891,460
5543621,40.2694,20.4389,488,43256,0.427427,0.47,1,263396,262908,488
5546541,32.8539,41.6878,472,43305,0.445485,0.33,1,263427,262955,472
5549461,29.7708,37.1376,465,43354,0.433097,0.39,1,263456,262991,465
5552381,15.5542,29.8275,449,43403,0.430619,0.33,1,263468,263019,449
5555301,10.3108,18.7655,442,43452,0.462124,0.29,1,263477,263035,442
5558221,30.0622,10.1531,469,43501,0.452425,0.27,1,263512,263043,469
5561141,32.4124,29.2306,468,43550,0.466485,0.31,1,263545,263077,468
5564061,52.8825,33.0461,492,43598,0.485297,0.27,1,263603,263111,492
5566981,41.7765,53.8092,472,43646,0.473059,0.31,1,263642,263170,472
5569901,28.3553,41.1618,459,43694,0.502612,0.31,1,263667,263208,459
5572821,25.6711,29.8324,457,43742,0.492522,0.25,1,263692,263235,457
5575741,42.7342,24.3665,481,43790,0.522505,0.27,1,263739,263258,481
5578661,34.1468,41.6733,467,43838,0.592501,0.29,1,263771,263304,467
5581581,24.4294,30.7347,461,43886,0.6065,0.35,1,263793,263332,461
5584501,40.8859,21.3469,487,43934,0.6413,0.45,1,263838,263351,487
5587421,33.7772,40.2694,474,43982,0.61626,0.45,1,263870,263396,474
5590341,29.1554,32.8539,471,44030,0.611252,0.43,1,263898,263427,471
5593261,16.2311,29.7708,455,44078,0.62625,0.43,1,263911,263456,455
5596181,11.2462,15.5542,453,44126,0.62925,0.47,1,263921,263468,453
5599101,31.0492,10.3108,480,44174,0.62985,0.45,1,263957,263477,480
5602021,34.2098,30.0622,480,44222,0.62997,0.47,1,263992,263512,480
5604941,51.642,32.4124,503,44270,0.645994,0.49,1,264048,263545,503
5607861,40.7284,52.8825,483,44318,0.649199,0.47,1,264086,263603,483
5610781,29.7457,41.7765,471,44366,0.64984,0.51,1,264113,263642,471
5613701,26.7491,28.3553,472,44414,0.649968,0.49,1,264139,263667,472
5616621,45.3498,25.6711,497,44461,0.649994,0.53,1,264189,263692,497
5619541,10.67,42.7342,452,44508,0.649999,0.61,1,264191,263739,452
5622461,27.734,34.1468,452,44555,0.65,0.61,1,264223,263771,452
5625381,23.1468,24.4294,452,44602,0.73,0.65,1,264245,263793,452
5628301,40.6294,40.8859,452,44649,0.73,0.61,1,264290,263838,452
5631221,33.7259,33.7772,452,44696,0.794,0.61,2,264322,263870,452
5634141,29.1452,29.1554,452,44743,0.8228,0.63,2,264350,263898,452
5637061,17.029,16.2311,453,44790,0.82856,0.63,2,264364,263911,453
5639981,11.4058,11.2462,453,44837,0.797712,0.63,2,264374,263921,453
5642901,31.0812,31.0492,453,44884,0.791542,0.63,2,264410,263957,453
5645821,35.0162,34.2098,454,44931,0.806309,0.65,2,264446,263992,454
5648741,51.8032,51.642,454,44978,0.825262,0.65,2,264502,264048,454
5651661,40.7606,40.7284,454,45025,0.829052,0.65,2,264540,264086,454
5654581,29.7521,29.7457,454,45072,0.813811,0.65,2,264567,264113,454
5657501,26.7504,26.7491,454,45119,0.842762,0.65,2,264593,264139,454
5660421,45.3501,45.3498,454,45166,0.848552,0.65,2,264643,264189,454
5663341,10.67,10.67,454,45213,0.817711,0.65,2,264645,264191,454
5666261,28.534,27.734,455,45260,0.859542,0.75,2,264678,264223,455
5669181,24.9068,23.1468,457,45307,0.883908,0.73,2,264702,264245,457
5672101,41.7814,40.6294,458,45354,0.856782,0.81,2,264748,264290,458
5850221,7,25,481,48105,0.85,1,2,266616,266135,481
5861901,31,29,478,48281,0.95,0.97,2,266751,266273,478
5864821,19,22.6,473,48325,0.934,0.97,2,266767,266294,473
6127621,42,32,480,24178,0.45,0.79,1,269708,269228,480
6130541,62.8,61.6,479,24266,0.45,0.81,1,269776,269297,479
6133461,35.76,41.92,471,24353,0.434,0.75,1,269805,269334,471
6136381,39.952,25.984,490,24440,0.5108,0.83,1,269846,269356,490
6139301,44.7904,43.5968,488,24527,0.51016,0.75,1,269892,269404,488
6142221,71.3581,82.3194,474,24613,0.510032,0.63,1,269970,269496,474
6145141,73.4716,58.8639,495,24699,0.558006,0.55,1,270044,269549,495
6148061,69.0943,75.7728,483,24785,0.551601,0.45,1,270112,269629,483
6150981,45.0189,78.3546,443,24871,0.58232,0.45,1,270151,269708,443
6153901,65.8038,70.0709,446,24956,0.604464,0.43,1,270222,269776,446
6156821,37.9608,37.2142,448,25041,0.592893,0.53,1,270253,269805,448
6159741,40.3921,40.2428,448,25126,0.622579,0.51,1,270294,269846,448
6162661,44.0784,44.8486,447,25210,0.644516,0.51,1,270339,269892,447
6165581,71.2157,71.3697,447,25294,0.680903,0.57,1,270417,269970,447
6168501,76.6431,73.4739,451,25378,0.672181,0.55,1,270495,270044,451
6171421,68.1286,69.0948,449,25461,0.686436,0.55,1,270561,270112,449
6174341,46.4257,13.819,490,25544,0.641287,0.59,1,270602,270112,490
6177261,66.0851,33.9638,522,25627,0.696257,0.61,1,270673,270151,522
6180181,37.217,63.5928,481,25710,0.707251,0.59,1,270703,270222,481
6183101,41.0434,37.5186,492,25792,0.74145,0.63,1,270745,270253,492
6186021,45.8087,40.3037,498,25874,0.76429,0.65,2,270792,270294,498
6188941,71.5617,44.0607,531,25956,0.848858,0.69,2,270870,270339,531
6191861,75.9123,71.2121,530,26038,0.881772,0.67,2,270947,270417,530
6194781,68.7825,76.6424,519,26119,0.904354,0.69,2,271014,270495,519
6197701,47.3565,68.1285,495,26200,0.940871,0.63,2,271056,270561,495
6381661,40,38,500,30879,0.17,1,1,274379,273879,500
6384581,74.4,68.4,507,30948,0.042,1,1,274462,273955,507
6387501,45.28,43.28,508,31016,0.0164,1,1,274500,273992,508
6390421,30.656,47.056,487,31084,0.00328,1,1,274527,274040,487
6393341,33.3312,38.2112,485,31152,0.024656,1,1,274561,274076,485
6396261,36.2662,37.2422,485,31220,0.0289312,1,1,274598,274113,485
6399181,34.4532,37.0484,482,31288,0.0137862,1,1,274632,274150,482
6402101,23.6907,7.40969,503,31356,0.0107572,1,1,274653,274150,503
6405021,37.5381,25.4819,514,31423,0.0261515,0.7,1,274694,274180,514
6407941,71.5076,48.2964,540,31490,0.00523029,0.33,1,274774,274234,540
6410861,40.7015,93.6593,468,31557,0.0410461,0.17,1,274807,274339,468
6413781,72.1403,50.7319,508,31624,0.0162092,0.01,1,274887,274379,508
6416701,44.8281,76.5464,463,31691,0.00324184,0.01,1,274925,274462,463
6419621,27.3656,45.7093,448,31758,0.0246484,0,1,274948,274500,448
6422541,33.4731,30.7419,456,31825,0.0609297,0.03,1,274983,274527,456
6425461,37.0946,33.3484,460,31891,0.0521859,0.03,1,275021,274561,460
6428381,33.8189,36.2697,456,31957,0.0184372,0.01,1,275054,274598,456
6431301,22.7638,34.4539,442,32023,0.0276874,0.01,1,275074,274632,442
6434221,37.3528,23.6908,462,32089,0.00553749,0.03,1,275115,274653,462
6437141,71.4706,37.5382,501,32155,0.0091075,0,1,275195,274694,501
6440061,43.8941,71.5076,458,32221,0.0738215,0.05,1,275232,274774,458
6442981,70.3788,40.7015,502,32287,0.0547643,0.01,1,275309,274807,502
6445901,46.0758,72.1403,462,32353,0.0509529,0,1,275349,274887,462
6448821,26.8152,44.8281,446,32418,0.0821906,0.03,1,275371,274925,446
6451741,31.763,27.3656,456,32483,0.0564381,0.07,1,275404,274948,456
6454661,40.7526,33.4731,464,32548,0.0192876,0.05,1,275447,274983,464
6457581,31.3505,37.0946,455,32613,0.0278575,0.01,1,275476,275021,455
6460501,22.2701,33.8189,442,32678,0.0615715,0.03,1,275496,275054,442
6463421,37.254,22.7638,463,32743,0.0363143,0,1,275537,275074,463
6466341,9.0508,37.3528,424,32808,0.00726286,0.01,1,275539,275115,424
6469261,64.2102,71.4706,422,32872,0.00945257,0.09,1,275617,275195,422
6472181,46.442,43.8941,427,32936,0.0258905,0.05,1,275659,275232,427
6475101,67.6884,70.3788,423,33000,0.0451781,0.05,1,275732,275309,423
6478021,46.3377,46.0758,424,33064,0.0170356,0.09,1,275773,275349,424
6480941,27.6675,26.8152,425,33128,0.0434071,0.05,1,275796,275371,425
6483861,29.5335,31.763,422,33192,0.0166814,0.01,1,275826,275404,422
6486781,41.1067,40.7526,423,33256,0.0273363,0.03,1,275870,275447,423
6489701,33.0213,31.3505,425,33320,0.0294673,0.07,1,275901,275476,425
6492621,22.6043,22.2701,425,33383,0.0298935,0.03,1,275921,275496,425
6495541,35.7209,37.254,423,33446,0.0939787,0,1,275960,275537,423
6498461,8.74417,9.0508,423,33509,0.106796,0.01,1,275962,275539,423
6501381,63.3488,64.2102,422,33572,0.109359,0.03,1,276039,275617,422
6504301,47.0698,46.442,423,33635,0.0298718,0.05,1,276082,275659,423
6507221,67.014,67.6884,422,33698,0.0459744,0.01,1,276154,275732,422
6510141,47.0028,46.3377,423,33761,0.0331949,0.05,1,276196,275773,423
6513061,27.0006,27.6675,422,33824,0.030639,0.01,1,276218,275796,422
6515981,29.4001,29.5335,422,33887,0.0301278,0.03,1,276248,275826,422
6518901,41.08,41.1067,422,33949,0.0140256,0.03,1,276292,275870,422
6521821,33.816,33.0213,423,34011,0.0268051,0.03,1,276324,275901,423
6524741,24.3632,22.6043,425,34073,0.029361,0.11,1,276346,275921,425
6527661,36.8726,35.7209,426,34135,0.0618722,0.11,1,276386,275960,426
6530581,8.97453,8.74417,426,34197,0.0683744,0.11,1,276388,275962,426
6533501,60.9949,63.3488,423,34259,0.0376749,0.11,1,276462,276039,423
6536421,44.999,12.6698,464,34321,0.031535,0.01,1,276503,276039,464
6539341,68.9998,36.934,496,34383,0.062307,0.05,1,276578,276082,496
6542261,45,64.9868,463,34444,0.0844614,0.03,1,276617,276154,463
6545181,27.4,46.5974,444,34505,0.0728923,0.03,1,276640,276196,444
6548101,29.48,26.9195,452,34566,0.0705785,0.03,1,276670,276218,452
6551021,40.296,29.3839,465,34627,0.0541157,0.01,1,276713,276248,465
6553941,34.4592,41.0768,454,34688,0.0828231,0.03,1,276746,276292,454
6556861,23.6918,33.8154,443,34749,0.104565,0.03,1,276767,276324,443
6559781,37.5384,24.3631,462,34810,0.0929129,0.07,1,276808,276346,462
6562701,9.10767,36.8726,424,34871,0.0905826,0.07,1,276810,276386,424
6565621,61.0215,8.97452,496,34932,0.154117,0.03,1,276884,276388,496
6568541,45.0043,60.9949,463,34993,0.166823,0.03,1,276925,276462,463
6571461,71.4009,44.999,500,35053,0.217365,0.07,1,277003,276503,500
6574381,43.8802,68.9998,462,35113,0.243473,0.09,1,277040,276578,462
6577301,27.976,45,447,35173,0.248695,0.07,1,277064,276617,447
6580221,29.5952,27.4,454,35233,0.249739,0.07,1,277094,276640,454
6583141,39.519,29.48,466,35293,0.233948,0.05,1,277136,276670,466
6586061,35.9038,40.296,458,35353,0.21479,0.09,1,277171,276713,458
6588981,23.1808,34.4592,445,35413,0.210958,0.11,1,277191,276746,445
6591901,38.2362,23.6918,466,35473,0.226192,0.09,1,277233,276767,466
6594821,9.24723,37.5384,427,35533,0.229238,0.09,1,277235,276808,427
6597741,65.0494,9.10767,504,35592,0.277848,0.17,1,277314,276810,504
6600661,45.8099,61.0215,471,35651,0.30357,0.17,1,277355,276884,471
6603581,10.762,45.0043,432,35710,0.276714,0.23,1,277357,276925,432
6606501,66.1524,71.4009,434,35769,0.383343,0.25,1,277437,277003,434
6609421,42.8305,43.8802,434,35828,0.388669,0.25,1,277474,277040,434
6612341,27.7661,27.976,434,35887,0.405734,0.25,1,277498,277064,434
6615261,29.5532,29.5952,434,35946,0.409147,0.23,1,277528,277094,434
6618181,38.7106,39.519,433,36005,0.425829,0.21,1,277569,277136,433
6621101,34.9421,35.9038,432,36064,0.397166,0.21,1,277603,277171,432
6624021,23.7884,23.1808,433,36123,0.423433,0.23,1,277624,277191,433
6626941,38.3577,38.2362,433,36182,0.444687,0.23,1,277666,277233,433
6629861,9.27154,9.24723,433,36240,0.448937,0.29,1,277668,277235,433
6632781,67.4543,65.0494,436,36298,0.417787,0.31,1,277750,277314,436
6635701,47.0909,45.8099,437,36356,0.459558,0.27,1,277792,277355,437
6638621,11.0182,10.762,437,36414,0.435912,0.41,1,277794,277357,437
6641541,68.6036,66.1524,440,36472,0.479182,0.39,1,277877,277437,440
6644461,44.1207,42.8305,441,36530,0.503836,0.41,1,277915,277474,441
6647381,28.8241,27.7661,442,36588,0.540767,0.41,1,277940,277498,442
6650301,29.7648,29.5532,442,36646,0.548153,0.43,1,277970,277528,442
6653221,37.953,38.7106,441,36704,0.597631,0.39,1,278010,277569,441
6656141,35.5906,34.9421,442,36762,0.591526,0.43,1,278045,277603,442
6659061,23.9181,23.7884,442,36819,0.574305,0.45,1,278066,277624,442
6661981,38.3836,38.3577,442,36876,0.586861,0.45,1,278108,277666,442
6664901,9.27672,9.27154,442,36933,0.621372,0.41,1,278110,277668,442
6667821,68.2553,67.4543,443,36990,0.628274,0.47,1,278193,277750,443
6670741,48.0511,47.0909,444,37047,0.613655,0.43,1,278236,277792,444
6673661,11.2102,11.0182,444,37104,0.610731,0.49,1,278238,277794,444
6676581,68.642,68.6036,444,37161,0.674146,0.49,1,278321,277877,444
6679501,45.7284,13.7207,484,37218,0.622829,0.51,1,278361,277877,484
6682421,30.7457,33.1441,473,37275,0.596566,0.55,1,278388,277915,473
6685341,30.1491,26.6288,478,37332,0.623313,0.55,1,278418,277940,478
6688261,38.8298,29.3258,489,37389,0.660663,0.61,1,278459,277970,489
6691181,34.966,37.8652,483,37446,0.668133,0.59,1,278493,278010,483
6694101,24.5932,35.573,470,37502,0.669627,0.57,1,278515,278045,470
6697021,39.3186,23.9146,492,37558,0.701925,0.59,1,278558,278066,492
6699941,9.46373,38.3829,452,37614,0.708385,0.63,1,278560,278108,452
6702861,68.2927,9.27658,533,37670,0.741677,0.63,1,278643,278110,533
6705781,47.2586,68.2553,492,37726,0.764335,0.61,2,278685,278193,492
6708701,11.0517,48.0511,451,37782,0.768867,0.61,2,278687,278236,451
6711621,71.8103,11.2102,536,37838,0.833773,0.69,2,278774,278238,536
6714541,44.7621,68.642,491,37894,0.846755,0.61,2,278812,278321,491
6717461,29.7524,45.7284,477,37950,0.865351,0.59,2,278838,278361,477
6904341,38,63,511,41359,0.69,1,1,281226,280715,511
6907261,34.8,37.4,514,41410,0.674,1,1,281260,280746,514
6910181,33.36,35.48,512,41461,0.6868,1,1,281293,280781,512
6913101,19.472,31.096,498,41512,0.70536,1,1,281309,280811,498
6916021,27.8944,21.4192,509,41563,0.661072,1,1,281339,280830,509
6918941,29.5789,26.6838,511,41614,0.636214,1,1,281369,280858,511
6921861,11.5158,33.3368,483,41665,0.615243,0.88,1,281376,280893,483
6924781,24.7032,30.6674,481,41716,0.643049,0.99,1,281404,280923,481
6927701,38.5406,34.9335,487,41767,0.56861,1,1,281446,280959,487
6930621,23.7081,34.1867,473,41818,0.617722,0.99,1,281466,280993,473
6933541,54.3416,58.8373,470,41868,0.643544,0.91,1,281528,281058,470
6936461,24.4683,26.9675,468,41918,0.664709,0.85,1,281545,281077,468
6939381,40.8937,39.7935,470,41968,0.668942,0.71,1,281590,281120,470
6942301,53.7787,62.3587,459,42018,0.621788,0.69,1,281647,281188,459
6945221,41.1557,42.8717,459,42068,0.628358,0.67,1,281685,281226,459
6948141,33.8311,35.7743,457,42118,0.597672,0.69,1,281717,281260,457
6951061,32.3662,33.5549,456,42168,0.703534,0.71,1,281749,281293,456
6953981,19.2732,19.511,456,42218,0.724707,0.65,1,281765,281309,456
6956901,26.2546,27.9022,454,42268,0.744941,0.63,1,281793,281339,454
6959821,26.8509,29.5804,451,42318,0.796988,0.61,2,281820,281369,451
6962741,13.3702,11.5161,454,42368,0.775398,0.65,2,281830,281376,454
6965661,24.274,24.7032,453,42418,0.78708,0.55,2,281857,281404,453
6968581,34.4548,38.5406,448,42468,0.821416,0.63,2,281894,281446,448
6971501,29.291,23.7081,456,42518,0.828283,0.65,2,281922,281466,456
6974421,53.8582,54.3416,454,42568,0.845657,0.67,2,281982,281528,454
6977341,25.1716,24.4683,455,42618,0.881131,0.67,2,282000,281545,455
6980261,39.4343,40.8937,453,42668,0.888226,0.61,2,282043,281590,453
6983181,52.6869,53.7787,452,42717,0.889645,0.63,2,282099,281647,452
6986101,41.7374,41.1557,453,42766,0.905929,0.59,2,282138,281685,453
6989021,34.7475,33.8311,454,42815,0.925186,0.73,2,282171,281717,454
6991941,35.7495,32.3662,458,42864,0.929037,0.73,2,282207,281749,458
6994861,18.3499,19.2732,456,42913,0.929807,0.75,2,282221,281765,456
6997781,29.27,26.2546,460,42962,0.929961,0.81,2,282253,281793,460
7000701,27.454,26.8509,460,43011,0.913992,0.81,2,282280,281820,460
7003621,13.4908,5.37019,470,43060,0.878798,0.77,2,282290,281820,470
7006541,25.0982,9.07404,488,43109,0.87176,0.79,2,282318,281830,488
7009461,33.8196,23.4148,497,43158,0.870352,0.83,2,282354,281857,497
7012381,31.5639,34.283,491,43207,0.87007,0.83,2,282385,281894,491
7183201,105,72,499,20544,0.03,0.51,1,284393,283894,499
7186121,94.6,95.2,490,20647,0.078,0.39,1,284485,283995,490
7189041,69.32,86.24,469,20750,0.0876,0.23,1,284548,284079,469
7191961,61.064,75.648,455,20852,0.12152,0.19,1,284607,284152,455
7194881,57.0128,59.9296,455,20954,0.144304,0.05,1,284663,284208,455
7197801,36.2026,61.5859,424,21055,0.164861,0.07,1,284694,284270,424
7200721,20.8405,22.7172,428,21156,0.200972,0.03,1,284711,284283,428
7203641,88.1681,92.5434,423,21256,0.160194,0.09,1,284816,284393,423
7206561,92.0336,92.1087,424,21356,0.216039,0.09,1,284909,284485,424
7209481,70.4067,68.8217,426,21455,0.259208,0.13,1,284974,284548,426
7212401,62.8813,60.9643,428,21554,0.219842,0.15,1,285035,284607,428
7215321,58.1763,56.9929,429,21652,0.211968,0.17,1,285092,284663,429
7218241,37.2353,36.1986,430,21750,0.210394,0.21,1,285124,284694,430
7221161,22.6471,20.8397,432,21848,0.226079,0.15,1,285143,284711,432
7224081,84.5294,88.1679,427,21945,0.261216,0.23,1,285243,284816,427
7227001,94.5059,92.0336,431,22042,0.300243,0.27,1,285340,284909,431
7229921,72.5012,70.4067,433,22138,0.324049,0.21,1,285407,284974,433
7232841,62.5002,62.8813,432,22234,0.34481,0.21,1,285467,285035,432
7235761,58.1,58.1763,432,22329,0.380962,0.21,1,285524,285092,432
7238681,37.22,37.2353,432,22424,0.388192,0.23,1,285556,285124,432
7241601,21.844,22.6471,431,22519,0.373639,0.23,1,285574,285143,431
7244521,86.7688,4.52941,534,22613,0.450728,0.27,1,285677,285143,534
7247441,97.3538,80.9059,534,22707,0.450146,0.31,1,285777,285243,534
7250361,73.0708,93.7812,504,22800,0.562029,0.33,1,285844,285340,504
7253281,63.4141,72.3562,498,22893,0.584406,0.35,1,285905,285407,498
7256201,58.2828,62.4712,495,22986,0.620881,0.39,1,285962,285467,495
7259121,37.2566,58.0943,470,23078,0.644176,0.39,1,285994,285524,470
7262041,22.6513,37.2188,457,23170,0.664835,0.37,1,286013,285556,457
7264961,90.9303,21.8438,547,23261,0.652967,0.47,1,286121,285574,547
7267881,100.586,86.7688,547,23352,0.682593,0.45,1,286224,285677,547
7270801,76.9172,97.3538,518,23443,0.720519,0.59,1,286295,285777,518
7273721,63.3834,73.0708,511,23533,0.744104,0.59,1,286355,285844,511
7276641,59.8767,63.4141,509,23623,0.780821,0.63,2,286414,285905,509
7279561,38.3753,58.2828,485,23713,0.804164,0.65,2,286447,285962,485
7282481,23.6751,37.2566,473,23802,0.808833,0.67,2,286467,285994,473
7285401,90.335,22.6513,561,23891,0.841767,0.65,2,286574,286013,561
7288321,101.267,90.9303,557,23980,0.912353,0.69,2,286678,286121,557
7291241,21.8534,100.586,456,24068,0.926471,0.73,2,286680,286224,456
7294161,62.7707,76.9172,458,24156,0.945294,0.75,2,286753,286295,458
7402201,32,34,492,27212,0.61,1,1,288846,288354,492
7405121,65.6,77.2,478,27290,0.546,1,1,288920,288442,478
7408041,105.92,100.24,488,27368,0.4212,1,1,289036,288548,488
7410961,37.184,47.248,474,27445,0.44424,0.96,1,289056,288582,474
7413881,53.8368,59.0496,470,27522,0.416848,0.89,1,289114,288644,470
7416801,33.9674,40.6099,463,27599,0.39537,0.91,1,289143,288680,463
7419721,28.3935,29.722,463,27676,0.407074,0.67,1,289170,288707,463
7422641,60.0787,65.9444,456,27753,0.457415,0.63,1,289238,288782,456
7425561,34.4157,38.7889,452,27829,0.451483,0.61,1,289266,288814,452
7428481,31.6831,33.3578,451,27905,0.466297,0.53,1,289297,288846,451
7431401,63.1366,65.8716,448,27981,0.485259,0.39,1,289368,288920,448
7434321,104.627,105.974,447,28057,0.473052,0.45,1,289483,289036,447
7437241,32.9255,37.1949,442,28132,0.48661,0.41,1,289498,289056,442
7440161,51.3851,53.839,440,28207,0.425322,0.39,1,289554,289114,440
7443081,35.077,33.9678,442,28282,0.461064,0.41,1,289585,289143,442
7446001,27.8154,28.3936,441,28357,0.468213,0.41,1,289611,289170,441
7448921,60.7631,5.67871,510,28432,0.437643,0.47,1,289680,289170,510
7451841,35.3526,55.5357,471,28506,0.431529,0.45,1,289709,289238,471
7454761,31.0705,33.5071,473,28580,0.398306,0.47,1,289739,289266,473
7457681,63.8141,31.5014,514,28654,0.423661,0.49,1,289811,289297,514
7460601,105.563,63.1003,559,28728,0.508732,0.47,1,289927,289368,559
7463521,32.3126,104.62,458,28802,0.525746,0.49,1,289941,289483,458
7466441,50.4625,32.924,498,28876,0.513149,0.41,1,289996,289498,498
7469361,34.8925,51.3848,473,28949,0.52663,0.47,1,290027,289554,473
7472281,28.5785,35.077,469,29022,0.545326,0.47,1,290054,289585,469
7475201,60.1157,27.8154,511,29095,0.565065,0.43,1,290122,289611,511
7478121,35.2231,60.7631,471,29168,0.569013,0.43,1,290151,289680,471
7481041,29.4446,35.3526,470,29241,0.585803,0.39,1,290179,289709,470
7483961,65.0889,31.0705,514,29313,0.605161,0.43,1,290253,289739,514
7486881,109.818,63.8141,563,29385,0.625032,0.53,1,290374,289811,563
7489801,33.1636,105.563,461,29457,0.629006,0.53,1,290388,289927,461
7492721,51.4327,32.3126,503,29529,0.661801,0.51,1,290444,289941,503
7495641,34.2865,50.4625,478,29601,0.68436,0.53,1,290474,289996,478
7498561,29.2573,34.8925,475,29673,0.704872,0.55,1,290502,290027,475
7501481,61.0515,28.5785,517,29744,0.724974,0.57,1,290571,290054,517
7504401,35.4103,60.1157,478,29815,0.760995,0.57,2,290600,290122,478
7507321,8.68206,35.2231,451,29886,0.768199,0.59,2,290602,290151,451
7510241,24.1364,29.4446,451,29957,0.81764,0.61,2,290630,290179,451
7513161,65.6273,65.0889,453,30028,0.843528,0.63,2,290706,290253,453
7516081,109.925,109.818,453,30098,0.880706,0.63,2,290827,290374,453
7519001,33.1851,33.1636,453,30168,0.888141,0.67,2,290841,290388,453
7521921,53.037,51.4327,455,30238,0.905628,0.69,2,290899,290444,455
7524841,36.2074,34.2865,457,30308,0.877126,0.71,2,290931,290474,457
7527761,29.6415,29.2573,457,30378,0.839425,0.73,2,290959,290502,457
7530681,61.9283,61.0515,458,30448,0.863885,0.77,2,291029,290571,458
7533601,37.1857,35.4103,460,30518,0.884777,0.77,2,291060,290600,460
7536521,9.03713,8.68206,460,30587,0.856955,0.83,2,291062,290602,460
7539441,25.0074,24.1364,461,30656,0.851391,0.85,2,291091,290630,461
7542361,66.6015,65.6273,462,30725,0.914278,0.89,2,291168,290706,462
7545281,111.72,109.925,464,30794,0.926856,0.89,2,291291,290827,464
7650401,74,70,491,33178,0.49,1,1,292922,292431,491
7653321,40.4,42.8,487,33242,0.426,1,1,292954,292467,487
7656241,29.68,29.36,488,33306,0.2852,1,1,292981,292493,488
7659161,29.936,33.872,483,33370,0.19304,1,1,293011,292528,483
7662081,41.9872,44.3744,481,33433,0.062608,1,1,293056,292575,481
7665001,29.1974,31.2749,479,33496,0.0125216,1,1,293082,292603,479
7667921,86.6395,92.655,472,33559,0.0105043,0.9,1,293183,292711,472
7670841,45.3279,45.731,473,33622,0.0261009,1,1,293218,292745,473
7673761,41.8656,40.3462,475,33685,0.0292202,0.95,1,293259,292784,475
7676681,26.7731,32.0692,468,33748,0.029844,0.76,1,293282,292814,468
7679601,29.3546,33.6138,464,33811,0.0459688,0.49,1,293312,292848,464
7682521,48.2709,65.9228,443,33874,0.0331938,0.41,1,293365,292922,443
7685441,33.6542,38.7846,441,33936,0.0306388,0.25,1,293395,292954,441
7688361,23.5308,29.3569,435,33998,0.0301278,0.17,1,293416,292981,435
7691281,20.7062,29.8714,425,34060,0.0940256,0.03,1,293436,293011,425
7694201,37.7412,41.9743,422,34122,0.0268051,0,1,293478,293056,422
7697121,29.1482,29.1949,423,34184,0.013361,0.01,1,293505,293082,423
7700041,85.8296,86.639,422,34246,0.0586722,0.01,1,293605,293183,422
7702961,44.3659,17.3278,456,34308,0.0517344,0.03,1,293639,293183,456
7705881,41.6732,31.4656,462,34370,0.0503469,0.03,1,293680,293218,462
7708801,26.7346,39.0931,444,34432,0.0500694,0.03,1,293703,293259,444
7711721,29.3469,26.2186,451,34493,0.0340139,0.05,1,293733,293282,451
7714641,49.0694,29.2437,475,34554,0.0468028,0.03,1,293787,293312,475
7717561,33.8139,48.2487,452,34615,0.0493606,0.03,1,293817,293365,452
7720481,23.5628,33.6497,443,34676,0.0338721,0.03,1,293838,293395,443
7723401,20.7126,23.53,442,34737,0.0307744,0.11,1,293858,293416,442
7726321,37.7425,20.706,464,34798,0.0141549,0.01,1,293900,293436,464
7729241,28.3485,37.7412,448,34859,0.026831,0.01,1,293926,293478,448
7732161,85.6697,29.1482,521,34920,0.0293662,0.07,1,294026,293505,521
7735081,46.7339,85.8296,458,34981,0.0298732,0.05,1,294063,293605,458
7738001,43.7468,44.3659,467,35041,0.109975,0.05,1,294106,293639,467
7740921,23.1494,41.6732,444,35101,0.125995,0.05,1,294124,293680,444
7743841,29.4299,26.7346,452,35161,0.161199,0.03,1,294155,293703,452
