#Ack,Last Router Ocupation Router Arrival(Packets),Last Router Ocupation Router Arrival_ewma(Packets),Network Situation Router Arrival,Measure Time
8761,0.04,0.0399999,1,90431
18981,0.02,0.018368,1,90855
27741,0.06,0.0575807,1,90859
45261,0.04,0.0395212,1,91277
58401,0.1,0.0995161,1,91283
65701,0.14,0.137581,1,91287
78841,0.04,0.0368066,1,91699
87601,0.08,0.0775806,1,91703
91981,0.1,0.0975806,1,91705
118261,0.24,0.236781,1,91910
132861,0.04,0.0393766,1,92121
154761,0.14,0.139516,1,92131
172281,0.22,0.219516,1,92139
223381,0.1,0.0975806,1,92549
233601,0.14,0.139516,1,92553
251121,0.22,0.219516,1,92561
273021,0.32,0.319516,1,92571
345101,0,1.52359e-07,1,92973
374221,0,2.56e-08,1,92994
378601,0,2.048e-10,1,92994
402081,0.08,0.0799776,1,93013
419361,0.03,0.03,1,93024
446401,0.1,0.1,1,93240
449321,0.1,0.1,1,93240
470301,0.07,0.069824,1,93399
471121,0,0.0139648,1,93406
475501,0.01,0.0100317,1,93406
484021,0,0.000400002,1,93418
502961,0,3.27681e-13,1,93429
525201,0,0.0139999,1,93450
529581,0,0.000112,1,93450
535421,0,1.79199e-07,1,93450
551001,0.11,0.110317,1,93465
555381,0.11,0.110003,1,93465
559941,0.23,0.2236,1,93481
591161,0,2.17591e-06,1,93824
613021,0,7.13001e-17,1,93835
636281,0.01,0.0096,1,93863
646881,0,0.02472,1,93874
661241,0.01,0.0096,1,93888
704321,0.2,0.2,1,94111
735321,0,3.93157e-13,1,94264
761501,0.1,0.0999836,1,94285
766901,0.05,0.0504,1,94294
772741,0.05,0.0500006,1,94294
791661,0,2.048e-10,1,94319
836821,0.01,0.01,1,94553
848241,0,5.42976e-05,1,94685
855101,0,1.73752e-08,1,94697
867361,0,8.89611e-15,1,94709
894221,0,2.56e-08,1,94723
927501,0,2.56e-07,1,94754
953901,0.15,0.149888,1,94803
964941,0.12,0.12,1,94993
973441,0,0.045952,1,95121
979281,0,7.35232e-05,1,95121
983661,0,5.88185e-07,1,95121
988221,0.05,0.049856,1,95127
1012561,0.03,0.0299776,1,95145
1036061,0.09,0.089792,1,95166
1041901,0.09,0.0899997,1,95166
1052701,0.04,0.0400798,1,95185
1054161,0.04,0.040016,1,95185
1074541,0.09,0.089952,1,95211
1095981,0.02,0.0200002,1,95431
1113241,0,1.91652e-06,1,95557
1122001,0,1.22657e-10,1,95557
1129041,0.01,0.009984,1,95570
1137801,0.01,0.01,1,95570
1167521,0.13,0.129958,1,95596
1175201,0.08,0.0939808,1,95614
1189561,0.16,0.15912,1,95619
1191841,0.13,0.135965,1,95634
1218681,0.1,0.100955,1,95865
1232821,0.27,0.2616,1,95871
1235941,0,0.0107328,1,95988
1247621,0,2.7476e-08,1,95988
1250921,0,2.19808e-10,1,95998
1265481,0,2.25083e-17,1,96011
1281501,0.07,0.069824,1,96021
1298341,0.17,0.166,1,96034
1306461,0.11,0.110032,1,96043
1331621,0.13,0.128,1,96074
1354101,0.1,0.100004,1,96299
1371361,0,5.43887e-05,1,96416
1382601,0,1.39235e-10,1,96431
1414621,0.04,0.0401117,1,96460
1426881,0.17,0.144,1,96467
1450621,0.1,0.1,1,96489
1465801,0.13,0.13,1,96506
1498861,0.1,0.100224,1,96845
1516541,0,1.02402e-08,1,96865
1535281,0,8.38875e-18,1,96880
1566261,0.11,0.11,1,96911
1571861,0.12,0.118,1,96925
1591621,0.15,0.15039,1,96945
1609301,0.1,0.102348,1,97180
1624081,0.16,0.159968,1,97198
1635721,0.05,0.05024,1,97286
1647581,0.07,0.069904,1,97293
1654641,0.02,0.029936,1,97305
1670061,0.02,0.0199999,1,97317
1683141,0.08,0.0772,1,97337
1684601,0.08,0.07944,1,97337
1695841,0.02,0.0200064,1,97352
1711841,0.05,0.048,1,97373
1735761,0.19,0.183955,1,97444
1768221,0.11,0.110048,1,97717
1781541,0.09,0.0899987,1,97728
1796301,0.02,0.0201241,1,97754
1810861,0.15,0.149728,1,97759
1819601,0.15,0.150002,1,97773
1881161,0.15,0.14984,1,98077
1896781,0.08,0.0800001,1,98146
1906741,0.04,0.0419998,1,98167
1914041,0.04,0.0400006,1,98167
1918421,0.04,0.04,1,98167
1919881,0.04,0.04,1,98167
1926501,0.04,0.0411648,1,98187
1949181,0.13,0.12992,1,98206
1954381,0.01,0.0101279,1,98216
1958761,0.01,0.010001,1,98216
1964981,0.11,0.1044,1,98225
1978501,0.1,0.0991968,1,98241
1986821,0.1,0.0983999,1,98251
2001181,0.16,0.159998,1,98482
2033421,0.15,0.150117,1,98591
2046121,0.08,0.0800004,1,98605
2062961,0.16,0.160003,1,98617
2079601,0.19,0.189987,1,98638
2083541,0.19,0.1884,1,98644
2103301,0.32,0.315199,1,98662
2117441,0.22,0.2248,1,98684
2146161,0.27,0.270006,1,98959
2148021,0.22,0.2204,1,99013
2164041,0.28,0.279753,1,99028
2199821,0.22,0.219824,1,99065
2209601,0.23,0.229984,1,99074
2217921,0.15,0.150013,1,99088
2225221,0.15,0.15,1,99088
2247461,0.19,0.189999,1,99119
2253681,0.33,0.315965,1,99188
2260761,0.34,0.339435,1,99352
2267621,0.34,0.339181,1,99386
2277601,0.18,0.2172,1,99461
2290081,0.2,0.198,1,99471
2303221,0.21,0.21,1,99471
2319221,0.19,0.190003,1,99491
2327941,0.29,0.2844,1,99504
2329401,0.29,0.28888,1,99504
2358101,0.29,0.2852,1,99540
2362481,0.29,0.289962,1,99540
2396161,0.34,0.36128,1,99835
2399081,0.35,0.350451,1,99835
2402001,0.35,0.350018,1,99835
2412181,0.19,0.198334,1,99911
2426781,0.19,0.19,1,99911
2429701,0.19,0.19,1,99911
2430481,0.35,0.318,1,99918
2441721,0.23,0.23072,1,99933
2459821,0.36,0.359728,1,99945
2466881,0.34,0.35904,1,99966
2484581,0.36,0.359997,1,99973
2507241,0.38,0.380157,1,100012
2560481,0.35,0.368,1,100373
2631621,0.73,0.719196,2,100451
2633081,0.73,0.727839,2,100451
2634541,0.73,0.729568,2,100451
2635361,0.75,0.745914,2,100455
2636821,0.76,0.757183,2,100455
2637441,0.7,0.711437,2,100459
2638901,0.71,0.710287,2,100459
2640361,0.71,0.710057,2,100459
2641821,0.71,0.710011,2,100459
2643281,0.71,0.710002,2,100459
2643681,0.75,0.742,2,100473
2645141,0.76,0.7564,2,100473
2645761,0.72,0.72728,2,100532
2647221,0.73,0.729456,2,100532
2647841,0.72,0.721891,2,100565
2649301,0.73,0.728378,2,100565
2649921,0.7,0.705676,2,100702
2651381,0.71,0.709135,2,100702
2652841,0.71,0.709827,2,100702
2654301,0.71,0.709965,2,100702
2655121,0.73,0.725993,2,100720
2656581,0.74,0.737199,2,100720
2665521,0.72,0.708,2,100748
2666981,0.73,0.7256,2,100748
2667601,0.73,0.72912,2,100767
2669061,0.74,0.737824,2,100767
2718561,0.72,0.708,2,100845
2720021,0.73,0.7256,2,100845
2721481,0.73,0.72912,2,100845
2722941,0.73,0.729824,2,100845
2723761,0.75,0.745965,2,100853
2725221,0.76,0.757193,2,100853
2726681,0.76,0.759439,2,100853
2726881,0.73,0.735888,2,100859
2728341,0.74,0.739178,2,100859
2729801,0.74,0.739836,2,100859
2731261,0.74,0.739967,2,100859
2749761,0.73,0.722,2,100887
2751221,0.74,0.7364,2,100887
2752681,0.74,0.73928,2,100887
2754141,0.74,0.739856,2,100887
2754961,0.8,0.787971,2,100902
2756421,0.81,0.805594,2,100902
2757881,0.81,0.809119,2,100902
2759341,0.81,0.809824,2,100902
2760161,0.8,0.801965,2,100913
2761621,0.81,0.808393,2,100913
2763081,0.81,0.809679,2,100913
2764541,0.81,0.809936,2,100913
2765361,0.8,0.801987,2,100917
2766821,0.81,0.808397,2,100917
2768281,0.81,0.80968,2,100917
2769521,0.82,0.817936,2,100927
2770981,0.83,0.827587,2,100927
2772441,0.83,0.829517,2,100927
2773901,0.83,0.829903,2,100927
2774721,0.89,0.877981,2,100942
2776181,0.9,0.895596,2,100942
2776801,0.91,0.907119,2,100998
2778261,0.92,0.917424,2,100998
2778881,0.91,0.911485,2,101031
2780341,0.92,0.918297,2,101031
2780961,0.95,0.943659,2,101170
2786161,0.95,0.95,2,101191
2788241,0.87,0.87,2,101197
2789701,0.88,0.878,2,101197
2791161,0.88,0.8796,2,101197
2792621,0.88,0.87992,2,101197
2794081,0.88,0.879984,2,101197
2795541,0.88,0.879997,2,101197
2796561,0.93,0.919999,2,101210
2798021,0.94,0.936,2,101210
2798641,0.92,0.9232,2,101234
2800101,0.93,0.92864,2,101234
2800721,0.8,0.825728,2,101261
2802181,0.81,0.813146,2,101261
2803641,0.81,0.810629,2,101261
2805101,0.81,0.810126,2,101261
2806561,0.81,0.810025,2,101261
2808021,0.81,0.810005,2,101261
2809481,0.81,0.810001,2,101261
2810941,0.81,0.81,2,101261
2811121,0.77,0.778,2,101274
2812581,0.78,0.7796,2,101274
2814041,0.78,0.77992,2,101274
2815501,0.78,0.779984,2,101274
2816961,0.78,0.779997,2,101274
2818421,0.78,0.779999,2,101274
2819881,0.78,0.78,2,101274
2821341,0.78,0.78,2,101274
2822801,0.78,0.78,2,101274
2824261,0.78,0.78,2,101274
2824641,0.9,0.876,2,101279
2826101,0.91,0.9032,2,101279
2827561,0.91,0.90864,2,101279
2829021,0.91,0.909728,2,101279
2830481,0.91,0.909946,2,101279
2830881,0.8,0.821989,2,101298
2832341,0.81,0.812398,2,101298
2833801,0.81,0.81048,2,101298
2835261,0.81,0.810096,2,101298
2836721,0.81,0.810019,2,101298
2838181,0.81,0.810004,2,101298
2839641,0.81,0.810001,2,101298
2841101,0.81,0.81,2,101298
2842561,0.81,0.81,2,101298
2844021,0.81,0.81,2,101298
2844401,0.86,0.85,2,101307
2845861,0.87,0.866,2,101307
2847321,0.87,0.8692,2,101307
2848781,0.87,0.86984,2,101307
2850241,0.87,0.869968,2,101307
2851701,0.87,0.869994,2,101307
2853161,0.87,0.869999,2,101307
2854621,0.87,0.87,2,101307
2856881,0.8,0.8,2,101330
2858341,0.81,0.808,2,101330
2859801,0.81,0.8096,2,101330
2861261,0.81,0.80992,2,101330
2862721,0.81,0.809984,2,101330
2864181,0.81,0.809997,2,101330
2865641,0.81,0.809999,2,101330
2867101,0.81,0.81,2,101330
2868561,0.81,0.81,2,101330
2870021,0.81,0.81,2,101330
2870401,0.87,0.858,2,101342
2871861,0.88,0.8756,2,101342
2873321,0.88,0.87912,2,101342
2874781,0.88,0.879824,2,101342
2876241,0.88,0.879965,2,101342
2877701,0.88,0.879993,2,101342
2879161,0.88,0.879999,2,101342
2880621,0.88,0.88,2,101342
2880801,0.93,0.92,2,101352
2882261,0.94,0.936,2,101352
2883721,0.94,0.9392,2,101352
2885181,0.94,0.93984,2,101352
2908881,0.94,0.94,2,101509
2910341,0.95,0.948,2,101509
2918241,0.9,0.9,2,101675
2919701,0.91,0.908,2,101675
2921161,0.91,0.9096,2,101675
2922621,0.91,0.90992,2,101675
2924081,0.91,0.909984,2,101675
2925541,0.91,0.909997,2,101675
2930721,0.91,0.91,2,101735
2932181,0.92,0.918,2,101735
2933641,0.92,0.9196,2,101735
2935101,0.92,0.91992,2,101735
2936561,0.92,0.919984,2,101735
2938021,0.92,0.919997,2,101735
2939481,0.92,0.919999,2,101735
2940941,0.92,0.92,2,101735
2942401,0.92,0.92,2,101735
2964001,0.88,0.88,2,101768
2965461,0.89,0.888,2,101768
2966921,0.89,0.8896,2,101768
2968381,0.89,0.88992,2,101768
2969841,0.89,0.889984,2,101768
2971301,0.89,0.889997,2,101768
2972761,0.89,0.889999,2,101768
2974221,0.89,0.89,2,101768
2980641,0.95,0.95,2,101791
2987921,0.92,0.92,2,101801
2989381,0.93,0.928,2,101801
2990841,0.93,0.9296,2,101801
2992301,0.93,0.92992,2,101801
2993761,0.93,0.929984,2,101801
2995221,0.93,0.929997,2,101801
2996681,0.93,0.929999,2,101801
2998141,0.93,0.93,2,101801
2999601,0.93,0.93,2,101801
3001061,0.93,0.93,2,101801
3191761,0.83,0.83,2,103159
3195301,0.71,0.734,2,103174
3231501,0.04,0.158192,1,103286
3251881,0.09,0.0724736,1,103332
3268121,0.04,0.0399949,1,103758
3271041,0.04,0.0399998,1,103758
3278341,0.04,0.04,1,103758
3298781,0.04,0.04,1,103758
3339661,0.01,0.0116667,1,104193
3367401,0.02,0.0183333,1,104211
3379081,0.03,0.0316664,1,104219
3405361,0.01,0.0116667,1,104617
3414121,0.01,0.0116667,1,104623
3457921,0.01,0.0116667,1,105032
3478361,0.01,0.0116667,1,105046
3488581,0.02,0.0183333,1,105052
3497341,0.02,0.0183333,1,105058
3506101,0.03,0.0316607,1,105254
3525081,0.04,0.0383333,1,105455
3536761,0.04,0.0383333,1,105463
3548441,0.04,0.0383333,1,105471
3564501,0.03,0.0316667,1,105483
3579101,0.01,0.0116669,1,105872
3582021,0.01,0.0116667,1,105874
3605381,0.01,0.0116667,1,105890
3625821,0.01,0.0116667,1,105904
3633121,0.02,0.0183333,1,105908
3646261,0.02,0.0183333,1,106294
3652101,0.02,0.0183333,1,106298
3655021,0.02,0.0183333,1,106300
3657941,0.02,0.0183333,1,106302
3662321,0.01,0.0116667,1,106306
3669621,0.02,0.0183333,1,106310
3685681,0.01,0.0116667,1,106322
3691521,0.01,0.0116667,1,106326
3695901,0.02,0.0183333,1,106328
3716341,0.04,0.0383333,1,106719
3719261,0.04,0.0383333,1,106721
3729481,0.03,0.0316667,1,106729
3732401,0.03,0.0316667,1,106731
3757221,0.04,0.0383333,1,106747
3758681,0.03,0.0316667,1,106749
3765981,0.04,0.0383333,1,106942
3774741,0.03,0.0315186,1,107137
3801021,0.03,0.0316667,1,107155
3817081,0.04,0.0383333,1,107165
3841901,0.01,0.0116669,1,107560
3860881,0.02,0.0183333,1,107572
3869641,0.02,0.0183333,1,107578
3888621,0.01,0.0116667,1,107592
3897381,0.03,0.0276667,1,107787
3909061,0.02,0.0196669,1,107980
3936801,0.03,0.0316667,1,108000
3948481,0.03,0.0316667,1,108008
3970381,0.02,0.0191333,1,108398
3998121,0.01,0.0116667,1,108418
4001041,0.01,0.0116667,1,108420
4030241,0.01,0.0116667,1,108440
4031701,0.02,0.0183333,1,108440
4040461,0.02,0.0183641,1,108821
4052141,0.03,0.0279333,1,108829
4066741,0.03,0.0316667,1,108839
4088641,0.04,0.0383333,1,108853
4106161,0.04,0.0391013,1,109240
4123681,0.04,0.0383333,1,109252
4133901,0.03,0.0316667,1,109260
4142661,0.03,0.0316667,1,109266
4151421,0.03,0.0316667,1,109272
4193761,0.02,0.0183333,1,109675
4205441,0.03,0.0316607,1,109683
4212741,0.04,0.0383333,1,109687
4233181,0.04,0.0383333,1,109701
4249241,0.01,0.0115323,1,110087
4255081,0.01,0.0116665,1,110091
4274061,0.02,0.0183333,1,110103
4276981,0.02,0.0183333,1,110105
4279901,0.02,0.0183333,1,110107
4282821,0.02,0.0183333,1,110109
4298881,0.01,0.0116667,1,110121
4300341,0.02,0.0183333,1,110121
4329541,0.02,0.0183333,1,110514
4357281,0.04,0.0383333,1,110532
4370421,0.03,0.0316667,1,110542
4374801,0.04,0.0383333,1,110544
4392321,0.04,0.0383641,1,110929
4408381,0.03,0.0316667,1,110941
4417141,0.03,0.0316667,1,110947
4418601,0.04,0.0383333,1,110947
4436121,0.04,0.0383333,1,110959
4466781,0.01,0.0116669,1,111354
4479921,0.02,0.0183333,1,111362
4506201,0.03,0.0316607,1,111380
4542701,0.02,0.0183358,1,111776
4558761,0.01,0.0116667,1,111788
4568981,0.02,0.0183333,1,111794
4582121,0.01,0.0116667,1,111804
4595261,0.02,0.0183333,1,111812
4602561,0.01,0.0116667,1,111818
4628841,0.01,0.0116667,1,112207
4655121,0.04,0.0375867,1,112223
4659501,0.03,0.0316607,1,112227
4669721,0.04,0.0383333,1,112233
4677021,0.03,0.0316667,1,112239
4679941,0.03,0.0316667,1,112435
4684321,0.38,0.364733,1,112614
4697461,0.37,0.371667,1,112624
4726661,0.37,0.371667,1,112644
4750021,0.37,0.371667,1,112660
4760241,0.3,0.299997,1,113054
4763161,0.3,0.2984,1,113056
4764621,0.29,0.29168,1,113058
4786521,0.3,0.298333,1,113072
4796741,0.29,0.291667,1,113080
4823021,0.32,0.318333,1,113096
4846381,0.38,0.378317,1,113496
4859521,0.37,0.371667,1,113506
4881421,0.38,0.378333,1,113520
4901861,0.38,0.378333,1,113534
4917921,0.37,0.369664,1,113933
4944201,0.37,0.371667,1,113951
4960261,0.38,0.378333,1,113961
4971941,0.39,0.387933,1,113969
5230361,0.72,0.713567,2,115715
5231821,0.71,0.710713,2,115717
5233281,0.72,0.718143,2,115717
5234741,0.71,0.711629,2,115719
5236201,0.72,0.718326,2,115719
5237661,0.7,0.703665,2,115721
5239121,0.71,0.708733,2,115721
5240581,0.7,0.701747,2,115723
5242041,0.71,0.708349,2,115723
5243501,0.7,0.70167,2,115725
5244961,0.71,0.708334,2,115725
5246421,0.7,0.701667,2,115727
5247881,0.71,0.708333,2,115727
5249341,0.71,0.709667,2,115729
5250801,0.72,0.717933,2,115729
5252261,0.71,0.711587,2,115731
5253721,0.72,0.718317,2,115731
5255181,0.71,0.711663,2,115733
5256641,0.72,0.718333,2,115733
5258101,0.71,0.711667,2,115735
5259561,0.72,0.718333,2,115735
5261021,0.71,0.711667,2,115737
5262481,0.72,0.718333,2,115737
5263941,0.7,0.703667,2,115739
5265401,0.71,0.708733,2,115739
5266861,0.7,0.701747,2,115741
5268321,0.71,0.708349,2,115741
5269781,0.7,0.70167,2,115743
5271241,0.71,0.708334,2,115743
5272701,0.7,0.701667,2,115745
5274161,0.71,0.708333,2,115745
5275621,0.7,0.701667,2,115747
5277081,0.71,0.708333,2,115747
5278541,0.71,0.709667,2,115749
5280001,0.72,0.717933,2,115749
5281461,0.71,0.711587,2,115751
5282921,0.72,0.718317,2,115751
5284381,0.71,0.711663,2,115753
5285841,0.72,0.718333,2,115753
5287301,0.71,0.711667,2,115755
5288761,0.72,0.718333,2,115755
5290221,0.71,0.711667,2,115757
5291681,0.72,0.718333,2,115757
5293141,0.71,0.711667,2,115759
5294601,0.72,0.718333,2,115759
5296061,0.71,0.711667,2,115761
5297521,0.72,0.718333,2,115761
5298981,0.72,0.719667,2,115761
5300441,0.73,0.727933,2,115763
5301901,0.74,0.737587,2,115763
5303361,0.73,0.731517,2,115765
5304821,0.74,0.738303,2,115765
5306281,0.77,0.763661,2,115964
5307741,0.78,0.776732,2,115964
5309201,0.78,0.779346,2,116165
5310661,0.7,0.715869,2,116172
5312121,0.71,0.711174,2,116172
5313581,0.7,0.702235,2,116174
5315041,0.71,0.708447,2,116174
5322341,0.76,0.74767,2,116180
5323801,0.77,0.765534,2,116180
5325261,0.76,0.761107,2,116182
5326721,0.77,0.768221,2,116182
5328181,0.76,0.761644,2,116184
5329641,0.77,0.768329,2,116184
5331101,0.76,0.761666,2,116186
5332561,0.77,0.768333,2,116186
5334021,0.76,0.761667,2,116188
5335481,0.77,0.768333,2,116188
5336941,0.75,0.753667,2,116190
5338401,0.76,0.758733,2,116190
5339861,0.75,0.751747,2,116192
5341321,0.76,0.758349,2,116192
5342781,0.75,0.75167,2,116194
5344241,0.76,0.758334,2,116194
5345701,0.75,0.751667,2,116196
5347161,0.76,0.758333,2,116196
5348621,0.75,0.751667,2,116198
5350081,0.76,0.758333,2,116198
5351541,0.76,0.759667,2,116200
5353001,0.77,0.767933,2,116200
5354461,0.76,0.761587,2,116202
5355921,0.77,0.768317,2,116202
5357381,0.76,0.761663,2,116204
5358841,0.77,0.768333,2,116204
5360301,0.76,0.761667,2,116206
5361761,0.77,0.768333,2,116206
5363221,0.76,0.761667,2,116208
5364681,0.77,0.768333,2,116208
5366141,0.76,0.761667,2,116210
5367601,0.77,0.768333,2,116210
5369061,0.76,0.761667,2,116212
5370521,0.77,0.768333,2,116212
5371981,0.76,0.761667,2,116214
5373441,0.77,0.768333,2,116214
5374901,0.76,0.761667,2,116216
5376361,0.77,0.768333,2,116216
5377821,0.76,0.761667,2,116218
5379281,0.77,0.768333,2,116218
5380741,0.77,0.769667,2,116220
5382201,0.78,0.777933,2,116220
5383661,0.77,0.771587,2,116222
5385121,0.78,0.778317,2,116222
5386581,0.83,0.819663,2,116423
5388041,0.83,0.827933,2,116424
5389501,0.84,0.837587,2,116424
5390961,0.8,0.807517,2,116627
5392421,0.81,0.809503,2,116627
5393881,0.8,0.801901,2,116629
5395341,0.81,0.80838,2,116629
5396801,0.8,0.801676,2,116631
5398261,0.81,0.808335,2,116631
5399721,0.81,0.809667,2,116633
5401181,0.82,0.817933,2,116633
5402641,0.73,0.747587,2,116639
5404101,0.74,0.741517,2,116639
5405561,0.73,0.732303,2,116641
5407021,0.74,0.738461,2,116641
5408481,0.82,0.803692,2,116643
5409941,0.83,0.824738,2,116643
5411401,0.82,0.820948,2,116645
5412861,0.83,0.82819,2,116645
5414321,0.82,0.821638,2,116647
5415781,0.83,0.828328,2,116647
5417241,0.81,0.813666,2,116649
5418701,0.82,0.818733,2,116649
5420161,0.81,0.811747,2,116651
5421621,0.82,0.818349,2,116651
5423081,0.81,0.81167,2,116653
5424541,0.82,0.818334,2,116653
5426001,0.82,0.819667,2,116655
5427461,0.83,0.827933,2,116655
5428921,0.82,0.821587,2,116657
5430381,0.83,0.828317,2,116657
5431841,0.81,0.813663,2,116659
5433301,0.82,0.818733,2,116659
5434761,0.81,0.811747,2,116661
5436221,0.82,0.818349,2,116661
5437681,0.8,0.80367,2,116663
5439141,0.81,0.808734,2,116663
5440601,0.8,0.801747,2,116665
5442061,0.81,0.808349,2,116665
5443521,0.8,0.80167,2,116667
5444981,0.81,0.808334,2,116667
5446441,0.8,0.801667,2,116669
5447901,0.81,0.808333,2,116669
5449361,0.8,0.801667,2,116671
5450821,0.81,0.808333,2,116671
5452281,0.8,0.801667,2,116673
5453741,0.81,0.808333,2,116673
5455201,0.8,0.801667,2,116675
5456661,0.81,0.808333,2,116675
5458121,0.8,0.801667,2,116677
5459581,0.81,0.808333,2,116677
5461041,0.8,0.801667,2,116679
5462501,0.81,0.808333,2,116679
5463961,0.8,0.801667,2,116681
5465421,0.81,0.808333,2,116681
5466881,0.81,0.809667,2,116681
5468341,0.91,0.889933,2,116882
5469801,0.93,0.921987,2,116886
5471261,0.94,0.936397,2,116886
5472721,0.86,0.875279,2,117087
5474181,0.86,0.863056,2,117088
5475641,0.87,0.868611,2,117088
5491701,0.92,0.92,2,117104
5493161,0.93,0.928,2,117104
5550101,0.93,0.93,2,117343
5551561,0.93,0.93,2,117353
5553021,0.94,0.938,2,117353
5560321,0.93,0.93,2,117560
5561781,0.94,0.938,2,117560
5563241,0.92,0.9236,2,117562
5564701,0.93,0.92872,2,117562
5566161,0.92,0.921744,2,117564
5567621,0.93,0.928349,2,117564
5569081,0.92,0.92167,2,117566
5570541,0.93,0.928334,2,117566
5577841,0.9,0.9,2,117578
5579301,0.91,0.908,2,117578
5609961,0.94,0.94,2,117600
5611421,0.95,0.948,2,117600
5637701,0.94,0.94,2,118018
5639161,0.95,0.948,2,118018
5640621,0.9,0.9096,2,118022
5642081,0.91,0.90992,2,118022
5655221,0.95,0.95,2,118037
5661061,0.93,0.93,2,118045
5662521,0.94,0.938,2,118045
6007081,0.37,0.37811,1,120077
6010001,0.33,0.335124,1,120108
6019321,0.33,0.336316,1,120381
6036841,0.41,0.388874,1,120448
6085021,0.72,0.715528,2,120949
6086481,0.72,0.719106,2,120967
6087941,0.73,0.727821,2,120967
6093781,0.76,0.74798,2,121087
6095241,0.77,0.765596,2,121087
6096701,0.76,0.761119,2,121089
6098161,0.77,0.768224,2,121089
6099621,0.75,0.753645,2,121265
6101081,0.76,0.758729,2,121265
6102541,0.82,0.807746,2,121267
6104001,0.83,0.825549,2,121267
6108381,0.74,0.721164,2,121285
6109841,0.75,0.744233,2,121285
6117141,0.74,0.725691,2,121321
6118601,0.75,0.745138,2,121321
6143421,0.94,0.94,2,121729
6144881,0.95,0.948,2,121729
6146341,0.85,0.8696,2,121736
6147801,0.86,0.86192,2,121736
6149261,0.81,0.820384,2,121745
6150721,0.82,0.820077,2,121745
6152181,0.89,0.876015,2,121765
6153641,0.9,0.895203,2,121765
6155101,0.93,0.923041,2,121770
6156561,0.94,0.936608,2,121770
6158021,0.95,0.947322,2,121781
6191601,0.95,0.95,2,122208
6270441,0.95,0.95,2,123152
6280661,0.95,0.95,2,123177
6292341,0.88,0.88,2,123242
6293801,0.89,0.888,2,123242
6321541,0,5.63737e-06,1,123651
6328841,0,1.80396e-09,1,123669
6350741,0,0.000448235,1,123872
6359501,0.49,0.39936,1,124055
6390161,0.01,0.00814748,1,124197
6407681,0.05,0.0513464,1,124504
6417901,0.06,0.0583333,1,124516
6425201,0.05,0.0516667,1,124544
6436881,0,0.000153323,1,124619
6439801,0.01,0.00800613,1,124630
6448561,0.01,0.0115256,1,124757
6451481,0.05,0.043661,1,124924
6455861,0.06,0.0582693,1,124928
6463161,0.06,0.0596666,1,124934
6471921,0.1,0.0975321,1,124958
6489441,0.02,0.0176014,1,125052
6499661,0.09,0.0755202,1,125348
6525941,0.05,0.0636664,1,125414
6549301,0.07,0.0713344,1,125777
6555141,0.07,0.0716661,1,125783
6568281,0.11,0.111357,1,125819
6578501,0,0.00630005,1,125867
6594561,0.05,0.0475013,1,126197
6615001,0.09,0.0876667,1,126236
6625221,0.06,0.0591653,1,126266
6645661,0.02,0.0176282,1,126621
6657341,0.02,0.0176293,1,126638
6682161,0,9.33294e-05,1,126727
6690921,0,5.97308e-09,1,126841
6718661,0.03,0.0316664,1,127095
6733261,0.01,0.0115323,1,127161
6750781,0.03,0.0316544,1,127470
6761001,0.04,0.0375346,1,127488
6766841,0.04,0.0383321,1,127506
6777061,0.08,0.0775864,1,127535
6779981,0,0.00310346,1,127553
6785821,0.06,0.057477,1,127582
6793121,0.01,0.0115384,1,127709
6800421,0.04,0.0383013,1,127890
6823781,0.06,0.0583013,1,127946
6829621,0.08,0.0775333,1,127960
6855901,0.02,0.0183322,1,128315
6864661,0.02,0.0183333,1,128333
6871961,0.01,0.0116667,1,128364
6877801,0.01,0.0116667,1,128372
6901161,0,3.84887e-09,1,128553
6905541,0.01,0.01152,1,128735
6934741,0.01,0.011661,1,128807
6949341,0,0.00750103,1,128948
6968321,0.04,0.0383333,1,129168
6981461,0.03,0.0278267,1,129213
6987301,0.05,0.0476605,1,129228
7031101,0.08,0.0783333,1,129616
7032561,0.07,0.0716667,1,129628
7035481,0.05,0.0556667,1,129635
7048621,0.08,0.0783013,1,129677
7082201,0.05,0.0516667,1,130025
7121621,0.01,0.00800614,1,130423
7127461,0.01,0.0116608,1,130429
7130381,0.01,0.0116664,1,130433
7133301,0.21,0.171667,1,130439
7204841,0.12,0.118332,1,130916
7216521,0.12,0.118333,1,130958
7222361,0.12,0.118333,1,130974
7223821,0.19,0.175667,1,131051
7248641,0.17,0.170547,1,131303
7255941,0.2,0.197533,1,131324
7260321,0.19,0.19166,1,131342
7279301,0.2,0.198333,1,131400
7282221,0.26,0.255933,1,131481
7293901,0.02,0.0287013,1,131688
7296821,0.02,0.0187481,1,131692
7311421,0.2,0.198322,1,131735
7340621,0.2,0.199133,1,131915
7356681,0.3,0.298303,1,132114
7410701,0.73,0.711666,2,132545
7412161,0.74,0.734333,2,132545
7413621,0.73,0.730867,2,132549
7415081,0.74,0.738173,2,132549
7416541,0.73,0.731635,2,132551
7418001,0.74,0.738327,2,132551
7419461,0.73,0.731665,2,132555
7420921,0.74,0.738333,2,132555
7578601,0.9,0.9,2,133728
7580061,0.91,0.908,2,133728
7581521,0.9,0.9016,2,133760
7582981,0.91,0.90832,2,133760
7584441,0.85,0.861664,2,133796
7585901,0.86,0.860333,2,133796
7587361,0.81,0.820067,2,133814
7588821,0.82,0.820013,2,133814
7606341,0.33,0.371359,1,134024
7613641,0.26,0.26001,1,134042
7632621,0.01,0.0234939,1,134160
7648681,0.77,0.7376,2,134260
7753801,0.21,0.212147,1,134996
7766941,0.1,0.0983705,1,135042
7793221,0.12,0.117532,1,135333
7869141,0.03,0.0279333,1,135792
7872061,0.03,0.0315173,1,135810
7879361,0.06,0.0583013,1,135828
7895421,0.05,0.0518267,1,135895
7898341,0.05,0.0516731,1,135919
7934841,0.02,0.0176613,1,136214
7942141,0.05,0.0515001,1,136251
7955281,0.1,0.0983332,1,136298
7969881,0.06,0.0584293,1,136419
7980101,0.09,0.0915064,1,136582
7987401,0.13,0.127133,1,136604
8009301,0.14,0.138303,1,136674
8020981,0.2,0.198332,1,136723
8023901,0.2,0.198333,1,136727
8028281,0.23,0.231347,1,136768
8034121,0.25,0.251506,1,136842
8041421,0.28,0.278301,1,136969
8054561,0.31,0.3115,1,137032
8058941,0.32,0.318332,1,137036
8080841,0.29,0.29582,1,137134
8095441,0.31,0.311666,1,137201
8099821,0.34,0.337533,1,137266
8111501,0.36,0.358332,1,137434
8120261,0.3,0.299965,1,137467
8137781,0.3,0.298333,1,137519
8139241,0.29,0.291667,1,137529
8145081,0.3,0.298387,1,137540
8177201,0.34,0.338365,1,137843
8197641,0.36,0.358333,1,137919
8314441,0.71,0.70766,2,138755
8315901,0.72,0.717532,2,138755
8317361,0.71,0.711506,2,138763
8318821,0.72,0.718301,2,138763
8320281,0.71,0.71166,2,138771
8321741,0.72,0.718332,2,138771
8323201,0.71,0.711666,2,138786
8324661,0.72,0.718333,2,138786
8326121,0.71,0.711667,2,138788
8327581,0.72,0.718333,2,138788
8329041,0.71,0.711667,2,138792
8330501,0.72,0.718333,2,138792
8331961,0.71,0.711667,2,138802
8333421,0.72,0.718333,2,138802
8334881,0.71,0.711667,2,138818
8336341,0.72,0.718333,2,138818
8337801,0.73,0.727667,2,138838
8339261,0.74,0.737533,2,138838
8340721,0.73,0.731507,2,138840
8342181,0.74,0.738301,2,138840
8343641,0.73,0.73166,2,138850
8345101,0.74,0.738332,2,138850
8346561,0.73,0.731666,2,138860
8348021,0.74,0.738333,2,138860
8349481,0.73,0.731667,2,138878
8350941,0.74,0.738333,2,138878
8352401,0.73,0.731667,2,138880
8353861,0.74,0.738333,2,138880
8355321,0.75,0.747667,2,138894
8356781,0.76,0.757533,2,138894
8358241,0.75,0.751507,2,138902
8359701,0.76,0.758301,2,138902
8361161,0.73,0.73566,2,138919
8362621,0.74,0.739132,2,138919
8364081,0.73,0.731826,2,138923
8365541,0.74,0.738365,2,138923
8367001,0.73,0.731673,2,138945
8368461,0.74,0.738335,2,138945
8372841,0.71,0.707987,2,139040
8374301,0.72,0.717597,2,139040
8375761,0.71,0.711519,2,139050
8377221,0.72,0.718304,2,139050
8378681,0.75,0.743661,2,139172
8380141,0.76,0.756732,2,139172
8381601,0.75,0.751346,2,139180
8383061,0.76,0.758269,2,139180
8384521,0.75,0.751654,2,139212
8385981,0.76,0.758331,2,139212
8387441,0.77,0.767666,2,139220
8388901,0.78,0.777533,2,139220
8390361,0.78,0.779507,2,139228
8391821,0.79,0.787901,2,139228
8393281,0.77,0.77358,2,139243
8394741,0.78,0.778716,2,139243
8396201,0.77,0.771743,2,139245
8397661,0.78,0.778349,2,139245
8399121,0.77,0.77167,2,139249
8400581,0.78,0.778334,2,139249
8402041,0.77,0.771667,2,139259
8403501,0.78,0.778333,2,139259
8404961,0.77,0.771667,2,139275
8406421,0.78,0.778333,2,139275
8407881,0.75,0.755667,2,139296
8409341,0.76,0.759133,2,139296
8410801,0.75,0.751827,2,139298
8412261,0.76,0.758365,2,139298
8413721,0.75,0.751673,2,139308
8415181,0.76,0.758335,2,139308
8416641,0.75,0.751667,2,139318
8418101,0.76,0.758333,2,139318
8419561,0.75,0.751667,2,139336
8421021,0.76,0.758333,2,139336
8422481,0.75,0.751667,2,139338
8423941,0.76,0.758333,2,139338
8425401,0.75,0.751667,2,139353
8426861,0.76,0.758333,2,139353
8428321,0.75,0.751667,2,139361
8429781,0.76,0.758333,2,139361
8431241,0.76,0.759667,2,139361
8432701,0.77,0.767933,2,139377
8434161,0.78,0.777587,2,139377
8435621,0.77,0.771517,2,139381
8437081,0.78,0.778303,2,139381
8438541,0.77,0.771661,2,139403
8440001,0.78,0.778332,2,139403
8441461,0.79,0.787666,2,139429
8442921,0.8,0.797533,2,139429
8444381,0.83,0.823507,2,139497
8445841,0.84,0.836701,2,139497
8447301,0.83,0.83134,2,139507
8448761,0.84,0.838268,2,139507
8450221,0.79,0.799654,2,139631
8451681,0.8,0.799931,2,139631
8453141,0.79,0.791986,2,139639
8454601,0.8,0.798397,2,139639
8456061,0.79,0.791679,2,139671
8457521,0.8,0.798336,2,139671
8458981,0.77,0.775667,2,139680
8460441,0.78,0.779133,2,139680
8461901,0.77,0.771827,2,139689
8463361,0.78,0.778365,2,139689
8464821,0.77,0.771673,2,139703
8466281,0.78,0.778335,2,139703
8467741,0.77,0.771667,2,139705
8469201,0.78,0.778333,2,139705
8470661,0.77,0.771667,2,139709
8472121,0.78,0.778333,2,139709
8473581,0.77,0.771667,2,139719
8475041,0.78,0.778333,2,139719
8476501,0.77,0.771667,2,139735
8477961,0.78,0.778333,2,139735
8479421,0.77,0.771667,2,139755
8480881,0.78,0.778333,2,139755
8482341,0.77,0.771667,2,139757
8483801,0.78,0.778333,2,139757
8485261,0.77,0.771667,2,139767
8486721,0.78,0.778333,2,139767
8488181,0.77,0.771667,2,139777
8489641,0.78,0.778333,2,139777
8491101,0.79,0.787667,2,139795
8492561,0.8,0.797533,2,139795
8494021,0.79,0.791507,2,139797
8495481,0.8,0.798301,2,139797
8496941,0.77,0.77566,2,139812
8498401,0.78,0.779132,2,139812
8499861,0.77,0.771826,2,139820
8501321,0.78,0.778365,2,139820
8502781,0.77,0.771673,2,139836
8504241,0.78,0.778335,2,139836
8505701,0.77,0.771667,2,139840
8507161,0.78,0.778333,2,139840
8508621,0.79,0.787667,2,139862
8510081,0.8,0.797533,2,139862
8511541,0.83,0.823507,2,139889
8513001,0.84,0.836701,2,139889
8514461,0.87,0.86334,2,139959
8515921,0.88,0.876668,2,139959
8517381,0.87,0.871334,2,139969
8518841,0.88,0.878267,2,139969
8520301,0.93,0.919653,2,140091
8521761,0.94,0.935931,2,140091
8523221,0.93,0.931186,2,140099
8524681,0.94,0.938237,2,140099
8526141,0.93,0.931647,2,140131
8527601,0.94,0.93833,2,140131
8529061,0.93,0.931666,2,140139
8530521,0.94,0.938333,2,140139
8531981,0.91,0.915667,2,140148
8533441,0.92,0.919133,2,140148
8534901,0.93,0.927827,2,140162
8536361,0.94,0.937565,2,140162
8537821,0.93,0.931513,2,140164
8539281,0.94,0.938303,2,140164
8540741,0.93,0.931661,2,140168
8542201,0.94,0.938332,2,140168
8543661,0.93,0.931666,2,140178
8545121,0.94,0.938333,2,140178
8546581,0.93,0.931667,2,140194
8548041,0.94,0.938333,2,140194
8549501,0.93,0.931667,2,140214
8550961,0.94,0.938333,2,140214
8552421,0.93,0.931667,2,140216
8553881,0.94,0.938333,2,140216
8555341,0.93,0.931667,2,140226
8556801,0.94,0.938333,2,140226
8558261,0.93,0.931667,2,140236
8559721,0.94,0.938333,2,140236
8561181,0.95,0.947667,2,140255
8564101,0.95,0.95,2,140257
8567021,0.95,0.95,2,140271
8569941,0.95,0.95,2,140279
8572861,0.95,0.95,2,140295
8575781,0.95,0.95,2,140299
8759741,0.89,0.89,2,141592
8761201,0.9,0.898,2,141592
8762661,0.88,0.8836,2,141607
8764121,0.89,0.88872,2,141607
8765581,0.87,0.873744,2,141631
8767041,0.88,0.878749,2,141631
8768501,0.89,0.88775,2,141652
8769961,0.9,0.89755,2,141652
8771421,0.83,0.84351,2,141669
8772881,0.84,0.840702,2,141669
8774341,0.83,0.83214,2,141687
8775801,0.84,0.838428,2,141687
8777261,0.8,0.807686,2,141701
8778721,0.81,0.809537,2,141701
8780181,0.76,0.769907,2,141712
8781641,0.77,0.769981,2,141712
8783101,0.74,0.745996,2,141721
8784561,0.75,0.749199,2,141721
8786021,0.76,0.75784,2,141731
8787481,0.77,0.767568,2,141731
8788941,0.7,0.713514,2,141741
8790401,0.71,0.710703,2,141741
8791861,0.73,0.726141,2,141758
8793321,0.74,0.737228,2,141758
8813761,0.14,0.140048,1,141997
8894061,0.72,0.715891,2,142453
8898441,0.73,0.723807,2,142473
8899901,0.74,0.736761,2,142473
8921801,0.75,0.735654,2,142597
8923261,0.76,0.755131,2,142597
8924721,0.73,0.735026,2,142608
8926181,0.74,0.739005,2,142608
8927641,0.73,0.731801,2,142618
8929101,0.74,0.73836,2,142618
8930561,0.73,0.731672,2,142626
8932021,0.74,0.738334,2,142626
8933481,0.73,0.731667,2,142638
8934941,0.74,0.738333,2,142638
8936401,0.73,0.731667,2,142644
8937861,0.74,0.738333,2,142644
8939321,0.71,0.715667,2,142663
8940781,0.72,0.719133,2,142663
8942241,0.71,0.711827,2,142665
8943701,0.72,0.718365,2,142665
8945161,0.71,0.711673,2,142681
8946621,0.72,0.718335,2,142681
8948081,0.71,0.711667,2,142691
8949541,0.72,0.718333,2,142691
8951001,0.71,0.711667,2,142699
8952461,0.72,0.718333,2,142699
8953921,0.71,0.711667,2,142729
8955381,0.72,0.718333,2,142729
8956841,0.73,0.727667,2,142745
8958301,0.74,0.737533,2,142745
8959761,0.73,0.731507,2,142747
8961221,0.74,0.738301,2,142747
8962681,0.95,0.90766,2,142877
9151021,0.95,0.95,2,144012
9159781,0.81,0.81,2,144067
9161241,0.82,0.818,2,144067
9162701,0.77,0.7796,2,144082
9164161,0.78,0.77992,2,144082
9165621,0.73,0.739984,2,144095
9167081,0.74,0.739997,2,144095
9191901,0.01,0.0956736,1,144304
9202121,0.03,0.0319024,1,144343
9225481,0,0.00367281,1,144466
9235701,0.06,0.0567322,1,144519
9257601,0.05,0.0476603,1,144620
9288261,0.02,0.0183653,1,144780
9323301,0.16,0.158397,1,144974
9371481,0,0.000735589,1,145214
9375861,0.01,0.00800588,1,145288
9397761,0.06,0.0583013,1,145382
9416741,0,0.000306667,1,145466
9432801,0.02,0.0176282,1,145587
9438641,0.04,0.0383002,1,145603
9447401,0.04,0.0375346,1,145623
9451781,0,0.000300277,1,145646
9473681,0.12,0.117533,1,145797
9478061,0.11,0.11166,1,145815
9537921,0.03,0.0313601,1,146148
9542301,0.1,0.0959309,1,146161
9586101,0.16,0.158332,1,146350
9605081,0.07,0.0715067,1,146467
9628441,0.03,0.031372,1,146611
9637201,0.03,0.0355066,1,146658
9640121,0.03,0.0318203,1,146668
9644501,0.04,0.0383346,1,146678
9645961,0.05,0.0476669,1,146688
9679541,0.08,0.0783333,1,146871
9695601,0.01,0.00863306,1,146912
9708741,0.03,0.0355149,1,147022
9730641,0.04,0.0391013,1,147112
9736481,0.04,0.0383346,1,147138
9740861,0.03,0.0316667,1,147164
9754001,0.02,0.0183334,1,147264
9770061,0.01,0.0116667,1,147318
9775901,0,0.00750667,1,147332
9797801,0.1,0.0975012,1,147471
9800721,0.12,0.1175,1,147495
9812401,0.16,0.157501,1,147534
9863501,0,0.0276861,1,147820
9870801,0.06,0.0574809,1,147855
9885401,0.09,0.0875067,1,147929
9895621,0.08,0.0791333,1,147962
9929201,0.17,0.171667,1,148156
9937961,0.17,0.171667,1,148176
9940881,0.17,0.171667,1,148180
9945261,0.18,0.178333,1,148182
9965701,0.1,0.0983333,1,148320
10019721,0.13,0.131667,1,148600
10028481,0.13,0.131667,1,148612
10057681,0.2,0.198271,1,148781
10060601,0.18,0.179131,1,148792
10086881,0.24,0.238332,1,148907
10094181,0.21,0.211827,1,149004
10097101,0.21,0.211673,1,149006
10105861,0.23,0.231507,1,149028
10107321,0.24,0.238301,1,149028
10133601,0.3,0.298332,1,149159
10140901,0.29,0.291667,1,149211
10167181,0.39,0.3915,1,149323
10384721,0.84,0.799673,2,150470
10386181,0.85,0.839935,2,150470
10387641,0.84,0.839987,2,150472
10389101,0.85,0.847997,2,150472
10390561,0.84,0.8416,2,150486
10392021,0.85,0.84832,2,150486
10393481,0.83,0.833664,2,150502
10394941,0.84,0.838733,2,150502
10396401,0.85,0.847747,2,150530
10397861,0.86,0.857549,2,150530
10399321,0.85,0.85151,2,150538
10400781,0.86,0.858302,2,150538
10402241,0.85,0.85166,2,150548
10403701,0.86,0.858332,2,150548
10405161,0.85,0.851666,2,150550
10406621,0.86,0.858333,2,150550
10408081,0.85,0.851667,2,150564
10409541,0.86,0.858333,2,150564
10411001,0.86,0.859667,2,150564
10412461,0.87,0.867933,2,150574
10413921,0.88,0.877587,2,150574
10415381,0.89,0.887517,2,150583
10416841,0.9,0.897503,2,150583
10418301,0.89,0.891501,2,150601
10419761,0.9,0.8983,2,150601
10421221,0.89,0.89166,2,150617
10422681,0.9,0.898332,2,150617
10424141,0.89,0.891666,2,150632
10425601,0.9,0.898333,2,150632
10427061,0.89,0.891667,2,150650
10428521,0.9,0.898333,2,150650
10429981,0.91,0.907667,2,150658
10431441,0.92,0.917533,2,150658
10432901,0.91,0.911507,2,150674
10434361,0.92,0.918301,2,150674
10435821,0.91,0.91166,2,150745
10437281,0.92,0.918332,2,150745
10438741,0.91,0.911666,2,150761
10440201,0.92,0.918333,2,150761
10441661,0.91,0.911667,2,150775
10443121,0.92,0.918333,2,150775
10444581,0.91,0.911667,2,150777
10446041,0.92,0.918333,2,150777
10447501,0.93,0.927667,2,150785
10448961,0.94,0.937533,2,150785
10450421,0.93,0.931507,2,150795
10451881,0.94,0.938301,2,150795
10453341,0.91,0.91566,2,150802
10454801,0.92,0.919132,2,150802
10456261,0.91,0.911826,2,150808
10457721,0.92,0.918365,2,150808
10459181,0.91,0.911673,2,150812
10460641,0.92,0.918335,2,150812
10462101,0.91,0.911667,2,150814
10463561,0.92,0.918333,2,150814
10465021,0.93,0.927667,2,150871
10466481,0.94,0.937533,2,150871
10467941,0.93,0.931507,2,150891
10469401,0.94,0.938301,2,150891
10470861,0.92,0.92366,2,150910
10472321,0.93,0.928732,2,150910
10698621,0.75,0.75,2,152224
10700081,0.72,0.726,2,152232
10721981,0,0.0021398,1,152496
10726561,0.05,0.0494505,1,152596
10739701,0.08,0.0767357,1,152677
10749921,0,0.00153596,1,152715
10755761,0.04,0.0382745,1,152789
10783501,0.06,0.0560294,1,153102
10792261,0.04,0.0391332,1,153136
10796641,0.03,0.0316731,1,153211
10814161,0.01,0.0231926,1,153443
10828761,0.02,0.0176601,1,153526
10840441,0.02,0.0183333,1,153604
10841901,0.01,0.0116667,1,153634
10860881,0.02,0.0176011,1,153865
10863801,0,0.000704045,1,153876
10869641,0.02,0.0183051,1,153907
10878401,0.04,0.0383321,1,153974
10917821,0.04,0.0375867,1,154369
10926581,0.06,0.0575333,1,154402
10938261,0.02,0.0198694,1,154531
10945561,0,0.00781436,1,154646
10961621,0.04,0.0383653,1,154751
10973301,0.04,0.0375334,1,154826
10974761,0.01,0.0155067,1,154869
10996661,0.02,0.0176294,1,155130
10999581,0.04,0.0375052,1,155142
11031701,0.01,0.0116672,1,155377
11071121,0.04,0.0391332,1,155712
11084261,0.01,0.00846641,1,155887
11087181,0,0.00353866,1,155911
11091561,0.02,0.0176283,1,155973
11103241,0.04,0.0383013,1,156017
11157261,0.06,0.0567973,1,156501
11160181,0.06,0.0582719,1,156509
11187921,0.01,0.00830078,1,156817
11192301,0.04,0.0375064,1,156830
11201061,0.04,0.0383333,1,156863
11202521,0.01,0.0156667,1,156901
11203981,0.02,0.0191333,1,156901
11241941,0.01,0.00800025,1,157253
11260921,0.04,0.0368306,1,157355
11269681,0.04,0.0383332,1,157400
11275521,0.06,0.0583013,1,157461
11291581,0.05,0.0435203,1,157674
11304721,0.04,0.0391333,1,157744
11306181,0.01,0.0158267,1,157768
11313481,0.04,0.0383027,1,157779
11319321,0.06,0.0575333,1,157822
11320781,0.03,0.0355067,1,157858
11379181,0.08,0.0783345,1,158308
11383561,0.09,0.0915067,1,158381
11402541,0.06,0.0575332,1,158552
11412761,0.05,0.0516667,1,158622
11420061,0.06,0.0583333,1,158632
11440501,0.13,0.131814,1,158845
11468241,0.08,0.0783001,1,159046
11477001,0.06,0.0591333,1,159095
11482841,0.04,0.0383666,1,159133
11488681,0.08,0.0775014,1,159194
11500361,0.06,0.0599333,1,159350
11507661,0.05,0.0516672,1,159398
11531021,0.13,0.127347,1,159553
11541241,0.16,0.157533,1,159618
11542701,0.17,0.167507,1,159659
11545621,0.18,0.1795,1,159659
11547081,0.19,0.1879,1,159697
11563141,0.24,0.237533,1,159821
11647821,0.73,0.719932,2,160448
11649281,0.71,0.711986,2,160485
11650741,0.72,0.718397,2,160485
11652201,0.75,0.743679,2,160528
11653661,0.76,0.756736,2,160528
11655121,0.75,0.751347,2,160530
11656581,0.76,0.758269,2,160530
11658041,0.73,0.735654,2,160569
11659501,0.74,0.739131,2,160569
11660961,0.74,0.739826,2,160569
11662421,0.75,0.747965,2,160583
11663881,0.76,0.757593,2,160583
11665341,0.75,0.751519,2,160647
11666801,0.76,0.758304,2,160647
11668261,0.77,0.767661,2,160663
11669721,0.78,0.777532,2,160663
11671181,0.77,0.771506,2,160665
11672641,0.78,0.778301,2,160665
11674101,0.77,0.77166,2,160697
11675561,0.78,0.778332,2,160697
11677021,0.77,0.771666,2,160699
11678481,0.78,0.778333,2,160699
11679941,0.79,0.787667,2,160737
11681401,0.8,0.797533,2,160737
11682861,0.77,0.775507,2,160762
11684321,0.78,0.779101,2,160762
11685781,0.77,0.77182,2,160772
11687241,0.78,0.778364,2,160772
11688701,0.77,0.771673,2,160774
11690161,0.78,0.778335,2,160774
11691621,0.77,0.771667,2,160782
11693081,0.78,0.778333,2,160782
11694541,0.73,0.739667,2,160826
11696001,0.74,0.739933,2,160826
11697461,0.71,0.715987,2,160865
11698921,0.72,0.719197,2,160865
11700381,0.71,0.711839,2,160867
11701841,0.72,0.718368,2,160867
11703301,0.81,0.791674,2,160905
11704761,0.82,0.814335,2,160905
11706221,0.87,0.858867,2,160942
11707681,0.88,0.875773,2,160942
11709141,0.87,0.871155,2,160987
11710601,0.88,0.878231,2,160987
11712061,0.87,0.871646,2,160989
11713521,0.88,0.878329,2,160989
11714981,0.87,0.871666,2,161027
11716441,0.88,0.878333,2,161027
11717901,0.89,0.887667,2,161041
11719361,0.9,0.897533,2,161041
11720821,0.93,0.923507,2,161105
11722281,0.94,0.936701,2,161105
11723741,0.91,0.91534,2,161122
11725201,0.92,0.919068,2,161122
11726661,0.91,0.911814,2,161124
11728121,0.92,0.918363,2,161124
11729581,0.91,0.911673,2,161156
11731041,0.92,0.918334,2,161156
11732501,0.91,0.911667,2,161158
11733961,0.92,0.918333,2,161158
11735421,0.89,0.895667,2,161197
11736881,0.9,0.899133,2,161197
11738341,0.89,0.891827,2,161221
11739801,0.9,0.898365,2,161221
11741261,0.89,0.891673,2,161231
11742721,0.9,0.898335,2,161231
11744181,0.89,0.891667,2,161233
11745641,0.9,0.898333,2,161233
11747101,0.89,0.891667,2,161241
11748561,0.9,0.898333,2,161241
11750021,0.89,0.891667,2,161283
11751481,0.9,0.898333,2,161283
11752941,0.91,0.907667,2,161321
11754401,0.92,0.917533,2,161321
11755861,0.91,0.911507,2,161323
11757321,0.92,0.918301,2,161323
11910621,0.87,0.87,2,162631
11912081,0.88,0.878,2,162631
11913541,0.9,0.8956,2,162649
11915001,0.91,0.90712,2,162649
11916461,0.86,0.869424,2,162666
11917921,0.87,0.869885,2,162666
11919381,0.91,0.901977,2,162679
11920841,0.92,0.916395,2,162679
11922301,0.89,0.895279,2,162690
11923761,0.9,0.899056,2,162690
11925221,0.8,0.819811,2,162707
11926681,0.81,0.811962,2,162707
11928141,0.81,0.810392,2,162736
11929601,0.82,0.818078,2,162736
11950041,0.04,0.0382737,1,162962
11960261,0.03,0.0275323,1,163066
11970481,0.02,0.0183346,1,163100
11996761,0,2.93824e-05,1,163271
12018661,0.01,0.0192184,1,163488
12071221,0.04,0.0383002,1,163858
12085821,0.04,0.0383345,1,163917
12091661,0.02,0.0176613,1,163945
12107721,0.01,0.0115202,1,164041
12116481,0.03,0.0241467,1,164114
12120861,0.02,0.0190732,1,164143
12128161,0.01,0.0115261,1,164229
12135461,0,0.00150129,1,164296
12174881,0.04,0.0375629,1,164476
12177801,0,0.00150252,1,164496
12225981,0,0.00029489,1,164841
12227441,0,5.8978e-05,1,164841
12233281,0.02,0.0183041,1,164884
12247881,0,0.000732256,1,165019
12258101,0.03,0.0315064,1,165139
12274161,0.04,0.0383333,1,165193
12301901,0.02,0.019164,1,165338
12315041,0.01,0.0116731,1,165493
12323801,0.05,0.0476603,1,165591
12345701,0.02,0.0183359,1,165645
12351541,0,0.00150134,1,165674
12358841,0.01,0.0116613,1,165729
12370521,0.01,0.00800587,1,165830
12389501,0.02,0.0183052,1,166015
12396801,0.01,0.0116667,1,166029
12399721,0.03,0.0276667,1,166039
12414321,0,0.00030642,1,166085
12437681,0.04,0.0368012,1,166252
12522361,0.02,0.0183641,1,166865
12529661,0.03,0.0316603,1,166883
12531121,0.04,0.0383321,1,166883
12557401,0.07,0.067347,1,167008
12609961,0.09,0.0913464,1,167359
12620181,0.02,0.0199359,1,167386
12621641,0.01,0.0119872,1,167418
12646461,0.02,0.0183323,1,167657
12652301,0.02,0.0176293,1,167703
12658141,0.02,0.0183322,1,167715
12674201,0.01,0.0115259,1,167775
12684421,0.02,0.0183333,1,167795
12710701,0.01,0.0115257,1,168026
12718001,0.06,0.0582693,1,168094
12726761,0.04,0.0383346,1,168137
12757421,0.01,0.00830666,1,168262
12767641,0,0.00306801,1,168332
12791001,0.1,0.0983319,1,168553
12798301,0.09,0.0916667,1,168571
12804141,0.09,0.0955067,1,168602
12809981,0.09,0.0916728,1,168618
12820201,0.08,0.0783346,1,168639
12834801,0.13,0.1199,1,168753
12845021,0.02,0.019201,1,168839
12853781,0.06,0.0575321,1,168942
12865461,0.08,0.0783333,1,168986
12877141,0.1,0.0983321,1,169029
12887361,0.09,0.0916667,1,169063
12910721,0.09,0.0996603,1,169237
12947221,0.08,0.0783013,1,169455
12954521,0.07,0.0716667,1,169487
12963281,0.07,0.0678267,1,169533
12992481,0.02,0.0183704,1,169771
13021681,0.1,0.0983346,1,169894
13028981,0.09,0.0916667,1,169914
13039201,0.12,0.118301,1,169974
13050881,0.2,0.196701,1,170065
13056721,0.2,0.198331,1,170105
13059641,0.1,0.102333,1,170134
13119501,0.39,0.377906,1,170495
13261121,0.81,0.787666,2,171348
13262581,0.82,0.813533,2,171348
13264041,0.81,0.810707,2,171384
13265501,0.82,0.818141,2,171384
13266961,0.83,0.827628,2,171410
13268421,0.84,0.837526,2,171410
13269881,0.87,0.863505,2,171426
13271341,0.88,0.876701,2,171426
13272801,0.87,0.87134,2,171428
13274261,0.88,0.878268,2,171428
13275721,0.87,0.871654,2,171452
13277181,0.88,0.878331,2,171452
13278641,0.88,0.879666,2,171452
13280101,0.89,0.887933,2,171508
13281561,0.9,0.897587,2,171508
13283021,0.89,0.891517,2,171529
13284481,0.9,0.898303,2,171529
13285941,0.89,0.891661,2,171563
13287401,0.9,0.898332,2,171563
13288861,0.89,0.891666,2,171569
13290321,0.9,0.898333,2,171569
13291781,0.89,0.891667,2,171577
13293241,0.9,0.898333,2,171577
13294701,0.89,0.891667,2,171579
13296161,0.9,0.898333,2,171579
13297621,0.89,0.891667,2,171591
13299081,0.9,0.898333,2,171591
13300541,0.89,0.891667,2,171611
13302001,0.9,0.898333,2,171611
13303461,0.89,0.891667,2,171623
13304921,0.9,0.898333,2,171623
13306381,0.89,0.891667,2,171625
13307841,0.9,0.898333,2,171625
13309301,0.89,0.891667,2,171639
13310761,0.9,0.898333,2,171639
13312221,0.89,0.891667,2,171651
13313681,0.9,0.898333,2,171651
13315141,0.91,0.907667,2,171660
13316601,0.92,0.917533,2,171660
13318061,0.91,0.911507,2,171662
13319521,0.92,0.918301,2,171662
13320981,0.94,0.93566,2,171674
13322441,0.95,0.947132,2,171674
13323901,0.95,0.949426,2,171707
13518081,0.88,0.88,2,173056
13519541,0.89,0.888,2,173056
13521001,0.85,0.8576,2,173079
13522461,0.86,0.85952,2,173079
13523921,0.95,0.931904,2,173090
13446541,0.88,0.890381,2,173099
13525381,0.73,0.762076,2,173129
13462601,0.33,0.364817,1,173197
13474281,0,0.0102785,1,173270
13480121,0.01,0.00841114,1,173309
13599841,0.03,0.0278208,1,174087
13612981,0.02,0.0199297,1,174276
13617361,0.01,0.0155194,1,174360
13620281,0.05,0.0438208,1,174378
13629041,0.03,0.0398134,1,174450
13636341,0.04,0.0391039,1,174509
13656781,0.03,0.0276672,1,174801
13665541,0.05,0.0476664,1,174872
13709341,0.07,0.0673467,1,175357
13740001,0.07,0.0714939,1,175677
13767741,0.04,0.0375333,1,176011
13798401,0.07,0.0597051,1,176345
13810081,0.02,0.019181,1,176467
13817381,0.07,0.0675005,1,176525
13820301,0.07,0.0715,1,176565
13831981,0.03,0.0358328,1,176710
13845121,0.04,0.0383948,1,176855
13849501,0.01,0.0156672,1,176889
13861181,0.03,0.0313659,1,176990
13940021,0.02,0.0176907,1,177778
13960461,0.08,0.078364,1,177978
13972141,0.04,0.0383004,1,178123
13999881,0.14,0.137564,1,178400
14010101,0.03,0.0316987,1,178543
14029081,0.04,0.0391334,1,178639
14032001,0.06,0.0575653,1,178686
14055361,0.02,0.0183973,1,178966
14058281,0.02,0.0183359,1,178968
14099161,0.15,0.167347,1,179388
14109381,0.16,0.158334,1,179452
14122521,0.15,0.155666,1,179574
14137121,0.19,0.19166,1,179736
14150261,0.26,0.258332,1,179857
14157561,0.23,0.231673,1,179902
14182381,0.37,0.371666,1,180166
14198441,0.38,0.378365,1,180312
14252461,0.71,0.703507,2,180793
14253921,0.72,0.716701,2,180793
14255381,0.75,0.74334,2,180843
14256841,0.76,0.756668,2,180843
14258301,0.75,0.751334,2,180845
14259761,0.76,0.758267,2,180845
14261221,0.77,0.767653,2,180882
14262681,0.78,0.777531,2,180882
14264141,0.78,0.779506,2,180882
14265601,0.89,0.867901,2,180932
14267061,0.9,0.89358,2,180932
14268521,0.91,0.906716,2,180975
14269981,0.92,0.917343,2,180975
14271441,0.91,0.911469,2,181007
14272901,0.92,0.918294,2,181007
14274361,0.91,0.911659,2,181009
14275821,0.92,0.918332,2,181009
14277281,0.95,0.943666,2,181062
14280201,0.95,0.95,2,181096
14433501,0.87,0.87,2,182628
14434961,0.88,0.878,2,182628
14439341,0.85,0.85,2,182673
14440801,0.86,0.858,2,182673
14442261,0.81,0.8196,2,182691
14443721,0.82,0.81992,2,182691
14445181,0.73,0.747984,2,182710
14446641,0.74,0.741597,2,182710
14448101,0.71,0.716319,2,182721
14451021,0.07,0.136611,1,182857
14452481,0.03,0.0513221,1,182882
14464161,0,0.00203205,1,183137
14483141,0.04,0.0383357,1,183498
14484601,0.03,0.0316671,1,183544
14491901,0.02,0.0176613,1,183589
14547381,0.01,0.0153656,1,184612
14554681,0,3.0517e-05,1,184764
14597021,0.06,0.0582424,1,185455
14602861,0,0.00233319,1,185512
14621841,0,0.00736564,1,185879
14640821,0,2.3528e-07,1,186120
14643741,0,9.41121e-09,1,186142
14646661,0.01,0.008,1,186244
14651041,0,0.000704,1,186301
14665641,0.02,0.0176036,1,186525
14670021,0.03,0.0241408,1,186563
14684621,0.05,0.0513413,1,186871
14697761,0.01,0.0118208,1,186985
14703601,0,0.0151869,1,187143
14707981,0.02,0.0177215,1,187145
14715281,0.07,0.0713401,1,187296
14731341,0.08,0.0759323,1,187512
14738641,0.01,0.0115443,1,187624
14740101,0.02,0.0183089,1,187624
14743021,0.04,0.0375324,1,187719
14751781,0.01,0.0271973,1,187791
14778061,0.11,0.0996539,1,188187
14794121,0.02,0.0199052,1,188408
14871501,0.18,0.179133,1,189462
14883181,0.23,0.227901,1,189528
14887561,0.32,0.315103,1,189640
14891941,0.35,0.351321,1,189691
14908001,0.38,0.378301,1,189918
14951801,0.79,0.735901,2,190519
14953261,0.8,0.78718,2,190519
14954721,0.81,0.805436,2,190569
14956181,0.82,0.817087,2,190569
14957641,0.81,0.811417,2,190571
14959101,0.82,0.818283,2,190571
14960561,0.81,0.811657,2,190624
14962021,0.82,0.818331,2,190624
14963481,0.83,0.827666,2,190722
14964941,0.84,0.837533,2,190722
14966401,0.83,0.831507,2,190724
14967861,0.84,0.838301,2,190724
14969321,0.85,0.84766,2,190775
14970781,0.86,0.857532,2,190775
14972241,0.87,0.867506,2,190802
14973701,0.88,0.877501,2,190802
14975161,0.87,0.8715,2,190804
14976621,0.88,0.8783,2,190804
14978081,0.87,0.87166,2,190822
14979541,0.88,0.878332,2,190822
14981001,0.85,0.855666,2,190847
14982461,0.86,0.859133,2,190847
14983921,0.85,0.851827,2,190849
14985381,0.86,0.858365,2,190849
15087581,0.91,0.91,2,192269
15089041,0.92,0.918,2,192269
15097801,0.38,0.38152,1,192443
15137221,0.1,0.096764,1,192908
15147441,0.03,0.0438202,1,193059
15172261,0.04,0.0383321,1,193306
15176641,0.03,0.0316667,1,193336
15223361,0.1,0.0974693,1,193895
15227741,0.11,0.1115,1,193929
15235041,0.08,0.0783973,1,193978
15251101,0.11,0.107648,1,194179
15264241,0.19,0.191836,1,194331
15283221,0.22,0.218333,1,194452
15293441,0.23,0.231507,1,194607
15303661,0.28,0.278269,1,194752
15313881,0.33,0.32366,1,194834
15321181,0.34,0.338331,1,194864
15383961,0.72,0.715997,2,195629
15385421,0.71,0.711199,2,195631
15386881,0.72,0.71824,2,195631
15388341,0.71,0.711648,2,195641
15389801,0.72,0.71833,2,195641
15391261,0.73,0.727666,2,195667
15392721,0.74,0.737533,2,195667
15394181,0.73,0.731507,2,195691
15395641,0.74,0.738301,2,195691
15397101,0.73,0.73166,2,195719
15398561,0.74,0.738332,2,195719
15400021,0.73,0.731666,2,195738
15401481,0.74,0.738333,2,195738
15402941,0.73,0.731667,2,195750
15404401,0.74,0.738333,2,195750
15405861,0.73,0.731667,2,195770
15407321,0.74,0.738333,2,195770
15408781,0.73,0.731667,2,195874
15410241,0.74,0.738333,2,195874
15411701,0.73,0.731667,2,195902
15413161,0.74,0.738333,2,195902
15414621,0.77,0.763667,2,195935
15416081,0.78,0.776733,2,195935
15417541,0.77,0.771347,2,195937
15419001,0.78,0.778269,2,195937
15420461,0.79,0.787654,2,195975
15421921,0.8,0.797531,2,195975
15423381,0.85,0.839506,2,196085
15424841,0.86,0.855901,2,196085
15426301,0.85,0.85118,2,196087
15427761,0.86,0.858236,2,196087
15429221,0.85,0.851647,2,196097
15430681,0.86,0.858329,2,196097
15432141,0.87,0.867666,2,196124
15433601,0.88,0.877533,2,196124
15435061,0.87,0.871507,2,196148
15436521,0.88,0.878301,2,196148
15437981,0.88,0.87966,2,196148
15439441,0.93,0.919932,2,196176
15440901,0.94,0.935986,2,196176
15442361,0.91,0.915197,2,196195
15443821,0.92,0.919039,2,196195
15445281,0.91,0.911808,2,196207
15446741,0.92,0.918362,2,196207
15448201,0.93,0.927672,2,196227
15449661,0.94,0.937534,2,196227
15451121,0.89,0.899507,2,196331
15452581,0.9,0.899901,2,196331
15454041,0.89,0.89198,2,196359
15455501,0.9,0.898396,2,196359
15456961,0.89,0.891679,2,196394
15458421,0.9,0.898336,2,196394
15459881,0.89,0.891667,2,196396
15461341,0.9,0.898333,2,196396
15462801,0.87,0.875667,2,196435
15464261,0.88,0.879133,2,196435
15465721,0.91,0.903827,2,196548
15467181,0.92,0.916765,2,196548
15468641,0.91,0.911353,2,196550
15470101,0.92,0.918271,2,196550
15471561,0.93,0.927654,2,196560
15473021,0.94,0.937531,2,196560
15617561,0.91,0.91,2,198095
15570841,0.87,0.878,2,198104
15619021,0.95,0.9356,2,198144
15620481,0.85,0.86712,2,198229
15621941,0.73,0.757424,2,198268
15629241,0.23,0.252185,1,198480
15661361,0.31,0.295996,1,199121
15667201,0.35,0.355162,1,199222
15670121,0.39,0.383806,1,199341
15721221,0.71,0.707507,2,200331
15722681,0.72,0.717501,2,200331
15724141,0.77,0.7595,2,200454
15725601,0.78,0.7759,2,200454
15727061,0.77,0.77118,2,200456
15728521,0.78,0.778236,2,200456
15820501,0.11,0.0969649,1,202322
15855541,0.03,0.0240243,1,202872
15868681,0.03,0.0279973,1,203071
15886201,0.05,0.0473603,1,203391
15899341,0.04,0.0391641,1,203510
15903721,0.01,0.0156733,1,203616
15927081,0.14,0.136786,1,203932
15934381,0.05,0.0555318,1,204112
15940221,0.03,0.0318329,1,204237
15951901,0.03,0.0316667,1,204343
15959201,0.02,0.0183653,1,204441
15969421,0.07,0.056141,1,204660
16026361,0.15,0.159506,1,205405
16040961,0.23,0.231647,1,205618
16049721,0.3,0.299187,1,205719
16086221,0.39,0.387667,1,206248
16143161,0.75,0.739506,2,207040
16144621,0.76,0.755901,2,207040
16146081,0.75,0.75118,2,207042
16147541,0.76,0.758236,2,207042
16149001,0.75,0.751647,2,207062
16150461,0.76,0.758329,2,207062
16151921,0.79,0.783666,2,207137
16153381,0.8,0.796733,2,207137
16154841,0.79,0.791347,2,207159
16156301,0.8,0.798269,2,207159
16157761,0.83,0.823654,2,207269
16159221,0.84,0.836731,2,207269
16160681,0.83,0.831346,2,207271
16162141,0.84,0.838269,2,207271
16163601,0.87,0.863654,2,207358
16165061,0.88,0.876731,2,207358
16166521,0.95,0.935346,2,207388
16169441,0.95,0.95,2,207390
16172361,0.95,0.95,2,207410
16175281,0.95,0.95,2,207498
16178201,0.95,0.95,2,207500
16181121,0.95,0.95,2,207520
16346101,0.88,0.88,2,209791
16347561,0.89,0.888,2,209791
16349021,0.85,0.8576,2,209821
16350481,0.86,0.85952,2,209821
16351941,0.77,0.787904,2,209869
16353401,0.78,0.781581,2,209869
16354861,0.69,0.708316,2,209903
16356321,0.7,0.701663,2,209903
16357781,0.73,0.724333,2,209940
16359241,0.74,0.736867,2,209940
16408881,0.22,0.218905,1,210526
16442461,0.07,0.0656001,1,210879
16476041,0.21,0.212466,1,211270
16521301,0.75,0.7195,2,211779
16522761,0.76,0.7519,2,211779
16524221,0.79,0.78238,2,211829
16525681,0.8,0.796476,2,211829
16527141,0.81,0.807295,2,211863
16528601,0.82,0.817459,2,211863
16530061,0.83,0.827492,2,211879
16531521,0.84,0.837498,2,211879
16532981,0.87,0.8635,2,211942
16534441,0.88,0.8767,2,211942
16535901,0.91,0.90334,2,211967
16537361,0.92,0.916668,2,211967
16538821,0.91,0.911334,2,211969
16540281,0.92,0.918267,2,211969
16541741,0.89,0.895653,2,211990
16543201,0.9,0.899131,2,211990
16544661,0.91,0.907826,2,212013
16546121,0.92,0.917565,2,212013
16547581,0.93,0.927513,2,212056
16549041,0.94,0.937503,2,212056
16550501,0.93,0.931501,2,212086
16551961,0.94,0.9383,2,212086
16553421,0.95,0.94766,2,212121
16556341,0.95,0.95,2,212151
16643941,0.88,0.88,2,213420
16645401,0.93,0.92,2,213449
16646861,0.77,0.8,2,213501
16648321,0.81,0.808,2,213520
16649781,0.79,0.7936,2,213536
16651241,0.75,0.75872,2,213551
16662921,0.06,0.057561,1,213891
16665841,0.04,0.0391024,1,213960
16680441,0.01,0.0155133,1,214314
16681901,0.02,0.0191027,1,214314
16687741,0.06,0.0575026,1,214419
16697961,0,0.00444746,1,214668
16735921,0.06,0.0567333,1,215313
16743221,0.01,0.0314934,1,215579
16751981,0.01,0.0116679,1,215689
16762201,0.25,0.223835,1,215937
16773881,0.13,0.132024,1,216110
16776801,0.11,0.115681,1,216159
16778261,0.12,0.119136,1,216159
16788481,0.25,0.247186,1,216436
16792861,0.28,0.277497,1,216500
16858561,0.72,0.715931,2,217693
16860021,0.77,0.759186,2,217759
16861481,0.78,0.775837,2,217759
16862941,0.87,0.851167,2,217829
16864401,0.88,0.874233,2,217829
16865861,0.88,0.878847,2,217829
16867321,0.89,0.887769,2,217865
16868781,0.9,0.897554,2,217865
16870241,0.89,0.891511,2,217867
16871701,0.9,0.898302,2,217867
16873161,0.91,0.90766,2,217919
16874621,0.92,0.917532,2,217919
16876081,0.87,0.879506,2,218033
16877541,0.88,0.879901,2,218033
16879001,0.87,0.87198,2,218035
16880461,0.88,0.878396,2,218035
16881921,0.93,0.919679,2,218149
16883381,0.94,0.935936,2,218149
17007481,0.92,0.92,2,220325
17008941,0.93,0.928,2,220325
17049821,0.95,0.95,2,221006
17058581,0.87,0.87,2,221206
17060041,0.88,0.878,2,221206
17061501,0.87,0.8716,2,221246
17062961,0.88,0.87832,2,221246
17064421,0.71,0.743664,2,221277
17065881,0.72,0.724733,2,221277
17067341,0.79,0.776947,2,221305
17068801,0.8,0.795389,2,221305
17070261,0.71,0.727078,2,221337
17071721,0.72,0.721416,2,221337
17102381,0.73,0.71918,2,221835
17103841,0.74,0.735836,2,221835
17105301,0.74,0.739167,2,221835
17106761,0.77,0.763833,2,221860
17108221,0.78,0.776767,2,221860
17109681,0.89,0.867353,2,221924
17111141,0.9,0.893471,2,221924
17112601,0.91,0.906694,2,222007
17114061,0.92,0.917339,2,222007
17115521,0.93,0.927468,2,222073
17116981,0.94,0.937494,2,222073
17118441,0.93,0.931499,2,222117
17119901,0.94,0.9383,2,222117
17121361,0.95,0.94766,2,222159
17124281,0.95,0.95,2,222183
17207501,0.93,0.93,2,223355
17208961,0.94,0.938,2,223355
17210421,0.89,0.8996,2,223415
17211881,0.9,0.89992,2,223415
17220641,0.34,0.345112,1,223589
17242541,0.2,0.200262,1,223826
17246921,0.22,0.227202,1,223937
17265901,0.1,0.0966464,1,224168
17289261,0.1,0.0967089,1,224453
17312621,0.06,0.0583639,1,224684
17325761,0.2,0.197499,1,224879
17341821,0.23,0.227046,1,225090
17425041,0.73,0.719667,2,226105
17426501,0.74,0.735933,2,226105
17427961,0.73,0.731187,2,226143
17429421,0.74,0.738237,2,226143
17430881,0.73,0.731647,2,226145
17432341,0.74,0.738329,2,226145
17433801,0.71,0.715666,2,226196
17435261,0.72,0.719133,2,226196
17436721,0.73,0.727827,2,226228
17438181,0.74,0.737565,2,226228
17439641,0.75,0.747513,2,226254
17441101,0.76,0.757503,2,226254
17442561,0.79,0.783501,2,226294
17444021,0.8,0.7967,2,226294
17445481,0.85,0.83934,2,226337
17446941,0.86,0.855868,2,226337
17448401,0.87,0.867174,2,226386
17449861,0.88,0.877435,2,226386
17451321,0.89,0.887487,2,226420
17452781,0.9,0.897497,2,226420
17454241,0.87,0.875499,2,226437
17455701,0.88,0.8791,2,226437
17457161,0.87,0.87182,2,226439
17458621,0.88,0.878364,2,226439
17460081,0.89,0.887673,2,226505
17461541,0.9,0.897535,2,226505
17463001,0.95,0.939507,2,226563
17594401,0.87,0.87,2,228136
17595861,0.88,0.878,2,228136
17597321,0.86,0.8636,2,228142
17598781,0.87,0.86872,2,228142
17600241,0.83,0.837744,2,228178
17601701,0.84,0.839549,2,228178
17603161,0.69,0.71991,2,228223
17604621,0.7,0.703982,2,228223
17633821,0.34,0.341502,1,228589
17646961,0.38,0.377504,1,228679
17692221,0.71,0.703026,2,229229
17693681,0.72,0.716605,2,229229
17695141,0.71,0.711321,2,229257
17696601,0.72,0.718264,2,229257
17706821,0.71,0.707667,2,229388
17708281,0.72,0.717533,2,229388
17709741,0.73,0.727507,2,229425
17711201,0.74,0.737501,2,229425
17712661,0.77,0.7635,2,229454
17714121,0.78,0.7767,2,229454
17715581,0.81,0.80334,2,229474
17717041,0.82,0.816668,2,229474
17718501,0.85,0.843334,2,229495
17719961,0.86,0.856667,2,229495
17721421,0.85,0.851333,2,229497
17722881,0.86,0.858267,2,229497
17724341,0.87,0.867653,2,229529
17725801,0.88,0.877531,2,229529
17727261,0.93,0.919506,2,229568
17728721,0.94,0.935901,2,229568
17730181,0.94,0.93918,2,229568
17734561,0.95,0.95,2,229685
17737481,0.95,0.95,2,229713
17740401,0.95,0.95,2,229729
17743321,0.95,0.95,2,229761
17746241,0.95,0.95,2,229803
17749161,0.93,0.93,2,229844
17750621,0.94,0.938,2,229844
17752081,0.95,0.9476,2,229882
17757921,0.95,0.95,2,229935
17760841,0.92,0.92,2,229958
17762301,0.93,0.928,2,229958
17763761,0.93,0.9296,2,229960
17765221,0.94,0.93792,2,229960
17766681,0.93,0.931584,2,229993
17768141,0.94,0.938317,2,229993
17775441,0.91,0.91,2,230120
17776901,0.92,0.918,2,230120
17778361,0.91,0.9116,2,230154
17779821,0.92,0.91832,2,230154
17781281,0.91,0.911664,2,230182
17782741,0.92,0.918333,2,230182
17784201,0.93,0.927667,2,230198
17785661,0.94,0.937533,2,230198
17924361,0.95,0.95,2,231726
17928741,0.79,0.79,2,231833
17931661,0.33,0.39,1,231921
17940421,0,0.00125376,1,232125
17943341,0,0.00165015,1,232175
17947721,0.03,0.0259332,1,232218
17957941,0.04,0.0383932,1,232411
17979841,0.03,0.0556654,1,232933
17992981,0.14,0.135104,1,233168
18000281,0.18,0.177502,1,233261
18003201,0.04,0.0439001,1,233355
18006121,0.04,0.038556,1,233426
18016341,0.09,0.0913403,1,233597
18035321,0,0.00150409,1,233910
18061601,0.21,0.203833,1,234446
18118541,0.71,0.707666,2,235429
18120001,0.72,0.717533,2,235429
18121461,0.71,0.711507,2,235431
18122921,0.72,0.718301,2,235431
18124381,0.73,0.72766,2,235515
18125841,0.74,0.737532,2,235515
18127301,0.71,0.715506,2,235588
18128761,0.72,0.719101,2,235588
18130221,0.75,0.74382,2,235629
18131681,0.76,0.756764,2,235629
18133141,0.77,0.767353,2,235650
18134601,0.78,0.777471,2,235650
18136061,0.79,0.787494,2,235775
18137521,0.8,0.797499,2,235775
18138981,0.79,0.7915,2,235777
18140441,0.8,0.7983,2,235777
18141901,0.73,0.74366,2,235845
18143361,0.74,0.740732,2,235845
18144821,0.73,0.732146,2,235886
18146281,0.74,0.738429,2,235886
18147741,0.73,0.731686,2,235888
18149201,0.74,0.738337,2,235888
18150661,0.81,0.795667,2,235973
18152121,0.82,0.815133,2,235973
18153581,0.82,0.819027,2,235973
18155041,0.85,0.843805,2,236045
18156501,0.86,0.856761,2,236045
18157961,0.89,0.883352,2,236088
18159421,0.9,0.89667,2,236088
18160881,0.91,0.907334,2,236110
18162341,0.92,0.917467,2,236110
18270381,0.91,0.91,2,238001
18271841,0.92,0.918,2,238001
18273301,0.92,0.9196,2,238001
18277681,0.91,0.91,2,238159
18279141,0.92,0.918,2,238159
18280601,0.77,0.7996,2,238194
18282061,0.78,0.78392,2,238194
18292281,0.03,0.0683866,1,238344
18302501,0.02,0.0199018,1,238477
18305421,0.02,0.0183961,1,238502
18334621,0.04,0.0399013,1,238923
18359441,0.04,0.0422091,1,239309
18363821,0.03,0.0316977,1,239345
18382801,0.16,0.156699,1,239585
18387181,0.15,0.151654,1,239703
18400321,0.02,0.0200307,1,239901
18420761,0.07,0.0797304,1,240132
18430981,0.12,0.116733,1,240192
18436821,0.12,0.118331,1,240325
18438281,0.11,0.111666,1,240347
18442661,0.12,0.118333,1,240365
18447041,0.3,0.263667,1,240440
18448501,0.31,0.300733,1,240440
18458721,0.35,0.351494,1,240596
18486461,0.73,0.70764,2,240993
18487921,0.74,0.733528,2,240993
18489381,0.77,0.762706,2,241022
18490841,0.78,0.776541,2,241022
18492301,0.77,0.771308,2,241034
18493761,0.78,0.778262,2,241034
18495221,0.77,0.771652,2,241056
18496681,0.78,0.77833,2,241056
18498141,0.83,0.819666,2,241193
18499601,0.84,0.835933,2,241193
18501061,0.83,0.831187,2,241195
18502521,0.84,0.838237,2,241195
18503981,0.83,0.831647,2,241217
18505441,0.84,0.83833,2,241217
18506901,0.83,0.831666,2,241235
18508361,0.84,0.838333,2,241235
18509821,0.83,0.831667,2,241237
18511281,0.84,0.838333,2,241237
18512741,0.81,0.815667,2,241277
18514201,0.82,0.819133,2,241277
18515661,0.95,0.923827,2,241327
18619321,0.8,0.8,2,242744
18620781,0.81,0.808,2,242744
18622241,0.81,0.8096,2,242772
18623701,0.82,0.81792,2,242772
18625161,0.82,0.819584,2,242772
18628081,0.87,0.87,2,242801
18633921,0.07,0.0833632,1,243122
18649981,0.09,0.0993376,1,243546
18663121,0.12,0.116703,1,243753
18686481,0.27,0.267353,1,244401
18698161,0.41,0.395678,1,244612
18721521,0.73,0.719187,2,245282
18722981,0.74,0.735837,2,245282
18724441,0.74,0.739167,2,245282
18725901,0.79,0.779833,2,245360
18727361,0.8,0.795967,2,245360
18728821,0.83,0.823193,2,245400
18730281,0.84,0.836639,2,245400
18731741,0.85,0.847328,2,245418
18733201,0.86,0.857466,2,245418
18734661,0.83,0.835493,2,245504
18736121,0.84,0.839099,2,245504
18737581,0.87,0.86382,2,245588
18739041,0.88,0.876764,2,245588
18832481,0.26,0.260091,1,247705
18845621,0.03,0.0356872,1,247944
18857301,0.17,0.159672,1,248176
18864601,0.15,0.147993,1,248220
18883581,0.16,0.155933,1,248606
18908401,0.39,0.395826,1,249055
18909861,0.4,0.399165,1,249055
18911321,0.39,0.391833,1,249077
19071921,0.1,0.10372,1,251869
19133241,0.03,0.0435066,1,252751
19142001,0.01,0.019213,1,252865
19150761,0.03,0.0279744,1,253052
19182881,0.06,0.0583014,1,253474
19187261,0.05,0.0516664,1,253507
19193101,0.09,0.0836667,1,253566
19216461,0.01,0.0115264,1,253929
19225221,0.02,0.0196667,1,253965
19226681,0.03,0.0279333,1,253992
19232521,0.01,0.0195007,1,254055
19258801,0.05,0.0476664,1,254414
19286541,0.32,0.318271,1,254775
19292381,0.32,0.318333,1,254837
19293841,0.31,0.311667,1,254865
19582921,0.25,0.263539,1,258546
19591681,0.17,0.184135,1,258633
19601901,0.12,0.119996,1,258704
19609201,0.06,0.0584064,1,258834
19622341,0.21,0.191807,1,258979
19658841,0.26,0.26006,1,259350
19663221,0.31,0.3112,1,259411
20079321,0.09,0.0838198,1,266368
20091001,0.18,0.178298,1,266461
20117281,0.18,0.175899,1,266891
20120201,0.22,0.216636,1,266955
20121661,0.21,0.211327,1,267116
20145021,0.26,0.255967,1,267321
20401981,0.33,0.33,1,273186
20415121,0.07,0.0633609,1,273461
20422421,0.04,0.0383947,1,273731
20434101,0.1,0.0958745,1,273886
20437021,0.02,0.021435,1,274046
20469141,0.03,0.0352251,1,274734
20495421,0.3,0.291773,1,275431
20653101,0.33,0.340022,1,278728
20658941,0.33,0.33936,1,278801
20810781,0.04,0.0380954,1,281951
20826841,0.04,0.0375675,1,282456
20850201,0.08,0.0767808,1,283218
20853121,0.06,0.0590712,1,283302
20861881,0.1,0.0982694,1,283416
20864801,0.04,0.0407308,1,283643
20873561,0.14,0.138235,1,283840
21019561,0.13,0.188321,1,287747
21026861,0.1,0.0984155,1,287838
21032701,0.18,0.178205,1,287908
21048761,0.38,0.374361,1,288264
21203521,0.19,0.276192,1,291413
21206441,0.09,0.115048,1,291449
21234181,0.18,0.177344,1,291875
21380181,0.21,0.240475,1,294271
21383101,0.19,0.196819,1,294317
21419601,0.26,0.2567,1,294811
21425441,0.32,0.315931,1,294881
21644441,0.06,0.0568331,1,297968
21689701,0.07,0.0601277,1,298515
21715981,0.2,0.19982,1,298813
21718901,0.26,0.255993,1,298849
21732041,0.19,0.191674,1,299008
21734961,0.19,0.191667,1,299054
21751021,0.38,0.377467,1,299243
21970021,0.03,0.0252861,1,302214
21974401,0.03,0.0290023,1,302271
21991921,0.06,0.0582706,1,302676
21993381,0.07,0.0676541,1,302753
22007981,0.05,0.0553663,1,303099
22019661,0.22,0.218912,1,303389
22035721,0.19,0.167501,1,303820
22041561,0.21,0.207628,1,303859
22050321,0.33,0.331321,1,304022
22063461,0.36,0.358332,1,304291
22196321,0.02,0.0217314,1,307613
22206541,0.13,0.115327,1,308035
22320421,0.1,0.108895,1,311717
22332101,0.04,0.0375975,1,312111
22345241,0.01,0.0116669,1,312453
22381741,0,0.00156644,1,313229
22387581,0.04,0.0382745,1,313378
22393421,0.04,0.0383332,1,313416
22405101,0.09,0.0958254,1,313800
22406561,0.1,0.0991651,1,313800
22432841,0.32,0.315933,1,314265
22440141,0.14,0.141106,1,314473
22457661,0.34,0.338237,1,314704
22459121,0.41,0.395647,1,314901
22608041,0.25,0.280697,1,317818
22616801,0.03,0.0366541,1,317951
22632861,0.22,0.215924,1,318223
22643081,0.32,0.319493,1,318364
22648921,0.2,0.202367,1,318415
22657681,0.26,0.255227,1,318620
22876681,0.18,0.178297,1,323008
22989101,0.26,0.264253,1,326196
23009541,0.03,0.0352184,1,326665
23011001,0.04,0.0390437,1,326665
23024141,0.11,0.10688,1,326986
23028521,0,0.00469504,1,327053
23040201,0,0.012061,1,327260
23047501,0.06,0.0582439,1,327413
23053341,0.04,0.0368932,1,327516
23076701,0.14,0.138329,1,327940
23079621,0.28,0.272733,1,327983
23098601,0.24,0.238324,1,328367
23108821,0.23,0.231661,1,328650
23126341,0.41,0.391667,1,328957
23259201,0.03,0.061808,1,331719
23295701,0,0.0191955,1,333003
23333661,0.3,0.297915,1,334107
23339501,0.25,0.259933,1,334268
23349721,0.38,0.37808,1,334543
23762901,0,0.0119369,1,343982
23767281,0.1,0.0944955,1,344108
23771661,0.03,0.039796,1,344309
23787721,0.12,0.123613,1,344824
23790641,0.09,0.0961445,1,344956
23793561,0.13,0.123846,1,345003
23808161,0.25,0.254387,1,345431
23811081,0.41,0.379775,1,345591
24041761,0.31,0.337667,1,351391
24051981,0.06,0.058381,1,351531
24054901,0.04,0.0391352,1,351576
24082641,0.04,0.038304,1,352099
24103081,0.2,0.200733,1,352421
24117681,0.32,0.318233,1,352740
24446181,0.28,0.273468,1,358876
24453481,0.26,0.259825,1,358971
24554221,0.03,0.0811617,1,361883
24573201,0.01,0.0155199,1,362305
24593641,0.01,0.0393457,1,362727
24598021,0.04,0.0377548,1,362799
24780521,0.03,0.0326485,1,366458
24784901,0.04,0.0383412,1,366506
24798041,0.17,0.163365,1,366709
24818481,0.24,0.23438,1,367016
24822861,0.25,0.259155,1,367101
24827241,0.36,0.354393,1,367139
25003901,0.37,0.374433,1,370023
25019961,0.03,0.0362865,1,370299
25027261,0.04,0.0383348,1,370375
25050621,0,0.00237568,1,370679
25052081,0.09,0.0724751,1,370722
25053541,0.1,0.094495,1,370722
25091501,0.39,0.375808,1,371221
25097341,0.37,0.371801,1,371273
25238961,0.33,0.37496,1,373379
25249181,0.13,0.115779,1,373678
25259401,0.11,0.0996797,1,374052
25271081,0.18,0.175104,1,374239
25297361,0.2,0.199227,1,374930
25304661,0.34,0.338547,1,375051
25417081,0.05,0.0652922,1,377804
25428761,0.11,0.092595,1,378083
25434601,0.09,0.0956362,1,378180
25449201,0.02,0.0191335,1,378413
25488621,0.34,0.335986,1,379080
25649221,0,0.00476401,1,382290
25657981,0.06,0.0586627,1,382568
25681341,0.09,0.0991859,1,383413
25700321,0.07,0.0804685,1,384053
25707621,0.3,0.291072,1,384269
25941221,0.38,0.389085,1,390196
25982101,0.24,0.236659,1,390974
26117881,0.24,0.252305,1,393487
26120801,0.1,0.104492,1,393538
26141241,0.2,0.199121,1,393878
26150001,0.08,0.0831641,1,394015
26167521,0.17,0.172621,1,394308
26168981,0.18,0.178524,1,394308
26186501,0.1,0.100861,1,394550
26490181,0.35,0.344463,1,400854
26586541,0.35,0.3845,1,403138
26604061,0.11,0.0930493,1,404070
26605521,0.12,0.11461,1,404070
26704801,0,0.00154669,1,407789
26726701,0.04,0.0368,1,408472
26731081,0.01,0.0118144,1,408587
26748601,0.21,0.231771,1,409009
26758821,0.1,0.0983105,1,409326
26771961,0.15,0.14766,1,409703
26777801,0.27,0.2707,1,409827
26782181,0.28,0.278326,1,409829
26863941,0.08,0.0774867,1,412444
26872701,0.16,0.154749,1,412869
26878541,0.13,0.141432,1,413146
26964681,0.1,0.0982412,1,416365
26966141,0.05,0.0596482,1,416511
27174921,0.34,0.344489,1,426735
27268361,0.04,0.0391038,1,430839
27269821,0.03,0.0318208,1,430900
27393921,0.38,0.38552,1,434409
27399761,0.07,0.0676888,1,434559
27401221,0.01,0.0215378,1,434619
27404141,0.07,0.0600615,1,434711
27593941,0.26,0.254972,1,439186
27605621,0.13,0.131975,1,439621
27694681,0.02,0.0199616,1,442659
27818781,0.16,0.1551,1,445880
27826081,0.07,0.0718448,1,446114
27834841,0.03,0.0246267,1,446278
27847981,0.25,0.254989,1,446539
28012961,0.29,0.292692,1,449868
28046541,0.15,0.148086,1,450388
28052381,0.21,0.218861,1,450467
28056761,0.36,0.352791,1,450546
28242181,0.28,0.27913,1,454419
28334161,0.3,0.30806,1,457091
28340001,0.08,0.0825409,1,457233
28356061,0.03,0.0401282,1,457657
28369201,0.2,0.201369,1,457953
28523961,0.1,0.0976652,1,461292
28529801,0.04,0.0399643,1,461384
28532721,0.1,0.0959986,1,461440
28534181,0.07,0.0751997,1,461504
28547321,0.12,0.1199,1,461717
28548781,0.17,0.15998,1,461761
28732741,0.22,0.224667,1,464949
28738581,0.36,0.355815,1,465020
28744421,0.35,0.351673,1,465054
29010141,0.41,0.395333,1,471376
