#Ack,ack_ewma(ms),send_ewma(ms),rtt_ratio,cwnd (Bytes),Last Router Ocupation Ack Arriaval(Packets),AckArrival(ms)
35041,800,800,800,1460,0,42600
36501,800,800,800,1460,0,43400
37961,800,800,800,1460,0,44200
39421,800,800,800,1460,0,45000
40881,800,800,800,1460,0,45800
42341,800,800,800,1460,0,46600
43801,800,800,800,1460,0,47400
45261,800,800,800,1460,0,48200
46721,800,800,800,1460,0,49000
48181,800,800,800,1460,0,49800
49641,800,800,800,1460,0,50600
51101,800,800,800,1460,0,51400
52561,800,800,800,1460,0,52200
54021,800,800,800,1460,0,53000
55481,800,800,800,1460,0,53800
56941,800,800,800,1460,0,54600
58401,800,800,800,1460,0,55400
59861,800,800,800,1460,0,56200
61321,800,800,800,1460,0,57000
62781,800,800,800,1460,0,57800
64241,800,800,800,1460,0,58600
65701,800,800,800,1460,0,59400
67161,800,800,800,1460,0,60200
68621,800,800,800,1460,0,61000
70081,800,800,800,1460,0,61800
71541,800,800,800,1460,0,62600
73001,800,800,800,1460,0,63400
74461,800,800,800,1460,0,64200
75921,800,800,800,1460,0,65000
77381,800,800,800,1460,0,65800
78841,800,800,800,1460,0,66600
80301,800,800,800,1460,0,67400
81761,800,800,800,1460,0,68200
83221,800,800,800,1460,0,69000
84681,800,800,800,1460,0,69800
86141,800,800,800,1460,0,70600
87601,800,800,800,1460,0,71400
89061,800,800,800,1460,0,72200
90521,800,800,800,1460,0,73000
91981,800,800,800,1460,0,73800
93441,800,800,800,1460,0,74600
94901,800,800,800,1460,0,75400
96361,800,800,800,1460,0,76200
97821,800,800,800,1460,0,77000
99281,800,800,800,1460,0,77800
100741,800,800,800,1460,0,78600
102201,800,800,800,1460,0,79400
103661,800,800,800,1460,0,80200
105121,800,800,800,1460,0,81000
106581,800,800,800,1460,0,81800
108041,800,800,800,1460,0,82600
109501,800,800,800,1460,0,83400
110961,800,800,800,1460,0,84200
112421,800,800,800,1460,0,85000
113881,800,800,800,1460,0,85800
115341,800,800,800,1460,0,86600
116801,800,800,800,1460,0,87400
118261,800,800,800,1460,0,88200
119721,800,800,800,1460,0,89000
121181,800,800,800,1460,0,89800
122641,800,800,800,1460,0,90600
124101,800,800,800,1460,0,91400
125561,800,800,800,1460,0,92200
127021,800,800,800,1460,0,93000
128481,800,800,800,1460,0,93800
129941,800,800,800,1460,0,94600
131401,800,800,800,1460,0,95400
132861,800,800,800,1460,0,96200
134321,800,800,800,1460,0,97000
135781,800,800,800,1460,0,97800
137241,800,800,800,1460,0,98600
138701,800,800,800,1460,0,99400
140161,800,800,800,1460,0,100200
141621,800,800,800,1460,0,101000
143081,800,800,800,1460,0,101800
144541,800,800,800,1460,0,102600
146001,800,800,800,1460,0,103400
147461,800,800,800,1460,0,104200
148921,800,800,800,1460,0,105000
150381,800,800,800,1460,0,105800
151841,800,800,800,1460,0,106600
153301,800,800,800,1460,0,107400
154761,800,800,800,1460,0,108200
156221,800,800,800,1460,0,109000
157681,800,800,800,1460,0,109800
159141,800,800,800,1460,0,110600
160601,800,800,800,1460,0,111400
162061,800,800,800,1460,0,112200
163521,800,800,800,1460,0,113000
164981,800,800,800,1460,0,113800
166441,800,800,800,1460,0,114600
167901,800,800,800,1460,0,115400
169361,800,800,800,1460,0,116200
170821,800,800,800,1460,0,117000
172281,800,800,800,1460,0,117800
173741,800,800,800,1460,0,118600
175201,800,800,800,1460,0,119400
176661,800,800,800,1460,0,120200
178121,800,800,800,1460,0,121000
179581,800,800,800,1460,0,121800
181041,800,800,800,1460,0,122600
182501,800,800,800,1460,0,123400
183961,800,800,800,1460,0,124200
185421,800,800,800,1460,0,125000
186881,800,800,800,1460,0,125800
188341,800,800,800,1460,0,126600
189801,800,800,800,1460,0,127400
191261,800,800,800,1460,0,128200
192721,800,800,800,1460,0,129000
194181,800,800,800,1460,0,129800
195641,800,800,800,1460,0,130600
197101,800,800,800,1460,0,131400
198561,800,800,800,1460,0,132200
200021,800,800,800,1460,0,133000
201481,800,800,800,1460,0,133800
202941,800,800,800,1460,0,134600
204401,800,800,800,1460,0,135400
205861,800,800,800,1460,0,136200
207321,800,800,800,1460,0,137000
208781,800,800,800,1460,0,137800
210241,800,800,800,1460,0,138600
211701,800,800,800,1460,0,139400
213161,800,800,800,1460,0,140200
214621,800,800,800,1460,0,141000
216081,800,800,800,1460,0,141800
217541,800,800,800,1460,0,142600
219001,800,800,800,1460,0,143400
220461,800,800,800,1460,0,144200
221921,800,800,800,1460,0,145000
223381,800,800,800,1460,0,145800
224841,800,800,800,1460,0,146600
226301,800,800,800,1460,0,147400
227761,800,800,800,1460,0,148200
229221,800,800,800,1460,0,149000
230681,800,800,800,1460,0,149800
232141,800,800,800,1460,0,150600
233601,800,800,800,1460,0,151400
235061,800,800,800,1460,0,152200
236521,800,800,800,1460,0,153000
237981,800,800,800,1460,0,153800
239441,800,800,800,1460,0,154600
240901,800,800,800,1460,0,155400
242361,800,800,800,1460,0,156200
243821,800,800,800,1460,0,157000
245281,800,800,800,1460,0,157800
246741,800,800,800,1460,0,158600
248201,800,800,800,1460,0,159400
249661,800,800,800,1460,0,160200
251121,800,800,800,1460,0,161000
252581,800,800,800,1460,0,161800
254041,800,800,800,1460,0,162600
255501,800,800,800,1460,0,163400
256961,800,800,800,1460,0,164200
258421,800,800,800,1460,0,165000
259881,800,800,800,1460,0,165800
261341,800,800,800,1460,0,166600
262801,800,800,800,1460,0,167400
264261,800,800,800,1460,0,168200
265721,800,800,800,1460,0,169000
267181,800,800,800,1460,0,169800
268641,800,800,800,1460,0,170600
270101,800,800,800,1460,0,171400
271561,800,800,800,1460,0,172200
273021,800,800,800,1460,0,173000
274481,800,800,800,1460,0,173800
275941,800,800,800,1460,0,174600
277401,800,800,800,1460,0,175400
278861,800,800,800,1460,0,176200
280321,800,800,800,1460,0,177000
281781,800,800,800,1460,0,177800
283241,800,800,800,1460,0,178600
284701,800,800,800,1460,0,179400
286161,800,800,800,1460,0,180200
287621,800,800,800,1460,0,181000
289081,800,800,800,1460,0,181800
290541,800,800,800,1460,0,182600
292001,800,800,800,1460,0,183400
293461,800,800,800,1460,0,184200
294921,800,800,800,1460,0,185000
296381,800,800,800,1460,0,185800
297841,800,800,800,1460,0,186600
299301,800,800,800,1460,0,187400
300761,800,800,800,1460,0,188200
302221,800,800,800,1460,0,189000
303681,800,800,800,1460,0,189800
305141,800,800,800,1460,0,190600
306601,800,800,800,1460,0,191400
308061,800,800,800,1460,0,192200
309521,800,800,800,1460,0,193000
310981,800,800,800,1460,0,193800
312441,800,800,800,1460,0,194600
313901,800,800,800,1460,0,195400
315361,800,800,800,1460,0,196200
316821,800,800,800,1460,0,197000
318281,800,800,800,1460,0,197800
319741,800,800,800,1460,0,198600
321201,800,800,800,1460,0,199400
322661,800,800,800,1460,0,200200
324121,800,800,800,1460,0,201000
325581,800,800,800,1460,0,201800
327041,800,800,800,1460,0,202600
328501,800,800,800,1460,0,203400
329961,800,800,800,1460,0,204200
331421,800,800,800,1460,0,205000
332881,800,800,800,1460,0,205800
334341,800,800,800,1460,0,206600
335801,800,800,800,1460,0,207400
337261,800,800,800,1460,0,208200
338721,800,800,800,1460,0,209000
340181,800,800,800,1460,0,209800
341641,800,800,800,1460,0,210600
343101,800,800,800,1460,0,211400
344561,800,800,800,1460,0,212200
346021,800,800,800,1460,0,213000
347481,800,800,800,1460,0,213800
348941,800,800,800,1460,0,214600
350401,800,800,800,1460,0,215400
351861,800,800,800,1460,0,216200
353321,800,800,800,1460,0,217000
354781,800,800,800,1460,0,217800
356241,800,800,800,1460,0,218600
357701,800,800,800,1460,0,219400
359161,800,800,800,1460,0,220200
360621,800,800,800,1460,0,221000
362081,800,800,800,1460,0,221800
363541,800,800,800,1460,0,222600
365001,800,800,800,1460,0,223400
366461,800,800,800,1460,0,224200
367921,800,800,800,1460,0,225000
369381,800,800,800,1460,0,225800
370841,800,800,800,1460,0,226600
372301,800,800,800,1460,0,227400
373761,800,800,800,1460,0,228200
375221,800,800,800,1460,0,229000
376681,800,800,800,1460,0,229800
378141,800,800,800,1460,0,230600
379601,800,800,800,1460,0,231400
381061,800,800,800,1460,0,232200
382521,800,800,800,1460,0,233000
383981,800,800,800,1460,0,233800
385441,800,800,800,1460,0,234600
386901,800,800,800,1460,0,235400
388361,800,800,800,1460,0,236200
389821,800,800,800,1460,0,237000
391281,800,800,800,1460,0,237800
392741,800,800,800,1460,0,238600
394201,800,800,800,1460,0,239400
395661,800,800,800,1460,0,240200
397121,800,800,800,1460,0,241000
398581,800,800,800,1460,0,241800
400041,800,800,800,1460,0,242600
401501,800,800,800,1460,0,243400
402961,800,800,800,1460,0,244200
404421,800,800,800,1460,0,245000
405881,800,800,800,1460,0,245800
407341,800,800,800,1460,0,246600
408801,800,800,800,1460,0,247400
410261,800,800,800,1460,0,248200
411721,800,800,800,1460,0,249000
413181,800,800,800,1460,0,249800
414641,800,800,800,1460,0,250600
416101,800,800,800,1460,0,251400
417561,800,800,800,1460,0,252200
419021,800,800,800,1460,0,253000
420481,800,800,800,1460,0,253800
421941,800,800,800,1460,0,254600
423401,800,800,800,1460,0,255400
424861,800,800,800,1460,0,256200
426321,800,800,800,1460,0,257000
427781,800,800,800,1460,0,257800
429241,800,800,800,1460,0,258600
430701,800,800,800,1460,0,259400
432161,800,800,800,1460,0,260200
433621,800,800,800,1460,0,261000
435081,800,800,800,1460,0,261800
436541,800,800,800,1460,0,262600
438001,800,800,800,1460,0,263400
439461,800,800,800,1460,0,264200
440921,800,800,800,1460,0,265000
442381,800,800,800,1460,0,265800
443841,800,800,800,1460,0,266600
445301,800,800,800,1460,0,267400
446761,800,800,800,1460,0,268200
448221,800,800,800,1460,0,269000
449681,800,800,800,1460,0,269800
451141,800,800,800,1460,0,270600
452601,800,800,800,1460,0,271400
454061,800,800,800,1460,0,272200
455521,800,800,800,1460,0,273000
456981,800,800,800,1460,0,273800
458441,800,800,800,1460,0,274600
459901,800,800,800,1460,0,275400
461361,800,800,800,1460,0,276200
462821,800,800,800,1460,0,277000
464281,800,800,800,1460,0,277800
465741,800,800,800,1460,0,278600
467201,800,800,800,1460,0,279400
468661,800,800,800,1460,0,280200
470121,800,800,800,1460,0,281000
471581,800,800,800,1460,0,281800
473041,800,800,800,1460,0,282600
474501,800,800,800,1460,0,283400
475961,800,800,800,1460,0,284200
477421,800,800,800,1460,0,285000
478881,800,800,800,1460,0,285800
480341,800,800,800,1460,0,286600
481801,800,800,800,1460,0,287400
483261,800,800,800,1460,0,288200
484721,800,800,800,1460,0,289000
486181,800,800,800,1460,0,289800
487641,800,800,800,1460,0,290600
489101,800,800,800,1460,0,291400
490561,800,800,800,1460,0,292200
492021,800,800,800,1460,0,293000
493481,800,800,800,1460,0,293800
494941,800,800,800,1460,0,294600
496401,800,800,800,1460,0,295400
497861,800,800,800,1460,0,296200
499321,800,800,800,1460,0,297000
500781,800,800,800,1460,0,297800
502241,800,800,800,1460,0,298600
503701,800,800,800,1460,0,299400
505161,800,800,800,1460,0,300200
506621,800,800,800,1460,0,301000
508081,800,800,800,1460,0,301800
509541,800,800,800,1460,0,302600
511001,800,800,800,1460,0,303400
512461,800,800,800,1460,0,304200
513921,800,800,800,1460,0,305000
515381,800,800,800,1460,0,305800
516841,800,800,800,1460,0,306600
518301,800,800,800,1460,0,307400
519761,800,800,800,1460,0,308200
521221,800,800,800,1460,0,309000
522681,800,800,800,1460,0,309800
524141,800,800,800,1460,0,310600
525601,800,800,800,1460,0,311400
527061,800,800,800,1460,0,312200
528521,800,800,800,1460,0,313000
529981,800,800,800,1460,0,313800
531441,800,800,800,1460,0,314600
532901,800,800,800,1460,0,315400
534361,800,800,800,1460,0,316200
535821,800,800,800,1460,0,317000
537281,800,800,800,1460,0,317800
538741,800,800,800,1460,0,318600
540201,800,800,800,1460,0,319400
541661,800,800,800,1460,0,320200
543121,800,800,800,1460,0,321000
544581,800,800,800,1460,0,321800
546041,800,800,800,1460,0,322600
547501,800,800,800,1460,0,323400
548961,800,800,800,1460,0,324200
550421,800,800,800,1460,0,325000
551881,800,800,800,1460,0,325800
553341,800,800,800,1460,0,326600
554801,800,800,800,1460,0,327400
556261,800,800,800,1460,0,328200
557721,800,800,800,1460,0,329000
559181,800,800,800,1460,0,329800
560641,800,800,800,1460,0,330600
562101,800,800,800,1460,0,331400
563561,800,800,800,1460,0,332200
565021,800,800,800,1460,0,333000
566481,800,800,800,1460,0,333800
567941,800,800,800,1460,0,334600
569401,800,800,800,1460,0,335400
570861,800,800,800,1460,0,336200
572321,800,800,800,1460,0,337000
573781,800,800,800,1460,0,337800
575241,800,800,800,1460,0,338600
576701,800,800,800,1460,0,339400
578161,800,800,800,1460,0,340200
579621,800,800,800,1460,0,341000
581081,800,800,800,1460,0,341800
582541,800,800,800,1460,0,342600
584001,800,800,800,1460,0,343400
585461,800,800,800,1460,0,344200
586921,800,800,800,1460,0,345000
588381,800,800,800,1460,0,345800
589841,800,800,800,1460,0,346600
591301,800,800,800,1460,0,347400
592761,800,800,800,1460,0,348200
594221,800,800,800,1460,0,349000
595681,800,800,800,1460,0,349800
597141,800,800,800,1460,0,350600
598601,800,800,800,1460,0,351400
600061,800,800,800,1460,0,352200
601521,800,800,800,1460,0,353000
602981,800,800,800,1460,0,353800
604441,800,800,800,1460,0,354600
605901,800,800,800,1460,0,355400
607361,800,800,800,1460,0,356200
608821,800,800,800,1460,0,357000
610281,800,800,800,1460,0,357800
611741,800,800,800,1460,0,358600
613201,800,800,800,1460,0,359400
614661,800,800,800,1460,0,360200
616121,800,800,800,1460,0,361000
617581,800,800,800,1460,0,361800
619041,800,800,800,1460,0,362600
620501,800,800,800,1460,0,363400
621961,800,800,800,1460,0,364200
623421,800,800,800,1460,0,365000
624881,800,800,800,1460,0,365800
626341,800,800,800,1460,0,366600
627801,800,800,800,1460,0,367400
629261,800,800,800,1460,0,368200
630721,800,800,800,1460,0,369000
632181,800,800,800,1460,0,369800
633641,800,800,800,1460,0,370600
635101,800,800,800,1460,0,371400
636561,800,800,800,1460,0,372200
638021,800,800,800,1460,0,373000
639481,800,800,800,1460,0,373800
640941,800,800,800,1460,0,374600
642401,800,800,800,1460,0,375400
643861,800,800,800,1460,0,376200
645321,800,800,800,1460,0,377000
646781,800,800,800,1460,0,377800
648241,800,800,800,1460,0,378600
649701,800,800,800,1460,0,379400
651161,800,800,800,1460,0,380200
652621,800,800,800,1460,0,381000
654081,800,800,800,1460,0,381800
655541,800,800,800,1460,0,382600
657001,800,800,800,1460,0,383400
658461,800,800,800,1460,0,384200
659921,800,800,800,1460,0,385000
661381,800,800,800,1460,0,385800
662841,800,800,800,1460,0,386600
664301,800,800,800,1460,0,387400
665761,800,800,800,1460,0,388200
667221,800,800,800,1460,0,389000
668681,800,800,800,1460,0,389800
670141,800,800,800,1460,0,390600
671601,800,800,800,1460,0,391400
673061,800,800,800,1460,0,392200
674521,800,800,800,1460,0,393000
675981,800,800,800,1460,0,393800
677441,800,800,800,1460,0,394600
678901,800,800,800,1460,0,395400
680361,800,800,800,1460,0,396200
681821,800,800,800,1460,0,397000
683281,800,800,800,1460,0,397800
684741,800,800,800,1460,0,398600
686201,800,800,800,1460,0,399400
687661,800,800,800,1460,0,400200
689121,800,800,800,1460,0,401000
690581,800,800,800,1460,0,401800
692041,800,800,800,1460,0,402600
693501,800,800,800,1460,0,403400
694961,800,800,800,1460,0,404200
696421,800,800,800,1460,0,405000
697881,800,800,800,1460,0,405800
699341,800,800,800,1460,0,406600
700801,800,800,800,1460,0,407400
702261,800,800,800,1460,0,408200
703721,800,800,800,1460,0,409000
705181,800,800,800,1460,0,409800
706641,800,800,800,1460,0,410600
708101,800,800,800,1460,0,411400
709561,800,800,800,1460,0,412200
711021,800,800,800,1460,0,413000
712481,800,800,800,1460,0,413800
713941,800,800,800,1460,0,414600
715401,800,800,800,1460,0,415400
716861,800,800,800,1460,0,416200
718321,800,800,800,1460,0,417000
719781,800,800,800,1460,0,417800
721241,800,800,800,1460,0,418600
722701,800,800,800,1460,0,419400
724161,800,800,800,1460,0,420200
725621,800,800,800,1460,0,421000
727081,800,800,800,1460,0,421800
728541,800,800,800,1460,0,422600
730001,800,800,800,1460,0,423400
731461,800,800,800,1460,0,424200
732921,800,800,800,1460,0,425000
734381,800,800,800,1460,0,425800
735841,800,800,800,1460,0,426600
737301,800,800,800,1460,0,427400
738761,800,800,800,1460,0,428200
740221,800,800,800,1460,0,429000
741681,800,800,800,1460,0,429800
743141,800,800,800,1460,0,430600
744601,800,800,800,1460,0,431400
746061,800,800,800,1460,0,432200
747521,800,800,800,1460,0,433000
748981,800,800,800,1460,0,433800
750441,800,800,800,1460,0,434600
751901,800,800,800,1460,0,435400
753361,800,800,800,1460,0,436200
754821,800,800,800,1460,0,437000
756281,800,800,800,1460,0,437800
757741,800,800,800,1460,0,438600
759201,800,800,800,1460,0,439400
760661,800,800,800,1460,0,440200
762121,800,800,800,1460,0,441000
763581,800,800,800,1460,0,441800
765041,800,800,800,1460,0,442600
766501,800,800,800,1460,0,443400
767961,800,800,800,1460,0,444200
769421,800,800,800,1460,0,445000
770881,800,800,800,1460,0,445800
772341,800,800,800,1460,0,446600
773801,800,800,800,1460,0,447400
775261,800,800,800,1460,0,448200
776721,800,800,800,1460,0,449000
778181,800,800,800,1460,0,449800
779641,800,800,800,1460,0,450600
781101,800,800,800,1460,0,451400
782561,800,800,800,1460,0,452200
784021,800,800,800,1460,0,453000
785481,800,800,800,1460,0,453800
786941,800,800,800,1460,0,454600
788401,800,800,800,1460,0,455400
789861,800,800,800,1460,0,456200
791321,800,800,800,1460,0,457000
792781,800,800,800,1460,0,457800
794241,800,800,800,1460,0,458600
795701,800,800,800,1460,0,459400
797161,800,800,800,1460,0,460200
798621,800,800,800,1460,0,461000
800081,800,800,800,1460,0,461800
801541,800,800,800,1460,0,462600
803001,800,800,800,1460,0,463400
804461,800,800,800,1460,0,464200
805921,800,800,800,1460,0,465000
807381,800,800,800,1460,0,465800
808841,800,800,800,1460,0,466600
810301,800,800,800,1460,0,467400
811761,800,800,800,1460,0,468200
813221,800,800,800,1460,0,469000
814681,800,800,800,1460,0,469800
816141,800,800,800,1460,0,470600
817601,800,800,800,1460,0,471400
819061,800,800,800,1460,0,472200
820521,800,800,800,1460,0,473000
821981,800,800,800,1460,0,473800
823441,800,800,800,1460,0,474600
824901,800,800,800,1460,0,475400
826361,800,800,800,1460,0,476200
827821,800,800,800,1460,0,477000
829281,800,800,800,1460,0,477800
830741,800,800,800,1460,0,478600
832201,800,800,800,1460,0,479400
833661,800,800,800,1460,0,480200
835121,800,800,800,1460,0,481000
836581,800,800,800,1460,0,481800
838041,800,800,800,1460,0,482600
839501,800,800,800,1460,0,483400
840961,800,800,800,1460,0,484200
842421,800,800,800,1460,0,485000
843881,800,800,800,1460,0,485800
845341,800,800,800,1460,0,486600
846801,800,800,800,1460,0,487400
848261,800,800,800,1460,0,488200
849721,800,800,800,1460,0,489000
851181,800,800,800,1460,0,489800
852641,800,800,800,1460,0,490600
854101,800,800,800,1460,0,491400
855561,800,800,800,1460,0,492200
857021,800,800,800,1460,0,493000
858481,800,800,800,1460,0,493800
859941,800,800,800,1460,0,494600
861401,800,800,800,1460,0,495400
862861,800,800,800,1460,0,496200
864321,800,800,800,1460,0,497000
865781,800,800,800,1460,0,497800
867241,800,800,800,1460,0,498600
868701,800,800,800,1460,0,499400
870161,800,800,800,1460,0,500200
871621,800,800,800,1460,0,501000
873081,800,800,800,1460,0,501800
874541,800,800,800,1460,0,502600
876001,800,800,800,1460,0,503400
877461,800,800,800,1460,0,504200
878921,800,800,800,1460,0,505000
880381,800,800,800,1460,0,505800
881841,800,800,800,1460,0,506600
883301,800,800,800,1460,0,507400
884761,800,800,800,1460,0,508200
886221,800,800,800,1460,0,509000
887681,800,800,800,1460,0,509800
889141,800,800,800,1460,0,510600
890601,800,800,800,1460,0,511400
892061,800,800,800,1460,0,512200
893521,800,800,800,1460,0,513000
894981,800,800,800,1460,0,513800
896441,800,800,800,1460,0,514600
897901,800,800,800,1460,0,515400
899361,800,800,800,1460,0,516200
900821,800,800,800,1460,0,517000
902281,800,800,800,1460,0,517800
903741,800,800,800,1460,0,518600
905201,800,800,800,1460,0,519400
906661,800,800,800,1460,0,520200
908121,800,800,800,1460,0,521000
909581,800,800,800,1460,0,521800
911041,800,800,800,1460,0,522600
912501,800,800,800,1460,0,523400
913961,800,800,800,1460,0,524200
915421,800,800,800,1460,0,525000
916881,800,800,800,1460,0,525800
918341,800,800,800,1460,0,526600
919801,800,800,800,1460,0,527400
921261,800,800,800,1460,0,528200
922721,800,800,800,1460,0,529000
924181,800,800,800,1460,0,529800
925641,800,800,800,1460,0,530600
927101,800,800,800,1460,0,531400
928561,800,800,800,1460,0,532200
930021,800,800,800,1460,0,533000
931481,800,800,800,1460,0,533800
932941,800,800,800,1460,0,534600
934401,800,800,800,1460,0,535400
935861,800,800,800,1460,0,536200
937321,800,800,800,1460,0,537000
938781,800,800,800,1460,0,537800
940241,800,800,800,1460,0,538600
941701,800,800,800,1460,0,539400
943161,800,800,800,1460,0,540200
944621,800,800,800,1460,0,541000
946081,800,800,800,1460,0,541800
947541,800,800,800,1460,0,542600
949001,800,800,800,1460,0,543400
950461,800,800,800,1460,0,544200
951921,800,800,800,1460,0,545000
953381,800,800,800,1460,0,545800
954841,800,800,800,1460,0,546600
956301,800,800,800,1460,0,547400
957761,800,800,800,1460,0,548200
959221,800,800,800,1460,0,549000
960681,800,800,800,1460,0,549800
962141,800,800,800,1460,0,550600
963601,800,800,800,1460,0,551400
965061,800,800,800,1460,0,552200
966521,800,800,800,1460,0,553000
967981,800,800,800,1460,0,553800
969441,800,800,800,1460,0,554600
970901,800,800,800,1460,0,555400
972361,800,800,800,1460,0,556200
973821,800,800,800,1460,0,557000
975281,800,800,800,1460,0,557800
976741,800,800,800,1460,0,558600
978201,800,800,800,1460,0,559400
979661,800,800,800,1460,0,560200
981121,800,800,800,1460,0,561000
982581,800,800,800,1460,0,561800
984041,800,800,800,1460,0,562600
985501,800,800,800,1460,0,563400
986961,800,800,800,1460,0,564200
988421,800,800,800,1460,0,565000
989881,800,800,800,1460,0,565800
991341,800,800,800,1460,0,566600
992801,800,800,800,1460,0,567400
994261,800,800,800,1460,0,568200
995721,800,800,800,1460,0,569000
997181,800,800,800,1460,0,569800
998641,800,800,800,1460,0,570600
1000101,800,800,800,1460,0,571400
1001561,800,800,800,1460,0,572200
1003021,800,800,800,1460,0,573000
1004481,800,800,800,1460,0,573800
1005941,800,800,800,1460,0,574600
1007401,800,800,800,1460,0,575400
1008861,800,800,800,1460,0,576200
1010321,800,800,800,1460,0,577000
1011781,800,800,800,1460,0,577800
1013241,800,800,800,1460,0,578600
1014701,800,800,800,1460,0,579400
1016161,800,800,800,1460,0,580200
1017621,800,800,800,1460,0,581000
1019081,800,800,800,1460,0,581800
1020541,800,800,800,1460,0,582600
1022001,800,800,800,1460,0,583400
1023461,800,800,800,1460,0,584200
1024921,800,800,800,1460,0,585000
1026381,800,800,800,1460,0,585800
1027841,800,800,800,1460,0,586600
1029301,800,800,800,1460,0,587400
1030761,800,800,800,1460,0,588200
1032221,800,800,800,1460,0,589000
1033681,800,800,800,1460,0,589800
1035141,800,800,800,1460,0,590600
1036601,800,800,800,1460,0,591400
1038061,800,800,800,1460,0,592200
1039521,800,800,800,1460,0,593000
1040981,800,800,800,1460,0,593800
1042441,800,800,800,1460,0,594600
1043901,800,800,800,1460,0,595400
1045361,800,800,800,1460,0,596200
1046821,800,800,800,1460,0,597000
1048281,800,800,800,1460,0,597800
1049741,800,800,800,1460,0,598600
1051201,800,800,800,1460,0,599400
1052661,800,800,800,1460,0,600200
1054121,800,800,800,1460,0,601000
1055581,800,800,800,1460,0,601800
1057041,800,800,800,1460,0,602600
1058501,800,800,800,1460,0,603400
1059961,800,800,800,1460,0,604200
1061421,800,800,800,1460,0,605000
1062881,800,800,800,1460,0,605800
1064341,800,800,800,1460,0,606600
1065801,800,800,800,1460,0,607400
1067261,800,800,800,1460,0,608200
1068721,800,800,800,1460,0,609000
1070181,800,800,800,1460,0,609800
1071641,800,800,800,1460,0,610600
1073101,800,800,800,1460,0,611400
1074561,800,800,800,1460,0,612200
1076021,800,800,800,1460,0,613000
1077481,800,800,800,1460,0,613800
1078941,800,800,800,1460,0,614600
1080401,800,800,800,1460,0,615400
1081861,800,800,800,1460,0,616200
1083321,800,800,800,1460,0,617000
1084781,800,800,800,1460,0,617800
1086241,800,800,800,1460,0,618600
1087701,800,800,800,1460,0,619400
1089161,800,800,800,1460,0,620200
1090621,800,800,800,1460,0,621000
1092081,800,800,800,1460,0,621800
1093541,800,800,800,1460,0,622600
1095001,800,800,800,1460,0,623400
1096461,800,800,800,1460,0,624200
1097921,800,800,800,1460,0,625000
1099381,800,800,800,1460,0,625800
1100841,800,800,800,1460,0,626600
1102301,800,800,800,1460,0,627400
1103761,800,800,800,1460,0,628200
1105221,800,800,800,1460,0,629000
1106681,800,800,800,1460,0,629800
1108141,800,800,800,1460,0,630600
1109601,800,800,800,1460,0,631400
1111061,800,800,800,1460,0,632200
1112521,800,800,800,1460,0,633000
1113981,800,800,800,1460,0,633800
1115441,800,800,800,1460,0,634600
1116901,800,800,800,1460,0,635400
1118361,800,800,800,1460,0,636200
1119821,800,800,800,1460,0,637000
1121281,800,800,800,1460,0,637800
1122741,800,800,800,1460,0,638600
1124201,800,800,800,1460,0,639400
1125661,800,800,800,1460,0,640200
1127121,800,800,800,1460,0,641000
1128581,800,800,800,1460,0,641800
1130041,800,800,800,1460,0,642600
1131501,800,800,800,1460,0,643400
1132961,800,800,800,1460,0,644200
1134421,800,800,800,1460,0,645000
1135881,800,800,800,1460,0,645800
1137341,800,800,800,1460,0,646600
1138801,800,800,800,1460,0,647400
1140261,800,800,800,1460,0,648200
1141721,800,800,800,1460,0,649000
1143181,800,800,800,1460,0,649800
1144641,800,800,800,1460,0,650600
1146101,800,800,800,1460,0,651400
1147561,800,800,800,1460,0,652200
1149021,800,800,800,1460,0,653000
1150481,800,800,800,1460,0,653800
1151941,800,800,800,1460,0,654600
1153401,800,800,800,1460,0,655400
1154861,800,800,800,1460,0,656200
1156321,800,800,800,1460,0,657000
1157781,800,800,800,1460,0,657800
1159241,800,800,800,1460,0,658600
1160701,800,800,800,1460,0,659400
1162161,800,800,800,1460,0,660200
1163621,800,800,800,1460,0,661000
1165081,800,800,800,1460,0,661800
1166541,800,800,800,1460,0,662600
1168001,800,800,800,1460,0,663400
1169461,800,800,800,1460,0,664200
1170921,800,800,800,1460,0,665000
1172381,800,800,800,1460,0,665800
1173841,800,800,800,1460,0,666600
1175301,800,800,800,1460,0,667400
1176761,800,800,800,1460,0,668200
1178221,800,800,800,1460,0,669000
1179681,800,800,800,1460,0,669800
1181141,800,800,800,1460,0,670600
1182601,800,800,800,1460,0,671400
1184061,800,800,800,1460,0,672200
1185521,800,800,800,1460,0,673000
1186981,800,800,800,1460,0,673800
1188441,800,800,800,1460,0,674600
1189901,800,800,800,1460,0,675400
1191361,800,800,800,1460,0,676200
1192821,800,800,800,1460,0,677000
1194281,800,800,800,1460,0,677800
1195741,800,800,800,1460,0,678600
1197201,800,800,800,1460,0,679400
1198661,800,800,800,1460,0,680200
1200121,800,800,800,1460,0,681000
1201581,800,800,800,1460,0,681800
1203041,800,800,800,1460,0,682600
1204501,800,800,800,1460,0,683400
1205961,800,800,800,1460,0,684200
1207421,800,800,800,1460,0,685000
1208881,800,800,800,1460,0,685800
1210341,800,800,800,1460,0,686600
1211801,800,800,800,1460,0,687400
1213261,800,800,800,1460,0,688200
1214721,800,800,800,1460,0,689000
1216181,800,800,800,1460,0,689800
1217641,800,800,800,1460,0,690600
1219101,800,800,800,1460,0,691400
1220561,800,800,800,1460,0,692200
1222021,800,800,800,1460,0,693000
1223481,800,800,800,1460,0,693800
1224941,800,800,800,1460,0,694600
1226401,800,800,800,1460,0,695400
1227861,800,800,800,1460,0,696200
1229321,800,800,800,1460,0,697000
1230781,800,800,800,1460,0,697800
1232241,800,800,800,1460,0,698600
1233701,800,800,800,1460,0,699400
1235161,800,800,800,1460,0,700200
1236621,800,800,800,1460,0,701000
1238081,800,800,800,1460,0,701800
1239541,800,800,800,1460,0,702600
1241001,800,800,800,1460,0,703400
1242461,800,800,800,1460,0,704200
1243921,800,800,800,1460,0,705000
1245381,800,800,800,1460,0,705800
1246841,800,800,800,1460,0,706600
1248301,800,800,800,1460,0,707400
1249761,800,800,800,1460,0,708200
1251221,800,800,800,1460,0,709000
1252681,800,800,800,1460,0,709800
1254141,800,800,800,1460,0,710600
1255601,800,800,800,1460,0,711400
1257061,800,800,800,1460,0,712200
1258521,800,800,800,1460,0,713000
1259981,800,800,800,1460,0,713800
1261441,800,800,800,1460,0,714600
1262901,800,800,800,1460,0,715400
1264361,800,800,800,1460,0,716200
1265821,800,800,800,1460,0,717000
1267281,800,800,800,1460,0,717800
1268741,800,800,800,1460,0,718600
1270201,800,800,800,1460,0,719400
1271661,800,800,800,1460,0,720200
1273121,800,800,800,1460,0,721000
1274581,800,800,800,1460,0,721800
1276041,800,800,800,1460,0,722600
1277501,800,800,800,1460,0,723400
1278961,800,800,800,1460,0,724200
1280421,800,800,800,1460,0,725000
1281881,800,800,800,1460,0,725800
1283341,800,800,800,1460,0,726600
1284801,800,800,800,1460,0,727400
1286261,800,800,800,1460,0,728200
1287721,800,800,800,1460,0,729000
1289181,800,800,800,1460,0,729800
1290641,800,800,800,1460,0,730600
1292101,800,800,800,1460,0,731400
1293561,800,800,800,1460,0,732200
1295021,800,800,800,1460,0,733000
1296481,800,800,800,1460,0,733800
1297941,800,800,800,1460,0,734600
1299401,800,800,800,1460,0,735400
1300861,800,800,800,1460,0,736200
1302321,800,800,800,1460,0,737000
1303781,800,800,800,1460,0,737800
1305241,800,800,800,1460,0,738600
1306701,800,800,800,1460,0,739400
1308161,800,800,800,1460,0,740200
1309621,800,800,800,1460,0,741000
1311081,800,800,800,1460,0,741800
1312541,800,800,800,1460,0,742600
1314001,800,800,800,1460,0,743400
1315461,800,800,800,1460,0,744200
1316921,800,800,800,1460,0,745000
1318381,800,800,800,1460,0,745800
1319841,800,800,800,1460,0,746600
1321301,800,800,800,1460,0,747400
1322761,800,800,800,1460,0,748200
1324221,800,800,800,1460,0,749000
1325681,800,800,800,1460,0,749800
1327141,800,800,800,1460,0,750600
1328601,800,800,800,1460,0,751400
1330061,800,800,800,1460,0,752200
1331521,800,800,800,1460,0,753000
1332981,800,800,800,1460,0,753800
1334441,800,800,800,1460,0,754600
1335901,800,800,800,1460,0,755400
1337361,800,800,800,1460,0,756200
1338821,800,800,800,1460,0,757000
1340281,800,800,800,1460,0,757800
1341741,800,800,800,1460,0,758600
1343201,800,800,800,1460,0,759400
1344661,800,800,800,1460,0,760200
1346121,800,800,800,1460,0,761000
1347581,800,800,800,1460,0,761800
1349041,800,800,800,1460,0,762600
1350501,800,800,800,1460,0,763400
1351961,800,800,800,1460,0,764200
1353421,800,800,800,1460,0,765000
1354881,800,800,800,1460,0,765800
1356341,800,800,800,1460,0,766600
1357801,800,800,800,1460,0,767400
1359261,800,800,800,1460,0,768200
1360721,800,800,800,1460,0,769000
1362181,800,800,800,1460,0,769800
1363641,800,800,800,1460,0,770600
1365101,800,800,800,1460,0,771400
1366561,800,800,800,1460,0,772200
1368021,800,800,800,1460,0,773000
1369481,800,800,800,1460,0,773800
1370941,800,800,800,1460,0,774600
1372401,800,800,800,1460,0,775400
1373861,800,800,800,1460,0,776200
1375321,800,800,800,1460,0,777000
1376781,800,800,800,1460,0,777800
1378241,800,800,800,1460,0,778600
1379701,800,800,800,1460,0,779400
1381161,800,800,800,1460,0,780200
1382621,800,800,800,1460,0,781000
1384081,800,800,800,1460,0,781800
1385541,800,800,800,1460,0,782600
1387001,800,800,800,1460,0,783400
1388461,800,800,800,1460,0,784200
1389921,800,800,800,1460,0,785000
1391381,800,800,800,1460,0,785800
1392841,800,800,800,1460,0,786600
1394301,800,800,800,1460,0,787400
1395761,800,800,800,1460,0,788200
1397221,800,800,800,1460,0,789000
1398681,800,800,800,1460,0,789800
1400141,800,800,800,1460,0,790600
1401601,800,800,800,1460,0,791400
1403061,800,800,800,1460,0,792200
1404521,800,800,800,1460,0,793000
1405981,800,800,800,1460,0,793800
1407441,800,800,800,1460,0,794600
1408901,800,800,800,1460,0,795400
1410361,800,800,800,1460,0,796200
1411821,800,800,800,1460,0,797000
1413281,800,800,800,1460,0,797800
1414741,800,800,800,1460,0,798600
1416201,800,800,800,1460,0,799400
1417661,800,800,800,1460,0,800200
1419121,800,800,800,1460,0,801000
1420581,800,800,800,1460,0,801800
1422041,800,800,800,1460,0,802600
1423501,800,800,800,1460,0,803400
1424961,800,800,800,1460,0,804200
1426421,800,800,800,1460,0,805000
1427881,800,800,800,1460,0,805800
1429341,800,800,800,1460,0,806600
1430801,800,800,800,1460,0,807400
1432261,800,800,800,1460,0,808200
1433721,800,800,800,1460,0,809000
1435181,800,800,800,1460,0,809800
1436641,800,800,800,1460,0,810600
1438101,800,800,800,1460,0,811400
1439561,800,800,800,1460,0,812200
1441021,800,800,800,1460,0,813000
1442481,800,800,800,1460,0,813800
1443941,800,800,800,1460,0,814600
1445401,800,800,800,1460,0,815400
1446861,800,800,800,1460,0,816200
1448321,800,800,800,1460,0,817000
1449781,800,800,800,1460,0,817800
1451241,800,800,800,1460,0,818600
1452701,800,800,800,1460,0,819400
1454161,800,800,800,1460,0,820200
1455621,800,800,800,1460,0,821000
1457081,800,800,800,1460,0,821800
1458541,800,800,800,1460,0,822600
1460001,800,800,800,1460,0,823400
1461461,800,800,800,1460,0,824200
1462921,800,800,800,1460,0,825000
1464381,800,800,800,1460,0,825800
1465841,800,800,800,1460,0,826600
1467301,800,800,800,1460,0,827400
1468761,800,800,800,1460,0,828200
1470221,800,800,800,1460,0,829000
1471681,800,800,800,1460,0,829800
1473141,800,800,800,1460,0,830600
1474601,800,800,800,1460,0,831400
1476061,800,800,800,1460,0,832200
1477521,800,800,800,1460,0,833000
1478981,800,800,800,1460,0,833800
1480441,800,800,800,1460,0,834600
1481901,800,800,800,1460,0,835400
1483361,800,800,800,1460,0,836200
1484821,800,800,800,1460,0,837000
1486281,800,800,800,1460,0,837800
1487741,800,800,800,1460,0,838600
1489201,800,800,800,1460,0,839400
1490661,800,800,800,1460,0,840200
1492121,800,800,800,1460,0,841000
1493581,800,800,800,1460,0,841800
1495041,800,800,800,1460,0,842600
1496501,800,800,800,1460,0,843400
1497961,800,800,800,1460,0,844200
1499421,800,800,800,1460,0,845000
1500881,800,800,800,1460,0,845800
1502341,800,800,800,1460,0,846600
1503801,800,800,800,1460,0,847400
1505261,800,800,800,1460,0,848200
1506721,800,800,800,1460,0,849000
1508181,800,800,800,1460,0,849800
1509641,800,800,800,1460,0,850600
1511101,800,800,800,1460,0,851400
1512561,800,800,800,1460,0,852200
1514021,800,800,800,1460,0,853000
1515481,800,800,800,1460,0,853800
1516941,800,800,800,1460,0,854600
1518401,800,800,800,1460,0,855400
1519861,800,800,800,1460,0,856200
1521321,800,800,800,1460,0,857000
1522781,800,800,800,1460,0,857800
1524241,800,800,800,1460,0,858600
1525701,800,800,800,1460,0,859400
1527161,800,800,800,1460,0,860200
1528621,800,800,800,1460,0,861000
1530081,800,800,800,1460,0,861800
1531541,800,800,800,1460,0,862600
1533001,800,800,800,1460,0,863400
1534461,800,800,800,1460,0,864200
1535921,800,800,800,1460,0,865000
1537381,800,800,800,1460,0,865800
1538841,800,800,800,1460,0,866600
1540301,800,800,800,1460,0,867400
1541761,800,800,800,1460,0,868200
1543221,800,800,800,1460,0,869000
1544681,800,800,800,1460,0,869800
1546141,800,800,800,1460,0,870600
1547601,800,800,800,1460,0,871400
1549061,800,800,800,1460,0,872200
1550521,800,800,800,1460,0,873000
1551981,800,800,800,1460,0,873800
1553441,800,800,800,1460,0,874600
1554901,800,800,800,1460,0,875400
1556361,800,800,800,1460,0,876200
1557821,800,800,800,1460,0,877000
1559281,800,800,800,1460,0,877800
1560741,800,800,800,1460,0,878600
1562201,800,800,800,1460,0,879400
1563661,800,800,800,1460,0,880200
1565121,800,800,800,1460,0,881000
1566581,800,800,800,1460,0,881800
1568041,800,800,800,1460,0,882600
1569501,800,800,800,1460,0,883400
1570961,800,800,800,1460,0,884200
1572421,800,800,800,1460,0,885000
1573881,800,800,800,1460,0,885800
1575341,800,800,800,1460,0,886600
1576801,800,800,800,1460,0,887400
1578261,800,800,800,1460,0,888200
1579721,800,800,800,1460,0,889000
1581181,800,800,800,1460,0,889800
1582641,800,800,800,1460,0,890600
1584101,800,800,800,1460,0,891400
1585561,800,800,800,1460,0,892200
1587021,800,800,800,1460,0,893000
1588481,800,800,800,1460,0,893800
1589941,800,800,800,1460,0,894600
1591401,800,800,800,1460,0,895400
1592861,800,800,800,1460,0,896200
1594321,800,800,800,1460,0,897000
1595781,800,800,800,1460,0,897800
1597241,800,800,800,1460,0,898600
1598701,800,800,800,1460,0,899400
1600161,800,800,800,1460,0,900200
1601621,800,800,800,1460,0,901000
1603081,800,800,800,1460,0,901800
1604541,800,800,800,1460,0,902600
1606001,800,800,800,1460,0,903400
1607461,800,800,800,1460,0,904200
1608921,800,800,800,1460,0,905000
1610381,800,800,800,1460,0,905800
1611841,800,800,800,1460,0,906600
1613301,800,800,800,1460,0,907400
1614761,800,800,800,1460,0,908200
1616221,800,800,800,1460,0,909000
1617681,800,800,800,1460,0,909800
1619141,800,800,800,1460,0,910600
1620601,800,800,800,1460,0,911400
1622061,800,800,800,1460,0,912200
1623521,800,800,800,1460,0,913000
1624981,800,800,800,1460,0,913800
1626441,800,800,800,1460,0,914600
1627901,800,800,800,1460,0,915400
1629361,800,800,800,1460,0,916200
1630821,800,800,800,1460,0,917000
1632281,800,800,800,1460,0,917800
1633741,800,800,800,1460,0,918600
1635201,800,800,800,1460,0,919400
1636661,800,800,800,1460,0,920200
1638121,800,800,800,1460,0,921000
1639581,800,800,800,1460,0,921800
1641041,800,800,800,1460,0,922600
1642501,800,800,800,1460,0,923400
1643961,800,800,800,1460,0,924200
1645421,800,800,800,1460,0,925000
1646881,800,800,800,1460,0,925800
1648341,800,800,800,1460,0,926600
1649801,800,800,800,1460,0,927400
1651261,800,800,800,1460,0,928200
1652721,800,800,800,1460,0,929000
1654181,800,800,800,1460,0,929800
1655641,800,800,800,1460,0,930600
1657101,800,800,800,1460,0,931400
1658561,800,800,800,1460,0,932200
1660021,800,800,800,1460,0,933000
1661481,800,800,800,1460,0,933800
1662941,800,800,800,1460,0,934600
1664401,800,800,800,1460,0,935400
1665861,800,800,800,1460,0,936200
1667321,800,800,800,1460,0,937000
1668781,800,800,800,1460,0,937800
1670241,800,800,800,1460,0,938600
1671701,800,800,800,1460,0,939400
1673161,800,800,800,1460,0,940200
1674621,800,800,800,1460,0,941000
1676081,800,800,800,1460,0,941800
1677541,800,800,800,1460,0,942600
1679001,800,800,800,1460,0,943400
1680461,800,800,800,1460,0,944200
1681921,800,800,800,1460,0,945000
1683381,800,800,800,1460,0,945800
1684841,800,800,800,1460,0,946600
1686301,800,800,800,1460,0,947400
1687761,800,800,800,1460,0,948200
1689221,800,800,800,1460,0,949000
1690681,800,800,800,1460,0,949800
1692141,800,800,800,1460,0,950600
1693601,800,800,800,1460,0,951400
1695061,800,800,800,1460,0,952200
1696521,800,800,800,1460,0,953000
1697981,800,800,800,1460,0,953800
1699441,800,800,800,1460,0,954600
1700901,800,800,800,1460,0,955400
1702361,800,800,800,1460,0,956200
1703821,800,800,800,1460,0,957000
1705281,800,800,800,1460,0,957800
1706741,800,800,800,1460,0,958600
1708201,800,800,800,1460,0,959400
1709661,800,800,800,1460,0,960200
1711121,800,800,800,1460,0,961000
1712581,800,800,800,1460,0,961800
1714041,800,800,800,1460,0,962600
1715501,800,800,800,1460,0,963400
1716961,800,800,800,1460,0,964200
1718421,800,800,800,1460,0,965000
1719881,800,800,800,1460,0,965800
1721341,800,800,800,1460,0,966600
1722801,800,800,800,1460,0,967400
1724261,800,800,800,1460,0,968200
1725721,800,800,800,1460,0,969000
1727181,800,800,800,1460,0,969800
1728641,800,800,800,1460,0,970600
1730101,800,800,800,1460,0,971400
1731561,800,800,800,1460,0,972200
1733021,800,800,800,1460,0,973000
1734481,800,800,800,1460,0,973800
1735941,800,800,800,1460,0,974600
1737401,800,800,800,1460,0,975400
1738861,800,800,800,1460,0,976200
1740321,800,800,800,1460,0,977000
1741781,800,800,800,1460,0,977800
1743241,800,800,800,1460,0,978600
1744701,800,800,800,1460,0,979400
1746161,800,800,800,1460,0,980200
1747621,800,800,800,1460,0,981000
1749081,800,800,800,1460,0,981800
1750541,800,800,800,1460,0,982600
1752001,800,800,800,1460,0,983400
1753461,800,800,800,1460,0,984200
1754921,800,800,800,1460,0,985000
1756381,800,800,800,1460,0,985800
1757841,800,800,800,1460,0,986600
1759301,800,800,800,1460,0,987400
1760761,800,800,800,1460,0,988200
1762221,800,800,800,1460,0,989000
1763681,800,800,800,1460,0,989800
1765141,800,800,800,1460,0,990600
1766601,800,800,800,1460,0,991400
1768061,800,800,800,1460,0,992200
1769521,800,800,800,1460,0,993000
1770981,800,800,800,1460,0,993800
1772441,800,800,800,1460,0,994600
1773901,800,800,800,1460,0,995400
1775361,800,800,800,1460,0,996200
1776821,800,800,800,1460,0,997000
1778281,800,800,800,1460,0,997800
1779741,800,800,800,1460,0,998600
1781201,800,800,800,1460,0,999400
1782661,800,800,800,1460,0,1000200
1784121,800,800,800,1460,0,1001000
1785581,800,800,800,1460,0,1001800
1787041,800,800,800,1460,0,1002600
1788501,800,800,800,1460,0,1003400
1789961,800,800,800,1460,0,1004200
1791421,800,800,800,1460,0,1005000
1792881,800,800,800,1460,0,1005800
1794341,800,800,800,1460,0,1006600
1795801,800,800,800,1460,0,1007400
1797261,800,800,800,1460,0,1008200
1798721,800,800,800,1460,0,1009000
1800181,800,800,800,1460,0,1009800
1801641,800,800,800,1460,0,1010600
1803101,800,800,800,1460,0,1011400
1804561,800,800,800,1460,0,1012200
1806021,800,800,800,1460,0,1013000
1807481,800,800,800,1460,0,1013800
1808941,800,800,800,1460,0,1014600
1810401,800,800,800,1460,0,1015400
1811861,800,800,800,1460,0,1016200
1813321,800,800,800,1460,0,1017000
1814781,800,800,800,1460,0,1017800
1816241,800,800,800,1460,0,1018600
1817701,800,800,800,1460,0,1019400
1819161,800,800,800,1460,0,1020200
1820621,800,800,800,1460,0,1021000
1822081,800,800,800,1460,0,1021800
1823541,800,800,800,1460,0,1022600
1825001,800,800,800,1460,0,1023400
1826461,800,800,800,1460,0,1024200
1827921,800,800,800,1460,0,1025000
1829381,800,800,800,1460,0,1025800
1830841,800,800,800,1460,0,1026600
1832301,800,800,800,1460,0,1027400
1833761,800,800,800,1460,0,1028200
1835221,800,800,800,1460,0,1029000
1836681,800,800,800,1460,0,1029800
1838141,800,800,800,1460,0,1030600
1839601,800,800,800,1460,0,1031400
1841061,800,800,800,1460,0,1032200
1842521,800,800,800,1460,0,1033000
1843981,800,800,800,1460,0,1033800
1845441,800,800,800,1460,0,1034600
1846901,800,800,800,1460,0,1035400
1848361,800,800,800,1460,0,1036200
1849821,800,800,800,1460,0,1037000
1851281,800,800,800,1460,0,1037800
1852741,800,800,800,1460,0,1038600
1854201,800,800,800,1460,0,1039400
1855661,800,800,800,1460,0,1040200
1857121,800,800,800,1460,0,1041000
1858581,800,800,800,1460,0,1041800
1860041,800,800,800,1460,0,1042600
1861501,800,800,800,1460,0,1043400
1862961,800,800,800,1460,0,1044200
1864421,800,800,800,1460,0,1045000
1865881,800,800,800,1460,0,1045800
1867341,800,800,800,1460,0,1046600
1868801,800,800,800,1460,0,1047400
1870261,800,800,800,1460,0,1048200
1871721,800,800,800,1460,0,1049000
1873181,800,800,800,1460,0,1049800
1874641,800,800,800,1460,0,1050600
1876101,800,800,800,1460,0,1051400
1877561,800,800,800,1460,0,1052200
1879021,800,800,800,1460,0,1053000
1880481,800,800,800,1460,0,1053800
1881941,800,800,800,1460,0,1054600
1883401,800,800,800,1460,0,1055400
1884861,800,800,800,1460,0,1056200
1886321,800,800,800,1460,0,1057000
1887781,800,800,800,1460,0,1057800
1889241,800,800,800,1460,0,1058600
1890701,800,800,800,1460,0,1059400
1892161,800,800,800,1460,0,1060200
1893621,800,800,800,1460,0,1061000
1895081,800,800,800,1460,0,1061800
1896541,800,800,800,1460,0,1062600
1898001,800,800,800,1460,0,1063400
1899461,800,800,800,1460,0,1064200
1900921,800,800,800,1460,0,1065000
1902381,800,800,800,1460,0,1065800
1903841,800,800,800,1460,0,1066600
1905301,800,800,800,1460,0,1067400
1906761,800,800,800,1460,0,1068200
1908221,800,800,800,1460,0,1069000
1909681,800,800,800,1460,0,1069800
1911141,800,800,800,1460,0,1070600
1912601,800,800,800,1460,0,1071400
1914061,800,800,800,1460,0,1072200
1915521,800,800,800,1460,0,1073000
1916981,800,800,800,1460,0,1073800
1918441,800,800,800,1460,0,1074600
1919901,800,800,800,1460,0,1075400
1921361,800,800,800,1460,0,1076200
1922821,800,800,800,1460,0,1077000
1924281,800,800,800,1460,0,1077800
1925741,800,800,800,1460,0,1078600
1927201,800,800,800,1460,0,1079400
1928661,800,800,800,1460,0,1080200
1930121,800,800,800,1460,0,1081000
1931581,800,800,800,1460,0,1081800
1933041,800,800,800,1460,0,1082600
1934501,800,800,800,1460,0,1083400
1935961,800,800,800,1460,0,1084200
1937421,800,800,800,1460,0,1085000
1938881,800,800,800,1460,0,1085800
1940341,800,800,800,1460,0,1086600
1941801,800,800,800,1460,0,1087400
1943261,800,800,800,1460,0,1088200
1944721,800,800,800,1460,0,1089000
1946181,800,800,800,1460,0,1089800
1947641,800,800,800,1460,0,1090600
1949101,800,800,800,1460,0,1091400
1950561,800,800,800,1460,0,1092200
1952021,800,800,800,1460,0,1093000
1953481,800,800,800,1460,0,1093800
1954941,800,800,800,1460,0,1094600
1956401,800,800,800,1460,0,1095400
1957861,800,800,800,1460,0,1096200
1959321,800,800,800,1460,0,1097000
1960781,800,800,800,1460,0,1097800
1962241,800,800,800,1460,0,1098600
1963701,800,800,800,1460,0,1099400
1965161,800,800,800,1460,0,1100200
1966621,800,800,800,1460,0,1101000
1968081,800,800,800,1460,0,1101800
1969541,800,800,800,1460,0,1102600
1971001,800,800,800,1460,0,1103400
1972461,800,800,800,1460,0,1104200
1973921,800,800,800,1460,0,1105000
1975381,800,800,800,1460,0,1105800
1976841,800,800,800,1460,0,1106600
1978301,800,800,800,1460,0,1107400
1979761,800,800,800,1460,0,1108200
1981221,800,800,800,1460,0,1109000
1982681,800,800,800,1460,0,1109800
1984141,800,800,800,1460,0,1110600
1985601,800,800,800,1460,0,1111400
1987061,800,800,800,1460,0,1112200
1988521,800,800,800,1460,0,1113000
1989981,800,800,800,1460,0,1113800
1991441,800,800,800,1460,0,1114600
1992901,800,800,800,1460,0,1115400
1994361,800,800,800,1460,0,1116200
1995821,800,800,800,1460,0,1117000
1997281,800,800,800,1460,0,1117800
1998741,800,800,800,1460,0,1118600
2000201,800,800,800,1460,0,1119400
2001661,800,800,800,1460,0,1120200
2003121,800,800,800,1460,0,1121000
2004581,800,800,800,1460,0,1121800
2006041,800,800,800,1460,0,1122600
2007501,800,800,800,1460,0,1123400
2008961,800,800,800,1460,0,1124200
2010421,800,800,800,1460,0,1125000
2011881,800,800,800,1460,0,1125800
2013341,800,800,800,1460,0,1126600
2014801,800,800,800,1460,0,1127400
2016261,800,800,800,1460,0,1128200
2017721,800,800,800,1460,0,1129000
2019181,800,800,800,1460,0,1129800
2020641,800,800,800,1460,0,1130600
2022101,800,800,800,1460,0,1131400
2023561,800,800,800,1460,0,1132200
2025021,800,800,800,1460,0,1133000
2026481,800,800,800,1460,0,1133800
2027941,800,800,800,1460,0,1134600
2029401,800,800,800,1460,0,1135400
2030861,800,800,800,1460,0,1136200
2032321,800,800,800,1460,0,1137000
2033781,800,800,800,1460,0,1137800
2035241,800,800,800,1460,0,1138600
2036701,800,800,800,1460,0,1139400
2038161,800,800,800,1460,0,1140200
2039621,800,800,800,1460,0,1141000
2041081,800,800,800,1460,0,1141800
2042541,800,800,800,1460,0,1142600
2044001,800,800,800,1460,0,1143400
2045461,800,800,800,1460,0,1144200
2046921,800,800,800,1460,0,1145000
2048381,800,800,800,1460,0,1145800
2049841,800,800,800,1460,0,1146600
2051301,800,800,800,1460,0,1147400
2052761,800,800,800,1460,0,1148200
2054221,800,800,800,1460,0,1149000
2055681,800,800,800,1460,0,1149800
2057141,800,800,800,1460,0,1150600
2058601,800,800,800,1460,0,1151400
2060061,800,800,800,1460,0,1152200
2061521,800,800,800,1460,0,1153000
2062981,800,800,800,1460,0,1153800
2064441,800,800,800,1460,0,1154600
2065901,800,800,800,1460,0,1155400
2067361,800,800,800,1460,0,1156200
2068821,800,800,800,1460,0,1157000
2070281,800,800,800,1460,0,1157800
2071741,800,800,800,1460,0,1158600
2073201,800,800,800,1460,0,1159400
2074661,800,800,800,1460,0,1160200
2076121,800,800,800,1460,0,1161000
2077581,800,800,800,1460,0,1161800
2079041,800,800,800,1460,0,1162600
2080501,800,800,800,1460,0,1163400
2081961,800,800,800,1460,0,1164200
2083421,800,800,800,1460,0,1165000
2084881,800,800,800,1460,0,1165800
2086341,800,800,800,1460,0,1166600
2087801,800,800,800,1460,0,1167400
2089261,800,800,800,1460,0,1168200
2090721,800,800,800,1460,0,1169000
2092181,800,800,800,1460,0,1169800
2093641,800,800,800,1460,0,1170600
2095101,800,800,800,1460,0,1171400
2096561,800,800,800,1460,0,1172200
2098021,800,800,800,1460,0,1173000
2099481,800,800,800,1460,0,1173800
2100941,800,800,800,1460,0,1174600
2102401,800,800,800,1460,0,1175400
2103861,800,800,800,1460,0,1176200
2105321,800,800,800,1460,0,1177000
2106781,800,800,800,1460,0,1177800
2108241,800,800,800,1460,0,1178600
2109701,800,800,800,1460,0,1179400
2111161,800,800,800,1460,0,1180200
2112621,800,800,800,1460,0,1181000
2114081,800,800,800,1460,0,1181800
2115541,800,800,800,1460,0,1182600
2117001,800,800,800,1460,0,1183400
2118461,800,800,800,1460,0,1184200
2119921,800,800,800,1460,0,1185000
2121381,800,800,800,1460,0,1185800
2122841,800,800,800,1460,0,1186600
2124301,800,800,800,1460,0,1187400
2125761,800,800,800,1460,0,1188200
2127221,800,800,800,1460,0,1189000
2128681,800,800,800,1460,0,1189800
2130141,800,800,800,1460,0,1190600
2131601,800,800,800,1460,0,1191400
2133061,800,800,800,1460,0,1192200
2134521,800,800,800,1460,0,1193000
2135981,800,800,800,1460,0,1193800
2137441,800,800,800,1460,0,1194600
2138901,800,800,800,1460,0,1195400
2140361,800,800,800,1460,0,1196200
2141821,800,800,800,1460,0,1197000
2143281,800,800,800,1460,0,1197800
2144741,800,800,800,1460,0,1198600
2146201,800,800,800,1460,0,1199400
2147661,800,800,800,1460,0,1200200
2149121,800,800,800,1460,0,1201000
2150581,800,800,800,1460,0,1201800
2152041,800,800,800,1460,0,1202600
2153501,800,800,800,1460,0,1203400
2154961,800,800,800,1460,0,1204200
2156421,800,800,800,1460,0,1205000
2157881,800,800,800,1460,0,1205800
2159341,800,800,800,1460,0,1206600
2160801,800,800,800,1460,0,1207400
2162261,800,800,800,1460,0,1208200
2163721,800,800,800,1460,0,1209000
2165181,800,800,800,1460,0,1209800
2166641,800,800,800,1460,0,1210600
2168101,800,800,800,1460,0,1211400
2169561,800,800,800,1460,0,1212200
2171021,800,800,800,1460,0,1213000
2172481,800,800,800,1460,0,1213800
2173941,800,800,800,1460,0,1214600
2175401,800,800,800,1460,0,1215400
2176861,800,800,800,1460,0,1216200
2178321,800,800,800,1460,0,1217000
2179781,800,800,800,1460,0,1217800
2181241,800,800,800,1460,0,1218600
2182701,800,800,800,1460,0,1219400
2184161,800,800,800,1460,0,1220200
2185621,800,800,800,1460,0,1221000
2187081,800,800,800,1460,0,1221800
2188541,800,800,800,1460,0,1222600
2190001,800,800,800,1460,0,1223400
2191461,800,800,800,1460,0,1224200
2192921,800,800,800,1460,0,1225000
2194381,800,800,800,1460,0,1225800
2195841,800,800,800,1460,0,1226600
2197301,800,800,800,1460,0,1227400
2198761,800,800,800,1460,0,1228200
2200221,800,800,800,1460,0,1229000
2201681,800,800,800,1460,0,1229800
2203141,800,800,800,1460,0,1230600
2204601,800,800,800,1460,0,1231400
2206061,800,800,800,1460,0,1232200
2207521,800,800,800,1460,0,1233000
2208981,800,800,800,1460,0,1233800
2210441,800,800,800,1460,0,1234600
2211901,800,800,800,1460,0,1235400
2213361,800,800,800,1460,0,1236200
2214821,800,800,800,1460,0,1237000
2216281,800,800,800,1460,0,1237800
2217741,800,800,800,1460,0,1238600
2219201,800,800,800,1460,0,1239400
2220661,800,800,800,1460,0,1240200
2222121,800,800,800,1460,0,1241000
2223581,800,800,800,1460,0,1241800
2225041,800,800,800,1460,0,1242600
2226501,800,800,800,1460,0,1243400
2227961,800,800,800,1460,0,1244200
2229421,800,800,800,1460,0,1245000
2230881,800,800,800,1460,0,1245800
2232341,800,800,800,1460,0,1246600
2233801,800,800,800,1460,0,1247400
2235261,800,800,800,1460,0,1248200
2236721,800,800,800,1460,0,1249000
2238181,800,800,800,1460,0,1249800
2239641,800,800,800,1460,0,1250600
2241101,800,800,800,1460,0,1251400
2242561,800,800,800,1460,0,1252200
2244021,800,800,800,1460,0,1253000
2245481,800,800,800,1460,0,1253800
2246941,800,800,800,1460,0,1254600
2248401,800,800,800,1460,0,1255400
2249861,800,800,800,1460,0,1256200
2251321,800,800,800,1460,0,1257000
2252781,800,800,800,1460,0,1257800
2254241,800,800,800,1460,0,1258600
2255701,800,800,800,1460,0,1259400
2257161,800,800,800,1460,0,1260200
2258621,800,800,800,1460,0,1261000
2260081,800,800,800,1460,0,1261800
2261541,800,800,800,1460,0,1262600
2263001,800,800,800,1460,0,1263400
2264461,800,800,800,1460,0,1264200
2265921,800,800,800,1460,0,1265000
2267381,800,800,800,1460,0,1265800
2268841,800,800,800,1460,0,1266600
2270301,800,800,800,1460,0,1267400
2271761,800,800,800,1460,0,1268200
2273221,800,800,800,1460,0,1269000
2274681,800,800,800,1460,0,1269800
2276141,800,800,800,1460,0,1270600
2277601,800,800,800,1460,0,1271400
2279061,800,800,800,1460,0,1272200
2280521,800,800,800,1460,0,1273000
2281981,800,800,800,1460,0,1273800
2283441,800,800,800,1460,0,1274600
2284901,800,800,800,1460,0,1275400
2286361,800,800,800,1460,0,1276200
2287821,800,800,800,1460,0,1277000
2289281,800,800,800,1460,0,1277800
2290741,800,800,800,1460,0,1278600
2292201,800,800,800,1460,0,1279400
2293661,800,800,800,1460,0,1280200
2295121,800,800,800,1460,0,1281000
2296581,800,800,800,1460,0,1281800
2298041,800,800,800,1460,0,1282600
2299501,800,800,800,1460,0,1283400
2300961,800,800,800,1460,0,1284200
2302421,800,800,800,1460,0,1285000
2303881,800,800,800,1460,0,1285800
2305341,800,800,800,1460,0,1286600
2306801,800,800,800,1460,0,1287400
2308261,800,800,800,1460,0,1288200
2309721,800,800,800,1460,0,1289000
2311181,800,800,800,1460,0,1289800
2312641,800,800,800,1460,0,1290600
2314101,800,800,800,1460,0,1291400
2315561,800,800,800,1460,0,1292200
2317021,800,800,800,1460,0,1293000
2318481,800,800,800,1460,0,1293800
2319941,800,800,800,1460,0,1294600
2321401,800,800,800,1460,0,1295400
2322861,800,800,800,1460,0,1296200
2324321,800,800,800,1460,0,1297000
2325781,800,800,800,1460,0,1297800
2327241,800,800,800,1460,0,1298600
2328701,800,800,800,1460,0,1299400
2330161,800,800,800,1460,0,1300200
2331621,800,800,800,1460,0,1301000
2333081,800,800,800,1460,0,1301800
2334541,800,800,800,1460,0,1302600
2336001,800,800,800,1460,0,1303400
2337461,800,800,800,1460,0,1304200
2338921,800,800,800,1460,0,1305000
2340381,800,800,800,1460,0,1305800
2341841,800,800,800,1460,0,1306600
2343301,800,800,800,1460,0,1307400
2344761,800,800,800,1460,0,1308200
2346221,800,800,800,1460,0,1309000
2347681,800,800,800,1460,0,1309800
2349141,800,800,800,1460,0,1310600
2350601,800,800,800,1460,0,1311400
2352061,800,800,800,1460,0,1312200
2353521,800,800,800,1460,0,1313000
2354981,800,800,800,1460,0,1313800
2356441,800,800,800,1460,0,1314600
2357901,800,800,800,1460,0,1315400
2359361,800,800,800,1460,0,1316200
2360821,800,800,800,1460,0,1317000
2362281,800,800,800,1460,0,1317800
2363741,800,800,800,1460,0,1318600
2365201,800,800,800,1460,0,1319400
2366661,800,800,800,1460,0,1320200
2368121,800,800,800,1460,0,1321000
2369581,800,800,800,1460,0,1321800
2371041,800,800,800,1460,0,1322600
2372501,800,800,800,1460,0,1323400
2373961,800,800,800,1460,0,1324200
2375421,800,800,800,1460,0,1325000
2376881,800,800,800,1460,0,1325800
2378341,800,800,800,1460,0,1326600
2379801,800,800,800,1460,0,1327400
2381261,800,800,800,1460,0,1328200
2382721,800,800,800,1460,0,1329000
2384181,800,800,800,1460,0,1329800
2385641,800,800,800,1460,0,1330600
2387101,800,800,800,1460,0,1331400
2388561,800,800,800,1460,0,1332200
2390021,800,800,800,1460,0,1333000
2391481,800,800,800,1460,0,1333800
2392941,800,800,800,1460,0,1334600
2394401,800,800,800,1460,0,1335400
2395861,800,800,800,1460,0,1336200
2397321,800,800,800,1460,0,1337000
2398781,800,800,800,1460,0,1337800
2400241,800,800,800,1460,0,1338600
2401701,800,800,800,1460,0,1339400
2403161,800,800,800,1460,0,1340200
2404621,800,800,800,1460,0,1341000
2406081,800,800,800,1460,0,1341800
2407541,800,800,800,1460,0,1342600
2409001,800,800,800,1460,0,1343400
2410461,800,800,800,1460,0,1344200
2411921,800,800,800,1460,0,1345000
2413381,800,800,800,1460,0,1345800
2414841,800,800,800,1460,0,1346600
2416301,800,800,800,1460,0,1347400
2417761,800,800,800,1460,0,1348200
2419221,800,800,800,1460,0,1349000
2420681,800,800,800,1460,0,1349800
2422141,800,800,800,1460,0,1350600
2423601,800,800,800,1460,0,1351400
2425061,800,800,800,1460,0,1352200
2426521,800,800,800,1460,0,1353000
2427981,800,800,800,1460,0,1353800
2429441,800,800,800,1460,0,1354600
2430901,800,800,800,1460,0,1355400
2432361,800,800,800,1460,0,1356200
2433821,800,800,800,1460,0,1357000
2435281,800,800,800,1460,0,1357800
2436741,800,800,800,1460,0,1358600
2438201,800,800,800,1460,0,1359400
2439661,800,800,800,1460,0,1360200
2441121,800,800,800,1460,0,1361000
2442581,800,800,800,1460,0,1361800
2444041,800,800,800,1460,0,1362600
2445501,800,800,800,1460,0,1363400
2446961,800,800,800,1460,0,1364200
2448421,800,800,800,1460,0,1365000
2449881,800,800,800,1460,0,1365800
2451341,800,800,800,1460,0,1366600
2452801,800,800,800,1460,0,1367400
2454261,800,800,800,1460,0,1368200
2455721,800,800,800,1460,0,1369000
2457181,800,800,800,1460,0,1369800
2458641,800,800,800,1460,0,1370600
2460101,800,800,800,1460,0,1371400
2461561,800,800,800,1460,0,1372200
2463021,800,800,800,1460,0,1373000
2464481,800,800,800,1460,0,1373800
2465941,800,800,800,1460,0,1374600
2467401,800,800,800,1460,0,1375400
2468861,800,800,800,1460,0,1376200
2470321,800,800,800,1460,0,1377000
2471781,800,800,800,1460,0,1377800
2473241,800,800,800,1460,0,1378600
2474701,800,800,800,1460,0,1379400
2476161,800,800,800,1460,0,1380200
2477621,800,800,800,1460,0,1381000
2479081,800,800,800,1460,0,1381800
2480541,800,800,800,1460,0,1382600
2482001,800,800,800,1460,0,1383400
2483461,800,800,800,1460,0,1384200
2484921,800,800,800,1460,0,1385000
2486381,800,800,800,1460,0,1385800
2487841,800,800,800,1460,0,1386600
2489301,800,800,800,1460,0,1387400
2490761,800,800,800,1460,0,1388200
2492221,800,800,800,1460,0,1389000
2493681,800,800,800,1460,0,1389800
2495141,800,800,800,1460,0,1390600
2496601,800,800,800,1460,0,1391400
2498061,800,800,800,1460,0,1392200
2499521,800,800,800,1460,0,1393000
2500981,800,800,800,1460,0,1393800
2502441,800,800,800,1460,0,1394600
2503901,800,800,800,1460,0,1395400
2505361,800,800,800,1460,0,1396200
2506821,800,800,800,1460,0,1397000
2508281,800,800,800,1460,0,1397800
2509741,800,800,800,1460,0,1398600
2511201,800,800,800,1460,0,1399400
2512661,800,800,800,1460,0,1400200
2514121,800,800,800,1460,0,1401000
2515581,800,800,800,1460,0,1401800
2517041,800,800,800,1460,0,1402600
2518501,800,800,800,1460,0,1403400
2519961,800,800,800,1460,0,1404200
2521421,800,800,800,1460,0,1405000
2522881,800,800,800,1460,0,1405800
2524341,800,800,800,1460,0,1406600
2525801,800,800,800,1460,0,1407400
2527261,800,800,800,1460,0,1408200
2528721,800,800,800,1460,0,1409000
2530181,800,800,800,1460,0,1409800
2531641,800,800,800,1460,0,1410600
2533101,800,800,800,1460,0,1411400
2534561,800,800,800,1460,0,1412200
2536021,800,800,800,1460,0,1413000
2537481,800,800,800,1460,0,1413800
2538941,800,800,800,1460,0,1414600
2540401,800,800,800,1460,0,1415400
2541861,800,800,800,1460,0,1416200
2543321,800,800,800,1460,0,1417000
2544781,800,800,800,1460,0,1417800
2546241,800,800,800,1460,0,1418600
2547701,800,800,800,1460,0,1419400
2549161,800,800,800,1460,0,1420200
2550621,800,800,800,1460,0,1421000
2552081,800,800,800,1460,0,1421800
2553541,800,800,800,1460,0,1422600
2555001,800,800,800,1460,0,1423400
2556461,800,800,800,1460,0,1424200
2557921,800,800,800,1460,0,1425000
2559381,800,800,800,1460,0,1425800
2560841,800,800,800,1460,0,1426600
2562301,800,800,800,1460,0,1427400
2563761,800,800,800,1460,0,1428200
2565221,800,800,800,1460,0,1429000
2566681,800,800,800,1460,0,1429800
2568141,800,800,800,1460,0,1430600
2569601,800,800,800,1460,0,1431400
2571061,800,800,800,1460,0,1432200
2572521,800,800,800,1460,0,1433000
2573981,800,800,800,1460,0,1433800
2575441,800,800,800,1460,0,1434600
2576901,800,800,800,1460,0,1435400
2578361,800,800,800,1460,0,1436200
2579821,800,800,800,1460,0,1437000
2581281,800,800,800,1460,0,1437800
2582741,800,800,800,1460,0,1438600
2584201,800,800,800,1460,0,1439400
2585661,800,800,800,1460,0,1440200
2587121,800,800,800,1460,0,1441000
2588581,800,800,800,1460,0,1441800
2590041,800,800,800,1460,0,1442600
2591501,800,800,800,1460,0,1443400
2592961,800,800,800,1460,0,1444200
2594421,800,800,800,1460,0,1445000
2595881,800,800,800,1460,0,1445800
2597341,800,800,800,1460,0,1446600
2598801,800,800,800,1460,0,1447400
2600261,800,800,800,1460,0,1448200
2601721,800,800,800,1460,0,1449000
2603181,800,800,800,1460,0,1449800
2604641,800,800,800,1460,0,1450600
2606101,800,800,800,1460,0,1451400
2607561,800,800,800,1460,0,1452200
2609021,800,800,800,1460,0,1453000
2610481,800,800,800,1460,0,1453800
2611941,800,800,800,1460,0,1454600
2613401,800,800,800,1460,0,1455400
2614861,800,800,800,1460,0,1456200
2616321,800,800,800,1460,0,1457000
2617781,800,800,800,1460,0,1457800
2619241,800,800,800,1460,0,1458600
2620701,800,800,800,1460,0,1459400
2622161,800,800,800,1460,0,1460200
2623621,800,800,800,1460,0,1461000
2625081,800,800,800,1460,0,1461800
2626541,800,800,800,1460,0,1462600
2628001,800,800,800,1460,0,1463400
2629461,800,800,800,1460,0,1464200
2630921,800,800,800,1460,0,1465000
2632381,800,800,800,1460,0,1465800
2633841,800,800,800,1460,0,1466600
2635301,800,800,800,1460,0,1467400
2636761,800,800,800,1460,0,1468200
2638221,800,800,800,1460,0,1469000
2639681,800,800,800,1460,0,1469800
2641141,800,800,800,1460,0,1470600
2642601,800,800,800,1460,0,1471400
2644061,800,800,800,1460,0,1472200
2645521,800,800,800,1460,0,1473000
2646981,800,800,800,1460,0,1473800
2648441,800,800,800,1460,0,1474600
2649901,800,800,800,1460,0,1475400
2651361,800,800,800,1460,0,1476200
2652821,800,800,800,1460,0,1477000
2654281,800,800,800,1460,0,1477800
2655741,800,800,800,1460,0,1478600
2657201,800,800,800,1460,0,1479400
2658661,800,800,800,1460,0,1480200
2660121,800,800,800,1460,0,1481000
2661581,800,800,800,1460,0,1481800
2663041,800,800,800,1460,0,1482600
2664501,800,800,800,1460,0,1483400
2665961,800,800,800,1460,0,1484200
2667421,800,800,800,1460,0,1485000
2668881,800,800,800,1460,0,1485800
2670341,800,800,800,1460,0,1486600
2671801,800,800,800,1460,0,1487400
2673261,800,800,800,1460,0,1488200
2674721,800,800,800,1460,0,1489000
2676181,800,800,800,1460,0,1489800
2677641,800,800,800,1460,0,1490600
2679101,800,800,800,1460,0,1491400
2680561,800,800,800,1460,0,1492200
2682021,800,800,800,1460,0,1493000
2683481,800,800,800,1460,0,1493800
2684941,800,800,800,1460,0,1494600
2686401,800,800,800,1460,0,1495400
2687861,800,800,800,1460,0,1496200
2689321,800,800,800,1460,0,1497000
2690781,800,800,800,1460,0,1497800
2692241,800,800,800,1460,0,1498600
2693701,800,800,800,1460,0,1499400
2695161,800,800,800,1460,0,1500200
2696621,800,800,800,1460,0,1501000
2698081,800,800,800,1460,0,1501800
2699541,800,800,800,1460,0,1502600
2701001,800,800,800,1460,0,1503400
2702461,800,800,800,1460,0,1504200
2703921,800,800,800,1460,0,1505000
2705381,800,800,800,1460,0,1505800
2706841,800,800,800,1460,0,1506600
2708301,800,800,800,1460,0,1507400
2709761,800,800,800,1460,0,1508200
2711221,800,800,800,1460,0,1509000
2712681,800,800,800,1460,0,1509800
2714141,800,800,800,1460,0,1510600
2715601,800,800,800,1460,0,1511400
2717061,800,800,800,1460,0,1512200
2718521,800,800,800,1460,0,1513000
2719981,800,800,800,1460,0,1513800
2721441,800,800,800,1460,0,1514600
2722901,800,800,800,1460,0,1515400
2724361,800,800,800,1460,0,1516200
2725821,800,800,800,1460,0,1517000
2727281,800,800,800,1460,0,1517800
2728741,800,800,800,1460,0,1518600
2730201,800,800,800,1460,0,1519400
2731661,800,800,800,1460,0,1520200
2733121,800,800,800,1460,0,1521000
2734581,800,800,800,1460,0,1521800
2736041,800,800,800,1460,0,1522600
2737501,800,800,800,1460,0,1523400
2738961,800,800,800,1460,0,1524200
2740421,800,800,800,1460,0,1525000
2741881,800,800,800,1460,0,1525800
2743341,800,800,800,1460,0,1526600
2744801,800,800,800,1460,0,1527400
2746261,800,800,800,1460,0,1528200
2747721,800,800,800,1460,0,1529000
2749181,800,800,800,1460,0,1529800
2750641,800,800,800,1460,0,1530600
2752101,800,800,800,1460,0,1531400
2753561,800,800,800,1460,0,1532200
2755021,800,800,800,1460,0,1533000
2756481,800,800,800,1460,0,1533800
2757941,800,800,800,1460,0,1534600
2759401,800,800,800,1460,0,1535400
2760861,800,800,800,1460,0,1536200
2762321,800,800,800,1460,0,1537000
2763781,800,800,800,1460,0,1537800
2765241,800,800,800,1460,0,1538600
2766701,800,800,800,1460,0,1539400
2768161,800,800,800,1460,0,1540200
2769621,800,800,800,1460,0,1541000
2771081,800,800,800,1460,0,1541800
2772541,800,800,800,1460,0,1542600
2774001,800,800,800,1460,0,1543400
2775461,800,800,800,1460,0,1544200
2776921,800,800,800,1460,0,1545000
2778381,800,800,800,1460,0,1545800
2779841,800,800,800,1460,0,1546600
2781301,800,800,800,1460,0,1547400
2782761,800,800,800,1460,0,1548200
2784221,800,800,800,1460,0,1549000
2785681,800,800,800,1460,0,1549800
2787141,800,800,800,1460,0,1550600
2788601,800,800,800,1460,0,1551400
2790061,800,800,800,1460,0,1552200
2791521,800,800,800,1460,0,1553000
2792981,800,800,800,1460,0,1553800
2794441,800,800,800,1460,0,1554600
2795901,800,800,800,1460,0,1555400
2797361,800,800,800,1460,0,1556200
2798821,800,800,800,1460,0,1557000
2800281,800,800,800,1460,0,1557800
2801741,800,800,800,1460,0,1558600
2803201,800,800,800,1460,0,1559400
2804661,800,800,800,1460,0,1560200
2806121,800,800,800,1460,0,1561000
2807581,800,800,800,1460,0,1561800
2809041,800,800,800,1460,0,1562600
2810501,800,800,800,1460,0,1563400
2811961,800,800,800,1460,0,1564200
2813421,800,800,800,1460,0,1565000
2814881,800,800,800,1460,0,1565800
2816341,800,800,800,1460,0,1566600
2817801,800,800,800,1460,0,1567400
2819261,800,800,800,1460,0,1568200
2820721,800,800,800,1460,0,1569000
2822181,800,800,800,1460,0,1569800
2823641,800,800,800,1460,0,1570600
2825101,800,800,800,1460,0,1571400
2826561,800,800,800,1460,0,1572200
2828021,800,800,800,1460,0,1573000
2829481,800,800,800,1460,0,1573800
2830941,800,800,800,1460,0,1574600
2832401,800,800,800,1460,0,1575400
2833861,800,800,800,1460,0,1576200
2835321,800,800,800,1460,0,1577000
2836781,800,800,800,1460,0,1577800
2838241,800,800,800,1460,0,1578600
2839701,800,800,800,1460,0,1579400
2841161,800,800,800,1460,0,1580200
2842621,800,800,800,1460,0,1581000
2844081,800,800,800,1460,0,1581800
2845541,800,800,800,1460,0,1582600
2847001,800,800,800,1460,0,1583400
2848461,800,800,800,1460,0,1584200
2849921,800,800,800,1460,0,1585000
2851381,800,800,800,1460,0,1585800
2852841,800,800,800,1460,0,1586600
2854301,800,800,800,1460,0,1587400
2855761,800,800,800,1460,0,1588200
2857221,800,800,800,1460,0,1589000
2858681,800,800,800,1460,0,1589800
2860141,800,800,800,1460,0,1590600
2861601,800,800,800,1460,0,1591400
2863061,800,800,800,1460,0,1592200
2864521,800,800,800,1460,0,1593000
2865981,800,800,800,1460,0,1593800
2867441,800,800,800,1460,0,1594600
2868901,800,800,800,1460,0,1595400
2870361,800,800,800,1460,0,1596200
2871821,800,800,800,1460,0,1597000
2873281,800,800,800,1460,0,1597800
2874741,800,800,800,1460,0,1598600
2876201,800,800,800,1460,0,1599400
2877661,800,800,800,1460,0,1600200
2879121,800,800,800,1460,0,1601000
2880581,800,800,800,1460,0,1601800
2882041,800,800,800,1460,0,1602600
2883501,800,800,800,1460,0,1603400
2884961,800,800,800,1460,0,1604200
2886421,800,800,800,1460,0,1605000
2887881,800,800,800,1460,0,1605800
2889341,800,800,800,1460,0,1606600
2890801,800,800,800,1460,0,1607400
2892261,800,800,800,1460,0,1608200
2893721,800,800,800,1460,0,1609000
2895181,800,800,800,1460,0,1609800
2896641,800,800,800,1460,0,1610600
2898101,800,800,800,1460,0,1611400
2899561,800,800,800,1460,0,1612200
2901021,800,800,800,1460,0,1613000
2902481,800,800,800,1460,0,1613800
2903941,800,800,800,1460,0,1614600
2905401,800,800,800,1460,0,1615400
2906861,800,800,800,1460,0,1616200
2908321,800,800,800,1460,0,1617000
2909781,800,800,800,1460,0,1617800
2911241,800,800,800,1460,0,1618600
2912701,800,800,800,1460,0,1619400
2914161,800,800,800,1460,0,1620200
2915621,800,800,800,1460,0,1621000
2917081,800,800,800,1460,0,1621800
2918541,800,800,800,1460,0,1622600
2920001,800,800,800,1460,0,1623400
2921461,800,800,800,1460,0,1624200
2922921,800,800,800,1460,0,1625000
2924381,800,800,800,1460,0,1625800
2925841,800,800,800,1460,0,1626600
2927301,800,800,800,1460,0,1627400
2928761,800,800,800,1460,0,1628200
2930221,800,800,800,1460,0,1629000
2931681,800,800,800,1460,0,1629800
2933141,800,800,800,1460,0,1630600
2934601,800,800,800,1460,0,1631400
2936061,800,800,800,1460,0,1632200
2937521,800,800,800,1460,0,1633000
2938981,800,800,800,1460,0,1633800
2940441,800,800,800,1460,0,1634600
2941901,800,800,800,1460,0,1635400
2943361,800,800,800,1460,0,1636200
2944821,800,800,800,1460,0,1637000
2946281,800,800,800,1460,0,1637800
2947741,800,800,800,1460,0,1638600
2949201,800,800,800,1460,0,1639400
2950661,800,800,800,1460,0,1640200
2952121,800,800,800,1460,0,1641000
2953581,800,800,800,1460,0,1641800
2955041,800,800,800,1460,0,1642600
2956501,800,800,800,1460,0,1643400
2957961,800,800,800,1460,0,1644200
2959421,800,800,800,1460,0,1645000
2960881,800,800,800,1460,0,1645800
2962341,800,800,800,1460,0,1646600
2963801,800,800,800,1460,0,1647400
2965261,800,800,800,1460,0,1648200
2966721,800,800,800,1460,0,1649000
2968181,800,800,800,1460,0,1649800
2969641,800,800,800,1460,0,1650600
2971101,800,800,800,1460,0,1651400
2972561,800,800,800,1460,0,1652200
2974021,800,800,800,1460,0,1653000
2975481,800,800,800,1460,0,1653800
2976941,800,800,800,1460,0,1654600
2978401,800,800,800,1460,0,1655400
2979861,800,800,800,1460,0,1656200
2981321,800,800,800,1460,0,1657000
2982781,800,800,800,1460,0,1657800
2984241,800,800,800,1460,0,1658600
2985701,800,800,800,1460,0,1659400
2987161,800,800,800,1460,0,1660200
2988621,800,800,800,1460,0,1661000
2990081,800,800,800,1460,0,1661800
2991541,800,800,800,1460,0,1662600
2993001,800,800,800,1460,0,1663400
2994461,800,800,800,1460,0,1664200
2995921,800,800,800,1460,0,1665000
2997381,800,800,800,1460,0,1665800
2998841,800,800,800,1460,0,1666600
3000301,800,800,800,1460,0,1667400
3001761,800,800,800,1460,0,1668200
3003221,800,800,800,1460,0,1669000
3004681,800,800,800,1460,0,1669800
3006141,800,800,800,1460,0,1670600
3007601,800,800,800,1460,0,1671400
3009061,800,800,800,1460,0,1672200
3010521,800,800,800,1460,0,1673000
3011981,800,800,800,1460,0,1673800
3013441,800,800,800,1460,0,1674600
3014901,800,800,800,1460,0,1675400
3016361,800,800,800,1460,0,1676200
3017821,800,800,800,1460,0,1677000
3019281,800,800,800,1460,0,1677800
3020741,800,800,800,1460,0,1678600
3022201,800,800,800,1460,0,1679400
3023661,800,800,800,1460,0,1680200
3025121,800,800,800,1460,0,1681000
3026581,800,800,800,1460,0,1681800
3028041,800,800,800,1460,0,1682600
3029501,800,800,800,1460,0,1683400
3030961,800,800,800,1460,0,1684200
3032421,800,800,800,1460,0,1685000
3033881,800,800,800,1460,0,1685800
3035341,800,800,800,1460,0,1686600
3036801,800,800,800,1460,0,1687400
3038261,800,800,800,1460,0,1688200
3039721,800,800,800,1460,0,1689000
3041181,800,800,800,1460,0,1689800
3042641,800,800,800,1460,0,1690600
3044101,800,800,800,1460,0,1691400
3045561,800,800,800,1460,0,1692200
3047021,800,800,800,1460,0,1693000
3048481,800,800,800,1460,0,1693800
3049941,800,800,800,1460,0,1694600
3051401,800,800,800,1460,0,1695400
3052861,800,800,800,1460,0,1696200
3054321,800,800,800,1460,0,1697000
3055781,800,800,800,1460,0,1697800
3057241,800,800,800,1460,0,1698600
3058701,800,800,800,1460,0,1699400
3060161,800,800,800,1460,0,1700200
3061621,800,800,800,1460,0,1701000
3063081,800,800,800,1460,0,1701800
3064541,800,800,800,1460,0,1702600
3066001,800,800,800,1460,0,1703400
3067461,800,800,800,1460,0,1704200
3068921,800,800,800,1460,0,1705000
3070381,800,800,800,1460,0,1705800
3071841,800,800,800,1460,0,1706600
3073301,800,800,800,1460,0,1707400
3074761,800,800,800,1460,0,1708200
3076221,800,800,800,1460,0,1709000
3077681,800,800,800,1460,0,1709800
3079141,800,800,800,1460,0,1710600
3080601,800,800,800,1460,0,1711400
3082061,800,800,800,1460,0,1712200
3083521,800,800,800,1460,0,1713000
3084981,800,800,800,1460,0,1713800
3086441,800,800,800,1460,0,1714600
3087901,800,800,800,1460,0,1715400
3089361,800,800,800,1460,0,1716200
3090821,800,800,800,1460,0,1717000
3092281,800,800,800,1460,0,1717800
3093741,800,800,800,1460,0,1718600
3095201,800,800,800,1460,0,1719400
3096661,800,800,800,1460,0,1720200
3098121,800,800,800,1460,0,1721000
3099581,800,800,800,1460,0,1721800
3101041,800,800,800,1460,0,1722600
3102501,800,800,800,1460,0,1723400
3103961,800,800,800,1460,0,1724200
3105421,800,800,800,1460,0,1725000
3106881,800,800,800,1460,0,1725800
3108341,800,800,800,1460,0,1726600
3109801,800,800,800,1460,0,1727400
3111261,800,800,800,1460,0,1728200
3112721,800,800,800,1460,0,1729000
3114181,800,800,800,1460,0,1729800
3115641,800,800,800,1460,0,1730600
3117101,800,800,800,1460,0,1731400
3118561,800,800,800,1460,0,1732200
3120021,800,800,800,1460,0,1733000
3121481,800,800,800,1460,0,1733800
3122941,800,800,800,1460,0,1734600
3124401,800,800,800,1460,0,1735400
3125861,800,800,800,1460,0,1736200
3127321,800,800,800,1460,0,1737000
3128781,800,800,800,1460,0,1737800
3130241,800,800,800,1460,0,1738600
3131701,800,800,800,1460,0,1739400
3133161,800,800,800,1460,0,1740200
3134621,800,800,800,1460,0,1741000
3136081,800,800,800,1460,0,1741800
3137541,800,800,800,1460,0,1742600
3139001,800,800,800,1460,0,1743400
3140461,800,800,800,1460,0,1744200
3141921,800,800,800,1460,0,1745000
3143381,800,800,800,1460,0,1745800
3144841,800,800,800,1460,0,1746600
3146301,800,800,800,1460,0,1747400
3147761,800,800,800,1460,0,1748200
3149221,800,800,800,1460,0,1749000
3150681,800,800,800,1460,0,1749800
3152141,800,800,800,1460,0,1750600
3153601,800,800,800,1460,0,1751400
3155061,800,800,800,1460,0,1752200
3156521,800,800,800,1460,0,1753000
3157981,800,800,800,1460,0,1753800
3159441,800,800,800,1460,0,1754600
3160901,800,800,800,1460,0,1755400
3162361,800,800,800,1460,0,1756200
3163821,800,800,800,1460,0,1757000
3165281,800,800,800,1460,0,1757800
3166741,800,800,800,1460,0,1758600
3168201,800,800,800,1460,0,1759400
3169661,800,800,800,1460,0,1760200
3171121,800,800,800,1460,0,1761000
3172581,800,800,800,1460,0,1761800
3174041,800,800,800,1460,0,1762600
3175501,800,800,800,1460,0,1763400
3176961,800,800,800,1460,0,1764200
3178421,800,800,800,1460,0,1765000
3179881,800,800,800,1460,0,1765800
3181341,800,800,800,1460,0,1766600
3182801,800,800,800,1460,0,1767400
3184261,800,800,800,1460,0,1768200
3185721,800,800,800,1460,0,1769000
3187181,800,800,800,1460,0,1769800
3188641,800,800,800,1460,0,1770600
3190101,800,800,800,1460,0,1771400
3191561,800,800,800,1460,0,1772200
3193021,800,800,800,1460,0,1773000
3194481,800,800,800,1460,0,1773800
3195941,800,800,800,1460,0,1774600
3197401,800,800,800,1460,0,1775400
3198861,800,800,800,1460,0,1776200
3200321,800,800,800,1460,0,1777000
3201781,800,800,800,1460,0,1777800
3203241,800,800,800,1460,0,1778600
3204701,800,800,800,1460,0,1779400
3206161,800,800,800,1460,0,1780200
3207621,800,800,800,1460,0,1781000
3209081,800,800,800,1460,0,1781800
3210541,800,800,800,1460,0,1782600
3212001,800,800,800,1460,0,1783400
3213461,800,800,800,1460,0,1784200
3214921,800,800,800,1460,0,1785000
3216381,800,800,800,1460,0,1785800
3217841,800,800,800,1460,0,1786600
3219301,800,800,800,1460,0,1787400
3220761,800,800,800,1460,0,1788200
3222221,800,800,800,1460,0,1789000
3223681,800,800,800,1460,0,1789800
3225141,800,800,800,1460,0,1790600
3226601,800,800,800,1460,0,1791400
3228061,800,800,800,1460,0,1792200
3229521,800,800,800,1460,0,1793000
3230981,800,800,800,1460,0,1793800
3232441,800,800,800,1460,0,1794600
3233901,800,800,800,1460,0,1795400
3235361,800,800,800,1460,0,1796200
3236821,800,800,800,1460,0,1797000
3238281,800,800,800,1460,0,1797800
3239741,800,800,800,1460,0,1798600
3241201,800,800,800,1460,0,1799400
3242661,800,800,800,1460,0,1800200
3244121,800,800,800,1460,0,1801000
3245581,800,800,800,1460,0,1801800
3247041,800,800,800,1460,0,1802600
3248501,800,800,800,1460,0,1803400
3249961,800,800,800,1460,0,1804200
3251421,800,800,800,1460,0,1805000
3252881,800,800,800,1460,0,1805800
3254341,800,800,800,1460,0,1806600
3255801,800,800,800,1460,0,1807400
3257261,800,800,800,1460,0,1808200
3258721,800,800,800,1460,0,1809000
3260181,800,800,800,1460,0,1809800
3261641,800,800,800,1460,0,1810600
3263101,800,800,800,1460,0,1811400
3264561,800,800,800,1460,0,1812200
3266021,800,800,800,1460,0,1813000
3267481,800,800,800,1460,0,1813800
3268941,800,800,800,1460,0,1814600
3270401,800,800,800,1460,0,1815400
3271861,800,800,800,1460,0,1816200
3273321,800,800,800,1460,0,1817000
3274781,800,800,800,1460,0,1817800
3276241,800,800,800,1460,0,1818600
3277701,800,800,800,1460,0,1819400
3279161,800,800,800,1460,0,1820200
3280621,800,800,800,1460,0,1821000
